docked_file,ligand_RMSD_A
rec_11_mol0.pdb,3.0507508898299833
rec_11_mol1.pdb,2.567667457189323
rec_11_mol10.pdb,2.236722674333485
rec_11_mol11.pdb,1.9597267229233595
rec_11_mol12.pdb,1.8707749957267257
rec_11_mol13.pdb,3.108758490083012
rec_11_mol14.pdb,1.2025383014682531
rec_11_mol15.pdb,0.8965499453558685
rec_11_mol16.pdb,1.9141716681763372
rec_11_mol17.pdb,3.253843196060312
rec_11_mol18.pdb,2.445124670873661
rec_11_mol19.pdb,3.0704135152745446
rec_11_mol2.pdb,0.5287591299068999
rec_11_mol20.pdb,2.915694099569673
rec_11_mol21.pdb,3.3826400463224524
rec_11_mol22.pdb,1.9459568863833072
rec_11_mol23.pdb,1.5516399311245477
rec_11_mol24.pdb,1.3317337019851905
rec_11_mol25.pdb,1.5500382653448181
rec_11_mol26.pdb,2.288227927901762
rec_11_mol27.pdb,2.729136115504189
rec_11_mol28.pdb,1.5971546858499515
rec_11_mol29.pdb,0.8909013415628207
rec_11_mol3.pdb,1.910862502741274
rec_11_mol30.pdb,1.125863455542282
rec_11_mol31.pdb,3.441563302639381
rec_11_mol32.pdb,2.4305944574892853
rec_11_mol33.pdb,2.107438448440287
rec_11_mol34.pdb,3.5294018246233745
rec_11_mol35.pdb,2.7549999028095797
rec_11_mol36.pdb,2.317253225446497
rec_11_mol37.pdb,2.5969321583083573
rec_11_mol38.pdb,1.4811700977212836
rec_11_mol39.pdb,2.343989425683693
rec_11_mol4.pdb,0.6751359557015703
rec_11_mol42.pdb,0.6355415165630058
rec_11_mol43.pdb,3.3341761559680188
rec_11_mol44.pdb,2.442542688999934
rec_11_mol45.pdb,2.3762272979122043
rec_11_mol46.pdb,2.815905291954053
rec_11_mol47.pdb,3.115938650685051
rec_11_mol48.pdb,2.118646440077195
rec_11_mol49.pdb,2.857861050608244
rec_11_mol5.pdb,2.3410529796374457
rec_11_mol50.pdb,1.3733542935417336
rec_11_mol51.pdb,3.205601463123357
rec_11_mol52.pdb,0.9041481794398033
rec_11_mol53.pdb,3.5563902038840878
rec_11_mol54.pdb,1.198750257086176
rec_11_mol55.pdb,3.209405157375537
rec_11_mol56.pdb,0.7989452873674686
rec_11_mol57.pdb,2.341744520446422
rec_11_mol58.pdb,3.2089333714450934
rec_11_mol59.pdb,3.4276310336072005
rec_11_mol6.pdb,3.3371967058284153
rec_11_mol60.pdb,2.504053565062818
rec_11_mol61.pdb,1.2300175950364551
rec_11_mol62.pdb,2.861225350233072
rec_11_mol63.pdb,3.2523958998385694
rec_11_mol64.pdb,1.1791963174436955
rec_11_mol66.pdb,2.9100815749308335
rec_11_mol67.pdb,3.0880650929982205
rec_11_mol68.pdb,3.003096671033955
rec_11_mol69.pdb,2.3558238563021727
rec_11_mol7.pdb,1.8246961646174822
rec_11_mol70.pdb,3.376451969396622
rec_11_mol71.pdb,3.317943148093854
rec_11_mol72.pdb,2.7449049190101196
rec_11_mol73.pdb,2.568433197818842
rec_11_mol74.pdb,3.2572615521404074
rec_11_mol75.pdb,3.2429463355332935
rec_11_mol76.pdb,0.8337620061099352
rec_11_mol77.pdb,1.299218798660543
rec_11_mol79.pdb,1.1327214995764259
rec_11_mol8.pdb,1.9417584462373632
rec_11_mol80.pdb,3.379218967561866
rec_11_mol81.pdb,3.438631749701265
rec_11_mol82.pdb,0.4845622353944601
rec_11_mol83.pdb,1.1360484612751263
rec_11_mol85.pdb,3.29817599203293
rec_11_mol86.pdb,0.9223819176737617
rec_11_mol87.pdb,0.9871770797928267
rec_11_mol88.pdb,1.9050470325518427
rec_11_mol89.pdb,0.2809253066598592
rec_11_mol9.pdb,3.572724221853212
rec_11_mol90.pdb,3.1568681262603726
rec_11_mol91.pdb,3.804633008920821
rec_11_mol92.pdb,2.774666621059109
rec_11_mol93.pdb,2.6541692191520547
rec_11_mol94.pdb,2.9504155410690323
rec_11_mol95.pdb,2.149605197432919
rec_11_mol96.pdb,2.3174416100894275
rec_12_mol0.pdb,1.6092451695421532
rec_12_mol1.pdb,2.566121183113764
rec_12_mol10.pdb,1.2971481475726985
rec_12_mol11.pdb,1.9600216206098897
rec_12_mol12.pdb,2.8588718279162384
rec_12_mol13.pdb,3.132067936410829
rec_12_mol14.pdb,1.2008721840907246
rec_12_mol15.pdb,1.9520654392686099
rec_12_mol16.pdb,2.1469568534306473
rec_12_mol17.pdb,1.4198667246509495
rec_12_mol18.pdb,2.4449246869009036
rec_12_mol19.pdb,3.0751580875573232
rec_12_mol2.pdb,3.4536063925837985
rec_12_mol20.pdb,2.6744546154179045
rec_12_mol21.pdb,0.6891070449400093
rec_12_mol23.pdb,1.6198140316218719
rec_12_mol24.pdb,1.338948107206109
rec_12_mol25.pdb,1.9429955563254924
rec_12_mol26.pdb,2.288583039752966
rec_12_mol27.pdb,2.7314662475635534
rec_12_mol28.pdb,1.204023119715398
rec_12_mol29.pdb,0.9116257262643725
rec_12_mol3.pdb,1.615120347764473
rec_12_mol30.pdb,1.1283612644858583
rec_12_mol31.pdb,1.1419608421054463
rec_12_mol32.pdb,1.062135396843134
rec_12_mol33.pdb,2.5412516130303033
rec_12_mol34.pdb,1.2331651677117113
rec_12_mol35.pdb,2.7692420328992804
rec_12_mol36.pdb,1.0052343646366968
rec_12_mol37.pdb,2.5944022857245024
rec_12_mol39.pdb,2.770777507889241
rec_12_mol4.pdb,0.6839203301562311
rec_12_mol40.pdb,1.7541180446336657
rec_12_mol42.pdb,0.6225386566382585
rec_12_mol43.pdb,1.6933829151601623
rec_12_mol44.pdb,2.00461151499563
rec_12_mol45.pdb,2.4891931282759
rec_12_mol46.pdb,2.429096628099355
rec_12_mol47.pdb,3.158121274102608
rec_12_mol48.pdb,2.1186113884577367
rec_12_mol49.pdb,2.95461842439135
rec_12_mol5.pdb,1.0052595933040818
rec_12_mol50.pdb,2.248912083135919
rec_12_mol51.pdb,1.6012597074708266
rec_12_mol52.pdb,0.5524203783698308
rec_12_mol54.pdb,1.49448882324268
rec_12_mol55.pdb,3.2345647087845593
rec_12_mol56.pdb,0.7975428640792679
rec_12_mol57.pdb,2.3483766366875516
rec_12_mol58.pdb,1.250852513429702
rec_12_mol59.pdb,1.448629647291393
rec_12_mol6.pdb,2.8807600900035526
rec_12_mol60.pdb,1.560883506056729
rec_12_mol61.pdb,1.544817358324846
rec_12_mol62.pdb,0.5788883082667965
rec_12_mol63.pdb,3.254665970577021
rec_12_mol64.pdb,1.1730317070800114
rec_12_mol65.pdb,2.5871880635678735
rec_12_mol66.pdb,2.982306761848577
rec_12_mol67.pdb,1.7269753950738183
rec_12_mol68.pdb,1.7612904477782783
rec_12_mol69.pdb,2.3010352014486495
rec_12_mol70.pdb,0.6808513372546011
rec_12_mol71.pdb,1.5775845446733854
rec_12_mol72.pdb,2.546917122286395
rec_12_mol73.pdb,1.066035606829509
rec_12_mol74.pdb,0.6949662878803331
rec_12_mol75.pdb,2.6619224297220816
rec_12_mol76.pdb,0.8214908552728658
rec_12_mol77.pdb,1.7990394786292905
rec_12_mol79.pdb,1.2148286166844169
rec_12_mol8.pdb,2.9741948538481044
rec_12_mol80.pdb,1.7214447862970623
rec_12_mol81.pdb,0.9977888513851895
rec_12_mol82.pdb,0.9305035336292633
rec_12_mol83.pdb,1.482188902507143
rec_12_mol84.pdb,3.178331406806281
rec_12_mol85.pdb,1.0129518917253335
rec_12_mol86.pdb,0.6033022367873596
rec_12_mol87.pdb,0.6044756069743302
rec_12_mol88.pdb,2.2993241984065236
rec_12_mol89.pdb,0.2806288104058665
rec_12_mol9.pdb,0.9387559232245012
rec_12_mol90.pdb,1.130539617981788
rec_12_mol91.pdb,0.678227279643161
rec_12_mol92.pdb,2.7688336756588967
rec_12_mol93.pdb,0.6335529574145139
rec_12_mol94.pdb,2.9849945298380973
rec_12_mol95.pdb,2.6393657585625343
rec_12_mol96.pdb,1.42207534104855
rec_13_mol1.pdb,2.577324437212762
rec_13_mol11.pdb,1.6102005910876336
rec_13_mol12.pdb,1.8615750727609055
rec_13_mol14.pdb,3.4415596704229694
rec_13_mol16.pdb,1.914041738007303
rec_13_mol17.pdb,3.0236862240419793
rec_13_mol18.pdb,2.4442746728825564
rec_13_mol19.pdb,3.0767373205145194
rec_13_mol20.pdb,2.6709064503795092
rec_13_mol22.pdb,2.422194168411166
rec_13_mol23.pdb,3.0266230084096986
rec_13_mol26.pdb,2.031022711849393
rec_13_mol27.pdb,2.73164417968671
rec_13_mol29.pdb,3.4099024741788293
rec_13_mol32.pdb,2.407015961530305
rec_13_mol33.pdb,2.5410516736548843
rec_13_mol35.pdb,2.5723208731978406
rec_13_mol37.pdb,2.5958212843047894
rec_13_mol38.pdb,2.8713371769976357
rec_13_mol39.pdb,2.312217488504667
rec_13_mol4.pdb,1.3134136917229389
rec_13_mol43.pdb,3.2876971251287483
rec_13_mol48.pdb,2.1028848580735504
rec_13_mol49.pdb,2.2333364099305304
rec_13_mol5.pdb,2.3420050270437303
rec_13_mol50.pdb,2.2519734857389
rec_13_mol56.pdb,2.296887569219642
rec_13_mol6.pdb,3.638096819213194
rec_13_mol60.pdb,1.5602121963412385
rec_13_mol62.pdb,2.835088996988835
rec_13_mol64.pdb,2.683685294959549
rec_13_mol66.pdb,2.482730947793461
rec_13_mol68.pdb,2.9399580362638895
rec_13_mol69.pdb,2.9796802785639707
rec_13_mol7.pdb,1.2461709936866563
rec_13_mol73.pdb,2.5688781149027626
rec_13_mol74.pdb,3.1264816785361247
rec_13_mol76.pdb,3.2761420916529502
rec_13_mol77.pdb,2.7727471124407717
rec_13_mol79.pdb,1.4824802362982226
rec_13_mol8.pdb,4.242277341782038
rec_13_mol80.pdb,3.2472148282770723
rec_13_mol81.pdb,3.4060187425612836
rec_13_mol84.pdb,2.3484773887111183
rec_13_mol85.pdb,3.212939088125916
rec_13_mol88.pdb,2.9243599021173425
rec_13_mol89.pdb,1.8161725429557147
rec_13_mol90.pdb,2.781424368076204
rec_13_mol92.pdb,2.798751167336842
rec_13_mol93.pdb,3.3101276160876605
rec_13_mol94.pdb,3.9888587455567444
rec_13_mol96.pdb,1.9067929698237858
rec_14_mol1.pdb,2.8612499114269574
rec_14_mol11.pdb,1.9598366994201408
rec_14_mol12.pdb,2.845021736610474
rec_14_mol13.pdb,2.0476482316768787
rec_14_mol14.pdb,0.9942512629251775
rec_14_mol15.pdb,0.905766863524628
rec_14_mol16.pdb,1.9086106958277604
rec_14_mol17.pdb,1.650873316814123
rec_14_mol18.pdb,1.742865682445591
rec_14_mol19.pdb,3.0851083322927955
rec_14_mol2.pdb,3.500652210834606
rec_14_mol20.pdb,2.928578137848145
rec_14_mol22.pdb,0.9685833632681241
rec_14_mol23.pdb,1.543058836224442
rec_14_mol25.pdb,2.054430232927435
rec_14_mol26.pdb,2.0703960346482675
rec_14_mol27.pdb,2.29332245064181
rec_14_mol28.pdb,2.085180306814134
rec_14_mol29.pdb,0.8603412556951334
rec_14_mol3.pdb,1.9443818911214155
rec_14_mol30.pdb,1.160835228167062
rec_14_mol33.pdb,2.5410994533909452
rec_14_mol35.pdb,2.57795581018142
rec_14_mol37.pdb,2.596560878781196
rec_14_mol38.pdb,2.260469800829167
rec_14_mol39.pdb,2.8066244459654506
rec_14_mol4.pdb,1.246028198378784
rec_14_mol40.pdb,0.895540548815637
rec_14_mol42.pdb,3.7148534778111824
rec_14_mol43.pdb,2.5736289980111877
rec_14_mol44.pdb,2.058210871213077
rec_14_mol45.pdb,2.101901749715664
rec_14_mol46.pdb,2.741304490764882
rec_14_mol47.pdb,0.5529562202344983
rec_14_mol48.pdb,2.1184877402677555
rec_14_mol49.pdb,2.950881169993593
rec_14_mol5.pdb,2.958107772702304
rec_14_mol50.pdb,2.383865023958711
rec_14_mol52.pdb,1.1548284711610721
rec_14_mol53.pdb,2.7881421565904483
rec_14_mol54.pdb,2.5207872662981483
rec_14_mol55.pdb,3.214460655329491
rec_14_mol56.pdb,2.102713278319156
rec_14_mol57.pdb,3.8805866463412326
rec_14_mol59.pdb,1.8270802828448702
rec_14_mol6.pdb,3.1012662864255662
rec_14_mol60.pdb,1.6126299424228208
rec_14_mol61.pdb,2.596781426221032
rec_14_mol63.pdb,3.2346756387109443
rec_14_mol64.pdb,0.8181798827024972
rec_14_mol66.pdb,1.2184760444345402
rec_14_mol67.pdb,2.3333318536219667
rec_14_mol69.pdb,2.367791902840473
rec_14_mol7.pdb,1.6684318481066638
rec_14_mol71.pdb,1.782143627836934
rec_14_mol72.pdb,0.9318052823170474
rec_14_mol73.pdb,0.6568735086966698
rec_14_mol74.pdb,0.6370215315382731
rec_14_mol75.pdb,3.9189726058581797
rec_14_mol77.pdb,1.827016485096262
rec_14_mol79.pdb,0.7555584227040083
rec_14_mol8.pdb,2.22034524098734
rec_14_mol80.pdb,1.914010978634929
rec_14_mol83.pdb,0.5649254446882035
rec_14_mol84.pdb,2.702475821747346
rec_14_mol85.pdb,0.8317990709754882
rec_14_mol86.pdb,0.9177844834035198
rec_14_mol87.pdb,2.193664557163704
rec_14_mol88.pdb,2.4326254710730573
rec_14_mol89.pdb,0.28133636811578305
rec_14_mol92.pdb,0.836331551161961
rec_14_mol93.pdb,1.2172394064706582
rec_14_mol95.pdb,2.7046776276133793
rec_14_mol96.pdb,2.603681045322477
rec_15_mol0.pdb,1.5570570986074892
rec_15_mol1.pdb,2.844606939430704
rec_15_mol10.pdb,0.9034695577305385
rec_15_mol11.pdb,1.9602064214939539
rec_15_mol12.pdb,1.5118141509860143
rec_15_mol13.pdb,1.4947713992320113
rec_15_mol14.pdb,0.4033893304339606
rec_15_mol15.pdb,2.0316997719325083
rec_15_mol16.pdb,1.7526487596160534
rec_15_mol17.pdb,1.7823113933455554
rec_15_mol18.pdb,2.444210042552187
rec_15_mol19.pdb,3.0683829375182357
rec_15_mol2.pdb,0.537424241696695
rec_15_mol20.pdb,2.9155115104292824
rec_15_mol21.pdb,1.1672896570372793
rec_15_mol22.pdb,0.9145192997112037
rec_15_mol23.pdb,1.4414425567294467
rec_15_mol24.pdb,1.351210443629015
rec_15_mol25.pdb,2.038313713175037
rec_15_mol26.pdb,2.2687693685351746
rec_15_mol27.pdb,2.929893552064756
rec_15_mol28.pdb,1.6044650855835882
rec_15_mol29.pdb,0.9156133394456276
rec_15_mol3.pdb,1.6677106357410802
rec_15_mol30.pdb,1.1372404941131333
rec_15_mol31.pdb,1.2230666549434914
rec_15_mol32.pdb,1.8940289923904154
rec_15_mol33.pdb,2.8675428076423333
rec_15_mol34.pdb,0.9229913368234045
rec_15_mol35.pdb,2.743157750607688
rec_15_mol36.pdb,0.9950322329449419
rec_15_mol37.pdb,2.2323559161123545
rec_15_mol39.pdb,1.5790223041372864
rec_15_mol4.pdb,1.3367517498651407
rec_15_mol40.pdb,1.762936565707803
rec_15_mol42.pdb,0.6727740282946811
rec_15_mol43.pdb,1.550156290168939
rec_15_mol44.pdb,2.005570070977658
rec_15_mol45.pdb,1.286506856336547
rec_15_mol46.pdb,2.50913478783681
rec_15_mol47.pdb,0.5213925188050306
rec_15_mol48.pdb,1.9744302096097188
rec_15_mol49.pdb,2.9615003290995947
rec_15_mol5.pdb,1.0698374679639198
rec_15_mol50.pdb,1.7687274932458925
rec_15_mol51.pdb,3.165568593443327
rec_15_mol52.pdb,1.761660084377804
rec_15_mol53.pdb,2.893220268180944
rec_15_mol54.pdb,1.5624753896998966
rec_15_mol55.pdb,0.9588433022262223
rec_15_mol56.pdb,0.7993374672610993
rec_15_mol57.pdb,2.33527036280498
rec_15_mol58.pdb,1.2664999838542559
rec_15_mol59.pdb,2.0987011791004706
rec_15_mol6.pdb,3.1813216763792
rec_15_mol60.pdb,2.6188274017356457
rec_15_mol61.pdb,1.7977283877385366
rec_15_mol62.pdb,1.6943476124299135
rec_15_mol63.pdb,0.986239784401394
rec_15_mol64.pdb,0.7248335687860108
rec_15_mol66.pdb,1.2262643696083229
rec_15_mol67.pdb,1.971813592989482
rec_15_mol68.pdb,1.7571380426967858
rec_15_mol69.pdb,2.112797771572987
rec_15_mol7.pdb,1.9851704849741856
rec_15_mol70.pdb,0.9338870609949692
rec_15_mol71.pdb,1.9757082487878943
rec_15_mol72.pdb,1.5286419626079364
rec_15_mol73.pdb,0.6330380451247652
rec_15_mol74.pdb,0.6145204132716345
rec_15_mol75.pdb,2.8367789989224397
rec_15_mol76.pdb,0.9508751452823173
rec_15_mol77.pdb,1.544952401482762
rec_15_mol79.pdb,0.7804511655118286
rec_15_mol8.pdb,1.8846040265339008
rec_15_mol80.pdb,1.90720506130125
rec_15_mol81.pdb,1.0097023062229251
rec_15_mol82.pdb,0.48270917745175906
rec_15_mol83.pdb,0.6071129841473912
rec_15_mol84.pdb,0.5459154540468715
rec_15_mol85.pdb,0.5989173585573035
rec_15_mol86.pdb,0.9420540337039104
rec_15_mol87.pdb,0.6264522000918495
rec_15_mol88.pdb,2.3824383865581056
rec_15_mol89.pdb,1.2479492172141096
rec_15_mol9.pdb,0.7578744507123835
rec_15_mol90.pdb,0.6575112636699922
rec_15_mol91.pdb,0.7153285681242539
rec_15_mol92.pdb,2.891757250492776
rec_15_mol93.pdb,0.6316524496885318
rec_15_mol94.pdb,2.3345417449560433
rec_15_mol95.pdb,2.665150401604223
rec_15_mol96.pdb,0.8060476928829139
rec_16_mol0.pdb,1.7033979629478604
rec_16_mol1.pdb,1.6708505328227339
rec_16_mol10.pdb,1.3110897253771754
rec_16_mol11.pdb,1.96007732657934
rec_16_mol12.pdb,1.535435020446707
rec_16_mol13.pdb,1.353563533805335
rec_16_mol14.pdb,1.7378082448096048
rec_16_mol15.pdb,0.8974440022879612
rec_16_mol16.pdb,2.146459200591106
rec_16_mol17.pdb,1.7824309320884626
rec_16_mol18.pdb,2.0425476254571198
rec_16_mol2.pdb,2.3770916022235427
rec_16_mol20.pdb,3.0046070805131593
rec_16_mol21.pdb,1.1658780682135335
rec_16_mol22.pdb,0.9286924659871211
rec_16_mol23.pdb,1.4959308304587715
rec_16_mol24.pdb,1.3479676581285125
rec_16_mol25.pdb,2.042865329850646
rec_16_mol26.pdb,2.0332687268531355
rec_16_mol27.pdb,2.929157594551221
rec_16_mol28.pdb,1.6025916711538264
rec_16_mol29.pdb,1.6713030390768029
rec_16_mol3.pdb,1.565446021797382
rec_16_mol30.pdb,1.2797216904857074
rec_16_mol31.pdb,1.1670137902729576
rec_16_mol32.pdb,1.8973134157842615
rec_16_mol33.pdb,2.867273483049565
rec_16_mol34.pdb,0.923695036227573
rec_16_mol35.pdb,1.664271062036402
rec_16_mol36.pdb,2.1752215094881664
rec_16_mol37.pdb,1.5354917637409926
rec_16_mol39.pdb,1.5964133327148506
rec_16_mol4.pdb,0.6700376296112007
rec_16_mol43.pdb,1.551721851553973
rec_16_mol44.pdb,2.0266643179549377
rec_16_mol45.pdb,2.0173146741512467
rec_16_mol46.pdb,2.4363990993704334
rec_16_mol47.pdb,0.5311027167785962
rec_16_mol48.pdb,2.1186370827307814
rec_16_mol49.pdb,2.957551878907901
rec_16_mol5.pdb,2.341516133817969
rec_16_mol50.pdb,1.4390091679039734
rec_16_mol51.pdb,1.8900427679538188
rec_16_mol52.pdb,1.7595861547007572
rec_16_mol53.pdb,1.6919968432185972
rec_16_mol54.pdb,1.5445819871040427
rec_16_mol55.pdb,3.179244896180356
rec_16_mol56.pdb,2.1012382541510357
rec_16_mol57.pdb,2.313863793015105
rec_16_mol58.pdb,2.0549424524585986
rec_16_mol59.pdb,2.089603218219041
rec_16_mol6.pdb,3.6280424574809045
rec_16_mol60.pdb,2.2830178817787528
rec_16_mol61.pdb,1.6898697728701735
rec_16_mol62.pdb,1.5521063485802884
rec_16_mol63.pdb,3.199048406662983
rec_16_mol64.pdb,1.1843949101689544
rec_16_mol65.pdb,2.854575053373396
rec_16_mol66.pdb,2.740005698859832
rec_16_mol67.pdb,2.112191883578449
rec_16_mol68.pdb,1.757006769119257
rec_16_mol69.pdb,2.9825390537826753
rec_16_mol7.pdb,1.153045883507815
rec_16_mol70.pdb,2.366047517998589
rec_16_mol71.pdb,1.9754977571645627
rec_16_mol72.pdb,1.8290616379273292
rec_16_mol73.pdb,2.5692276175283606
rec_16_mol74.pdb,1.789145622812239
rec_16_mol75.pdb,2.7831876290317283
rec_16_mol76.pdb,0.9267340299961515
rec_16_mol77.pdb,1.4704843716852927
rec_16_mol79.pdb,1.214760322105186
rec_16_mol8.pdb,1.8817447909300913
rec_16_mol80.pdb,1.9074095348026041
rec_16_mol81.pdb,1.0086150624069403
rec_16_mol82.pdb,0.8724665080141667
rec_16_mol83.pdb,1.2364802112135604
rec_16_mol84.pdb,3.3139603372033415
rec_16_mol85.pdb,0.6235125251665421
rec_16_mol86.pdb,2.653781587516855
rec_16_mol87.pdb,1.0256858857902857
rec_16_mol88.pdb,1.9706940802707162
rec_16_mol89.pdb,0.28098654711428533
rec_16_mol9.pdb,2.419022420605306
rec_16_mol90.pdb,1.1692123713885587
rec_16_mol91.pdb,0.706623302046872
rec_16_mol93.pdb,0.716301176379104
rec_16_mol94.pdb,3.862347047177781
rec_16_mol96.pdb,0.8211670805378467
rec_18_mol0.pdb,2.7599444763052996
rec_18_mol1.pdb,2.857107115954611
rec_18_mol10.pdb,2.6365740291237354
rec_18_mol12.pdb,1.7390466284863775
rec_18_mol14.pdb,1.2167788488463076
rec_18_mol15.pdb,0.9729694956177694
rec_18_mol16.pdb,1.9025947737954418
rec_18_mol17.pdb,3.1645987314613024
rec_18_mol18.pdb,2.4584066437921734
rec_18_mol19.pdb,3.1517729332574085
rec_18_mol2.pdb,3.1478573904951768
rec_18_mol20.pdb,3.977853061761016
rec_18_mol21.pdb,3.3512284705866517
rec_18_mol22.pdb,2.5530174374652326
rec_18_mol23.pdb,1.585737247233507
rec_18_mol25.pdb,3.2218388229868182
rec_18_mol26.pdb,1.9966861134663854
rec_18_mol27.pdb,2.432222239460761
rec_18_mol28.pdb,1.3869305814398025
rec_18_mol29.pdb,3.235356494161446
rec_18_mol30.pdb,2.457222907416383
rec_18_mol31.pdb,3.5793840110595223
rec_18_mol32.pdb,2.5224723309762447
rec_18_mol33.pdb,2.1071510698735607
rec_18_mol34.pdb,1.276660230254959
rec_18_mol35.pdb,2.7579249794192084
rec_18_mol37.pdb,2.5944668206588415
rec_18_mol39.pdb,2.757292944690615
rec_18_mol4.pdb,2.7423796633083355
rec_18_mol40.pdb,2.5950089395638605
rec_18_mol42.pdb,2.3408279736372837
rec_18_mol43.pdb,3.452045248153228
rec_18_mol44.pdb,2.451851809141984
rec_18_mol45.pdb,2.4684999442064925
rec_18_mol46.pdb,2.5423841338418094
rec_18_mol47.pdb,3.152964912328892
rec_18_mol48.pdb,1.97461848275158
rec_18_mol49.pdb,2.9612342782927334
rec_18_mol5.pdb,2.4898608197581313
rec_18_mol50.pdb,1.2160819129534433
rec_18_mol51.pdb,3.0938349850439044
rec_18_mol52.pdb,3.457793787583
rec_18_mol53.pdb,3.694731453674537
rec_18_mol54.pdb,3.382290981113707
rec_18_mol55.pdb,0.9458605478441029
rec_18_mol56.pdb,0.8002322622470727
rec_18_mol57.pdb,2.5651776180061825
rec_18_mol59.pdb,2.071692661948674
rec_18_mol6.pdb,2.956260313978151
rec_18_mol60.pdb,2.4244323468876847
rec_18_mol62.pdb,2.855795602926559
rec_18_mol63.pdb,0.973161183110539
rec_18_mol64.pdb,0.8285310438062128
rec_18_mol65.pdb,2.5207300562009514
rec_18_mol66.pdb,2.740085634158259
rec_18_mol67.pdb,2.307050082089459
rec_18_mol68.pdb,3.00976830689739
rec_18_mol69.pdb,3.369097870306494
rec_18_mol7.pdb,0.9827306638679576
rec_18_mol70.pdb,3.509041903997689
rec_18_mol71.pdb,1.6134774057896306
rec_18_mol72.pdb,2.547734408030451
rec_18_mol73.pdb,1.10883029623899
rec_18_mol74.pdb,3.1166479891412244
rec_18_mol75.pdb,4.400253309858117
rec_18_mol76.pdb,2.6442667105282642
rec_18_mol77.pdb,2.6608195063009745
rec_18_mol79.pdb,1.1457753608950065
rec_18_mol80.pdb,2.9349301492351687
rec_18_mol81.pdb,3.5069633706764614
rec_18_mol82.pdb,0.47707222314565473
rec_18_mol83.pdb,0.619110391142423
rec_18_mol84.pdb,3.187968122413854
rec_18_mol85.pdb,3.1977572664254366
rec_18_mol86.pdb,2.678582998395507
rec_18_mol87.pdb,2.544453255785321
rec_18_mol88.pdb,2.0009056711544857
rec_18_mol89.pdb,0.27985427273023095
rec_18_mol9.pdb,3.5168466268460135
rec_18_mol90.pdb,3.163129270906074
rec_18_mol92.pdb,0.8330660084646592
rec_18_mol93.pdb,2.654920668556073
rec_18_mol94.pdb,4.065604443126605
rec_18_mol95.pdb,2.617877754279412
rec_19_mol0.pdb,1.5298719600468698
rec_19_mol1.pdb,2.5881341529961763
rec_19_mol10.pdb,0.9036587994624955
rec_19_mol11.pdb,1.95972323996039
rec_19_mol12.pdb,2.919802642295306
rec_19_mol13.pdb,2.6868653714495974
rec_19_mol14.pdb,1.199617970455493
rec_19_mol15.pdb,1.9251923037521759
rec_19_mol16.pdb,1.9131110997793002
rec_19_mol17.pdb,1.7187430336985348
rec_19_mol18.pdb,2.4126928290526264
rec_19_mol19.pdb,3.07092523690447
rec_19_mol2.pdb,0.5236370585015935
rec_19_mol20.pdb,2.6365411224398683
rec_19_mol21.pdb,0.690529039713971
rec_19_mol22.pdb,1.3033083688580283
rec_19_mol23.pdb,1.7785934059144355
rec_19_mol25.pdb,2.0238001900611615
rec_19_mol26.pdb,2.3402463466977297
rec_19_mol27.pdb,2.929505775427839
rec_19_mol28.pdb,1.9837282123990114
rec_19_mol29.pdb,0.8535071269734138
rec_19_mol3.pdb,1.6729877716395203
rec_19_mol30.pdb,2.3932908084810256
rec_19_mol31.pdb,1.124833031700083
rec_19_mol32.pdb,1.0616108793504198
rec_19_mol33.pdb,2.867173213109951
rec_19_mol34.pdb,0.9179558866307468
rec_19_mol35.pdb,2.7469770385909134
rec_19_mol36.pdb,2.8863213861058443
rec_19_mol37.pdb,2.607653427809649
rec_19_mol39.pdb,1.5949025537493158
rec_19_mol4.pdb,2.742910229371123
rec_19_mol40.pdb,1.761027331975391
rec_19_mol42.pdb,0.6541071178295824
rec_19_mol43.pdb,1.7822347101603193
rec_19_mol44.pdb,2.006167768504022
rec_19_mol45.pdb,2.1623731108005173
rec_19_mol46.pdb,2.0433149203094896
rec_19_mol47.pdb,0.5203642438636776
rec_19_mol48.pdb,1.9746150762821226
rec_19_mol49.pdb,2.2672769022607815
rec_19_mol50.pdb,1.2140881179872511
rec_19_mol51.pdb,1.4752233290967454
rec_19_mol52.pdb,0.4992149161053955
rec_19_mol53.pdb,1.7245776898517138
rec_19_mol54.pdb,1.568054983905055
rec_19_mol55.pdb,0.9527184884571918
rec_19_mol56.pdb,2.101489108021261
rec_19_mol57.pdb,0.8306320867987987
rec_19_mol58.pdb,1.2556808915075501
rec_19_mol59.pdb,2.700773315166767
rec_19_mol6.pdb,1.7888762290515505
rec_19_mol60.pdb,2.424843984028431
rec_19_mol61.pdb,1.7948445652887766
rec_19_mol62.pdb,1.6981911033641628
rec_19_mol63.pdb,0.979126575650595
rec_19_mol64.pdb,1.1747649854563773
rec_19_mol65.pdb,3.4966953835492793
rec_19_mol66.pdb,2.8087989185140203
rec_19_mol67.pdb,2.003819842513129
rec_19_mol68.pdb,2.379168409487596
rec_19_mol69.pdb,2.1098529966865627
rec_19_mol7.pdb,1.156210220288763
rec_19_mol70.pdb,0.7152126137812703
rec_19_mol71.pdb,1.896398609399381
rec_19_mol72.pdb,1.7312366899221476
rec_19_mol73.pdb,2.0902449206404787
rec_19_mol74.pdb,0.614325261116951
rec_19_mol75.pdb,2.694030893018342
rec_19_mol76.pdb,0.824010978610905
rec_19_mol77.pdb,1.802251607533578
rec_19_mol79.pdb,2.229158415926185
rec_19_mol8.pdb,1.8709586354446162
rec_19_mol80.pdb,1.3999658074224646
rec_19_mol81.pdb,2.9018632062256273
rec_19_mol82.pdb,0.4820627692940653
rec_19_mol83.pdb,1.2264740446321225
rec_19_mol84.pdb,2.318319627242085
rec_19_mol85.pdb,0.5989506449478673
rec_19_mol86.pdb,0.577022492356952
rec_19_mol87.pdb,0.5879430666760755
rec_19_mol88.pdb,2.2605416253735546
rec_19_mol89.pdb,0.2810639054647022
rec_19_mol9.pdb,2.31267137714274
rec_19_mol90.pdb,0.6703755033771172
rec_19_mol91.pdb,2.611014635433531
rec_19_mol92.pdb,2.7429442164325653
rec_19_mol93.pdb,0.6306568568930123
rec_19_mol94.pdb,4.064322900980089
rec_19_mol95.pdb,1.8947882990915375
rec_1_mol0.pdb,1.4702793555215028
rec_1_mol10.pdb,1.0826609732023829
rec_1_mol13.pdb,2.0983355566576805
rec_1_mol14.pdb,1.6537340609054894
rec_1_mol15.pdb,3.193336241537706
rec_1_mol19.pdb,2.5060016848539637
rec_1_mol2.pdb,2.2752807580313177
rec_1_mol21.pdb,3.1991721863666016
rec_1_mol22.pdb,1.1243527819417518
rec_1_mol23.pdb,1.814306980620881
rec_1_mol24.pdb,1.3785625331240587
rec_1_mol25.pdb,2.3708275946856916
rec_1_mol29.pdb,1.8778226621760803
rec_1_mol3.pdb,1.6944611486596655
rec_1_mol31.pdb,2.5638178492655777
rec_1_mol32.pdb,2.112013068732286
rec_1_mol34.pdb,3.2220295267094867
rec_1_mol38.pdb,2.0803832144580996
rec_1_mol39.pdb,0.9358926120487304
rec_1_mol40.pdb,1.7278449908818097
rec_1_mol42.pdb,2.188786137706308
rec_1_mol43.pdb,2.318910571720104
rec_1_mol45.pdb,1.3670952626001678
rec_1_mol47.pdb,2.6831234677016575
rec_1_mol48.pdb,1.6171127542376595
rec_1_mol5.pdb,1.5752406728078783
rec_1_mol50.pdb,2.1050474073477274
rec_1_mol51.pdb,1.2485501066195301
rec_1_mol52.pdb,2.79168816545888
rec_1_mol53.pdb,3.2595810955044535
rec_1_mol54.pdb,2.5934253108778442
rec_1_mol55.pdb,1.063945781742262
rec_1_mol56.pdb,2.325880182552246
rec_1_mol58.pdb,2.613057474005812
rec_1_mol59.pdb,2.717312352346794
rec_1_mol6.pdb,1.6844084955426262
rec_1_mol60.pdb,2.32862781524329
rec_1_mol61.pdb,2.5940168761496873
rec_1_mol62.pdb,2.9031185792963243
rec_1_mol63.pdb,1.0858278559379528
rec_1_mol64.pdb,2.942441338900299
rec_1_mol65.pdb,3.614596621488775
rec_1_mol66.pdb,2.43314880899418
rec_1_mol67.pdb,2.81067136536379
rec_1_mol68.pdb,1.563266091929662
rec_1_mol69.pdb,3.7739309550349587
rec_1_mol70.pdb,1.0363708080010188
rec_1_mol72.pdb,1.7622566538584852
rec_1_mol73.pdb,1.7247869073197346
rec_1_mol74.pdb,2.5409182860311104
rec_1_mol76.pdb,1.9928542980367014
rec_1_mol79.pdb,1.2552984061026562
rec_1_mol8.pdb,2.361909400605409
rec_1_mol81.pdb,1.0883351200801468
rec_1_mol83.pdb,1.984846385521137
rec_1_mol84.pdb,2.4545808014491155
rec_1_mol86.pdb,2.6302845700807036
rec_1_mol87.pdb,2.1782726769972194
rec_1_mol88.pdb,3.491339026689528
rec_1_mol89.pdb,2.5693810719447905
rec_1_mol90.pdb,2.8653748678734887
rec_1_mol93.pdb,2.3189464767523247
rec_1_mol95.pdb,2.6983272361759867
rec_20_mol0.pdb,1.603235081296658
rec_20_mol1.pdb,2.8460547608490745
rec_20_mol10.pdb,0.9231664105702604
rec_20_mol11.pdb,2.5085531650455195
rec_20_mol12.pdb,1.7028886840565842
rec_20_mol14.pdb,1.596495225793434
rec_20_mol15.pdb,1.7852050328581082
rec_20_mol16.pdb,1.9144491511443553
rec_20_mol17.pdb,1.452705433985822
rec_20_mol18.pdb,1.7440955411769155
rec_20_mol19.pdb,3.1560190843157865
rec_20_mol2.pdb,0.647860008572239
rec_20_mol20.pdb,2.9085999837835246
rec_20_mol22.pdb,1.890519343642219
rec_20_mol23.pdb,1.7046918835010743
rec_20_mol24.pdb,1.5976715430842736
rec_20_mol25.pdb,2.1784503686681367
rec_20_mol26.pdb,2.036230319960549
rec_20_mol27.pdb,2.9277505084732995
rec_20_mol28.pdb,2.306662509353955
rec_20_mol29.pdb,1.9665772551381437
rec_20_mol3.pdb,2.4880703331382
rec_20_mol30.pdb,1.3886437257663446
rec_20_mol31.pdb,1.128657487962521
rec_20_mol32.pdb,1.9206000430604528
rec_20_mol33.pdb,2.8673424001165637
rec_20_mol35.pdb,2.75470014789398
rec_20_mol36.pdb,2.314577362831561
rec_20_mol37.pdb,2.5905284203284316
rec_20_mol39.pdb,1.6606791977733044
rec_20_mol4.pdb,1.3138447514011409
rec_20_mol40.pdb,1.7947038839948588
rec_20_mol42.pdb,0.7457475776764529
rec_20_mol43.pdb,1.7554425153264055
rec_20_mol44.pdb,2.0563230209854333
rec_20_mol45.pdb,2.0036713304310885
rec_20_mol46.pdb,2.01492728243823
rec_20_mol47.pdb,0.6563123179597573
rec_20_mol48.pdb,2.9960014705753015
rec_20_mol49.pdb,2.303547307290235
rec_20_mol50.pdb,1.7725713058913515
rec_20_mol51.pdb,1.54755877602925
rec_20_mol52.pdb,1.305533181803858
rec_20_mol53.pdb,1.6684380250590045
rec_20_mol54.pdb,1.9833729443421413
rec_20_mol56.pdb,2.594952098080891
rec_20_mol57.pdb,2.4125094501800715
rec_20_mol6.pdb,3.3091378436541983
rec_20_mol60.pdb,2.6197605819340426
rec_20_mol61.pdb,1.7711987033908156
rec_20_mol62.pdb,1.4362698226687842
rec_20_mol64.pdb,0.8160072611839523
rec_20_mol65.pdb,3.5046611591881676
rec_20_mol66.pdb,2.0160216846606414
rec_20_mol67.pdb,2.0314686412389626
rec_20_mol69.pdb,2.2005067669192155
rec_20_mol7.pdb,1.1566113581237158
rec_20_mol71.pdb,1.8227867244180227
rec_20_mol72.pdb,1.8236075833113496
rec_20_mol73.pdb,0.6793690586402532
rec_20_mol74.pdb,0.5616779830687162
rec_20_mol75.pdb,2.6297639492291855
rec_20_mol76.pdb,0.8314380044612412
rec_20_mol77.pdb,3.2448698878007947
rec_20_mol79.pdb,2.229269564560504
rec_20_mol8.pdb,2.5976590435938838
rec_20_mol80.pdb,1.4066863213934342
rec_20_mol82.pdb,0.4728690407588385
rec_20_mol83.pdb,1.1669364526234223
rec_20_mol84.pdb,2.3175813038030646
rec_20_mol85.pdb,0.8762482938652816
rec_20_mol86.pdb,0.9372483488730907
rec_20_mol87.pdb,1.0264889244824649
rec_20_mol88.pdb,2.9954105121718198
rec_20_mol89.pdb,1.9265118997365276
rec_20_mol9.pdb,2.2922162561237647
rec_20_mol90.pdb,0.5662609291245979
rec_20_mol92.pdb,2.7950105090091877
rec_20_mol93.pdb,1.1308758189759098
rec_20_mol94.pdb,2.452752121645982
rec_20_mol95.pdb,2.018828744048447
rec_2_mol0.pdb,1.7650046913242303
rec_2_mol1.pdb,2.5692889211686136
rec_2_mol10.pdb,1.3088552290998237
rec_2_mol11.pdb,1.959876760408326
rec_2_mol12.pdb,2.8580597587294574
rec_2_mol14.pdb,1.7352149208959433
rec_2_mol15.pdb,0.9012182525534705
rec_2_mol16.pdb,2.145921713499564
rec_2_mol17.pdb,1.6759291818113484
rec_2_mol18.pdb,2.444215425851798
rec_2_mol19.pdb,3.070730469708972
rec_2_mol2.pdb,3.1612534918873054
rec_2_mol20.pdb,2.9305301328656874
rec_2_mol21.pdb,1.1635264234792602
rec_2_mol22.pdb,0.979950934357479
rec_2_mol23.pdb,1.4798920089311827
rec_2_mol24.pdb,1.3366439383640616
rec_2_mol25.pdb,2.02104327679936
rec_2_mol26.pdb,2.0802136623051775
rec_2_mol27.pdb,2.7315078948129377
rec_2_mol28.pdb,1.5868524055872673
rec_2_mol29.pdb,0.9069266946868854
rec_2_mol3.pdb,1.5426533773080506
rec_2_mol30.pdb,1.1617862923372084
rec_2_mol32.pdb,1.957490072075421
rec_2_mol33.pdb,2.5407646126422185
rec_2_mol34.pdb,0.913637152281169
rec_2_mol35.pdb,2.7636083801285682
rec_2_mol36.pdb,1.396394251975623
rec_2_mol37.pdb,2.5908021307701516
rec_2_mol39.pdb,2.765234799255066
rec_2_mol4.pdb,0.686607039112011
rec_2_mol40.pdb,2.5998475109891794
rec_2_mol42.pdb,0.4724149250348388
rec_2_mol43.pdb,1.5184030434900126
rec_2_mol45.pdb,2.4839771813954052
rec_2_mol46.pdb,2.09724017316399
rec_2_mol47.pdb,3.1550778127674373
rec_2_mol48.pdb,2.1181248842856526
rec_2_mol49.pdb,2.9571756217180543
rec_2_mol5.pdb,2.4868244456561506
rec_2_mol50.pdb,1.9369082496056818
rec_2_mol51.pdb,2.627560956355463
rec_2_mol52.pdb,0.5346349954486226
rec_2_mol53.pdb,1.6086353649365859
rec_2_mol54.pdb,1.5217637731021858
rec_2_mol55.pdb,0.9446274301918126
rec_2_mol56.pdb,0.7991029607428726
rec_2_mol57.pdb,1.8663048857347662
rec_2_mol59.pdb,3.1957541467733783
rec_2_mol6.pdb,3.6072887237996576
rec_2_mol60.pdb,1.1510009863394868
rec_2_mol61.pdb,1.5893310911890783
rec_2_mol62.pdb,2.0458681655719797
rec_2_mol63.pdb,0.9722767733971265
rec_2_mol64.pdb,1.5627479255161005
rec_2_mol65.pdb,3.5516252843964295
rec_2_mol66.pdb,2.482042898725233
rec_2_mol68.pdb,1.7623454864247552
rec_2_mol69.pdb,3.0019715171937102
rec_2_mol7.pdb,1.668410205416408
rec_2_mol70.pdb,2.198641830624325
rec_2_mol71.pdb,2.152827592305468
rec_2_mol72.pdb,2.551015337436348
rec_2_mol73.pdb,1.0865380529445297
rec_2_mol74.pdb,0.7074318338318879
rec_2_mol76.pdb,0.8352967858408402
rec_2_mol77.pdb,3.0921435521712404
rec_2_mol79.pdb,1.1368567968736205
rec_2_mol8.pdb,2.2160708275113867
rec_2_mol80.pdb,1.7278838801385963
rec_2_mol81.pdb,1.0006725244419987
rec_2_mol82.pdb,0.6220812229336931
rec_2_mol83.pdb,0.5662963722257227
rec_2_mol84.pdb,3.199138347081672
rec_2_mol85.pdb,1.0199692494563228
rec_2_mol86.pdb,2.8787473294549586
rec_2_mol87.pdb,3.0796753845314164
rec_2_mol88.pdb,1.7663471854760835
rec_2_mol89.pdb,0.2810942503359323
rec_2_mol9.pdb,0.7180439222911564
rec_2_mol90.pdb,1.1538916946935753
rec_2_mol91.pdb,3.86252744879384
rec_2_mol92.pdb,2.786940998716029
rec_2_mol93.pdb,0.7015967702450642
rec_2_mol94.pdb,1.697272103192149
rec_2_mol95.pdb,2.6376740581176503
rec_2_mol96.pdb,1.9106322081331537
rec_4_mol0.pdb,1.539871815586396
rec_4_mol10.pdb,1.3166679281065843
rec_4_mol11.pdb,1.9601528811087006
rec_4_mol12.pdb,1.8736506310935248
rec_4_mol14.pdb,1.7428797072526347
rec_4_mol15.pdb,1.25008733478408
rec_4_mol16.pdb,2.1464609960463115
rec_4_mol17.pdb,1.4464458556216366
rec_4_mol18.pdb,2.4441770277320836
rec_4_mol19.pdb,3.147180883100046
rec_4_mol2.pdb,2.4895366112920376
rec_4_mol20.pdb,3.35666113467026
rec_4_mol21.pdb,1.1680500612152631
rec_4_mol22.pdb,0.9503091785166841
rec_4_mol23.pdb,1.4586935398785121
rec_4_mol25.pdb,1.5407353379643134
rec_4_mol26.pdb,1.9941508977477251
rec_4_mol27.pdb,2.9291454899664933
rec_4_mol28.pdb,1.2283404080362292
rec_4_mol29.pdb,0.8949820263698551
rec_4_mol3.pdb,1.9709218680187959
rec_4_mol30.pdb,1.1335314202391056
rec_4_mol31.pdb,1.1768211884666282
rec_4_mol32.pdb,1.95839063249614
rec_4_mol33.pdb,2.8671594483413982
rec_4_mol34.pdb,0.9233645450617879
rec_4_mol35.pdb,2.7716780194703663
rec_4_mol36.pdb,1.0089408978548864
rec_4_mol37.pdb,2.595795626353302
rec_4_mol39.pdb,1.5682796199528897
rec_4_mol4.pdb,0.6885760372526731
rec_4_mol40.pdb,1.7451461079167239
rec_4_mol42.pdb,1.1209792217252748
rec_4_mol43.pdb,1.8923558535285774
rec_4_mol44.pdb,2.4520031757074934
rec_4_mol45.pdb,2.376366156287065
rec_4_mol46.pdb,2.410570257129623
rec_4_mol47.pdb,3.1273637485738006
rec_4_mol48.pdb,2.1185798088798125
rec_4_mol49.pdb,0.4709250681058959
rec_4_mol5.pdb,2.4902500034610586
rec_4_mol50.pdb,1.7694180594352282
rec_4_mol51.pdb,2.333641979277748
rec_4_mol52.pdb,0.9159972090300933
rec_4_mol53.pdb,3.2176469985758542
rec_4_mol54.pdb,1.4944622264477825
rec_4_mol55.pdb,0.9583072962384768
rec_4_mol56.pdb,2.1242852567587356
rec_4_mol57.pdb,2.2820867792160815
rec_4_mol58.pdb,1.2735314850794504
rec_4_mol59.pdb,1.448100480803237
rec_4_mol6.pdb,3.205225795615401
rec_4_mol60.pdb,2.6194009454886675
rec_4_mol61.pdb,1.7916856175746654
rec_4_mol62.pdb,0.5639350400529908
rec_4_mol63.pdb,0.9850722218203116
rec_4_mol64.pdb,1.5758614078678588
rec_4_mol65.pdb,2.8626904284373356
rec_4_mol66.pdb,2.4830381699387374
rec_4_mol67.pdb,2.0542596632661767
rec_4_mol68.pdb,1.7555228041007944
rec_4_mol69.pdb,2.1133925804537035
rec_4_mol7.pdb,0.346990967744735
rec_4_mol70.pdb,0.7258808001330117
rec_4_mol71.pdb,1.5907299372015684
rec_4_mol72.pdb,1.8718350486481647
rec_4_mol73.pdb,1.1679170521678075
rec_4_mol74.pdb,0.757450069905187
rec_4_mol75.pdb,2.6787154758672744
rec_4_mol76.pdb,0.8439836153097887
rec_4_mol77.pdb,1.8012801018853926
rec_4_mol79.pdb,1.598325012779987
rec_4_mol8.pdb,2.6296496696169136
rec_4_mol80.pdb,3.3720909557414775
rec_4_mol81.pdb,1.0105952662895559
rec_4_mol82.pdb,0.8686592283855159
rec_4_mol83.pdb,0.5983294350967193
rec_4_mol84.pdb,2.33734347730991
rec_4_mol85.pdb,1.0480208909843818
rec_4_mol86.pdb,2.7313113116846797
rec_4_mol87.pdb,2.9743154755742065
rec_4_mol88.pdb,3.439164461117168
rec_4_mol89.pdb,0.28155432617219106
rec_4_mol9.pdb,0.7507151564249497
rec_4_mol90.pdb,0.6840613806341468
rec_4_mol91.pdb,0.7536896574319017
rec_4_mol92.pdb,2.7904209855107873
rec_4_mol93.pdb,0.7099231825378755
rec_4_mol94.pdb,3.248270638099704
rec_4_mol95.pdb,2.6266867633699595
rec_4_mol96.pdb,2.6039216431389884
rec_5_mol0.pdb,1.9458461314201552
rec_5_mol1.pdb,1.7255662179287263
rec_5_mol10.pdb,1.3119339356938549
rec_5_mol11.pdb,1.960029610199246
rec_5_mol12.pdb,2.2793029872780775
rec_5_mol13.pdb,3.127353072517763
rec_5_mol14.pdb,1.2054207620152093
rec_5_mol15.pdb,0.9068748080983318
rec_5_mol16.pdb,2.146507658082656
rec_5_mol17.pdb,1.6979580618978114
rec_5_mol18.pdb,2.4447236728232715
rec_5_mol19.pdb,3.075373256592575
rec_5_mol2.pdb,3.4675390466934246
rec_5_mol20.pdb,2.8837815499916566
rec_5_mol21.pdb,1.1658169497717112
rec_5_mol22.pdb,2.5679360522367825
rec_5_mol23.pdb,1.5724062400104837
rec_5_mol25.pdb,2.0255377013281657
rec_5_mol26.pdb,2.0675162646751857
rec_5_mol27.pdb,2.7300961101511976
rec_5_mol28.pdb,1.6045709518438869
rec_5_mol29.pdb,3.3336297297096094
rec_5_mol3.pdb,1.5220626747478
rec_5_mol31.pdb,1.845450010825159
rec_5_mol32.pdb,1.8982892955255455
rec_5_mol33.pdb,2.867034477336876
rec_5_mol34.pdb,0.9230777553294854
rec_5_mol35.pdb,2.7656283015758
rec_5_mol36.pdb,1.400625345630173
rec_5_mol37.pdb,2.592794292043231
rec_5_mol39.pdb,2.776629630699468
rec_5_mol4.pdb,0.6868929585977585
rec_5_mol40.pdb,2.607652050479324
rec_5_mol42.pdb,3.6396899934501485
rec_5_mol43.pdb,1.5537865242822573
rec_5_mol44.pdb,2.4664822425848003
rec_5_mol45.pdb,2.4985424615604597
rec_5_mol46.pdb,2.705344281796131
rec_5_mol47.pdb,3.164207092539244
rec_5_mol48.pdb,2.1184330311274815
rec_5_mol49.pdb,2.317849963038635
rec_5_mol50.pdb,2.2508040469802513
rec_5_mol51.pdb,1.8249369245616989
rec_5_mol52.pdb,1.7469498240923498
rec_5_mol53.pdb,1.7115627055360094
rec_5_mol54.pdb,3.411773127840991
rec_5_mol55.pdb,3.228444092532702
rec_5_mol56.pdb,0.7991224671425023
rec_5_mol57.pdb,2.2743087345413224
rec_5_mol58.pdb,0.8535351215223004
rec_5_mol59.pdb,1.4436637405570576
rec_5_mol6.pdb,3.215612613301551
rec_5_mol60.pdb,1.5594185663927846
rec_5_mol61.pdb,1.567122371867733
rec_5_mol62.pdb,2.8400688295905057
rec_5_mol63.pdb,3.247949202970606
rec_5_mol64.pdb,1.5680511297243556
rec_5_mol65.pdb,2.525307424724196
rec_5_mol66.pdb,2.4873686693955532
rec_5_mol68.pdb,1.756763055118071
rec_5_mol69.pdb,2.955473885681104
rec_5_mol7.pdb,0.9721817033854621
rec_5_mol70.pdb,0.9317421266556404
rec_5_mol71.pdb,1.8380219085871505
rec_5_mol72.pdb,2.554950831491991
rec_5_mol73.pdb,2.574497692247181
rec_5_mol74.pdb,0.6282816864609676
rec_5_mol75.pdb,2.804173404555661
rec_5_mol76.pdb,0.9288296364646749
rec_5_mol77.pdb,1.7748259013438048
rec_5_mol79.pdb,1.1389549022589767
rec_5_mol8.pdb,2.969670137220694
rec_5_mol80.pdb,3.3431077593617298
rec_5_mol81.pdb,1.0087552388451726
rec_5_mol82.pdb,0.503953812795373
rec_5_mol83.pdb,0.5799410695612914
rec_5_mol84.pdb,3.206893465992961
rec_5_mol85.pdb,0.6185945912211515
rec_5_mol86.pdb,2.705610910421155
rec_5_mol88.pdb,3.3395274424959833
rec_5_mol89.pdb,0.28142381938232036
rec_5_mol9.pdb,0.7289310050979684
rec_5_mol90.pdb,3.1800222070579944
rec_5_mol91.pdb,0.7070419051824363
rec_5_mol92.pdb,1.3478016976425853
rec_5_mol93.pdb,0.7007348993316693
rec_5_mol94.pdb,1.6781427718969808
rec_5_mol96.pdb,0.7613402877933466
rec_6_mol0.pdb,2.813212966668893
rec_6_mol1.pdb,2.569889771827973
rec_6_mol10.pdb,2.3169877655931748
rec_6_mol11.pdb,1.9997892449815133
rec_6_mol12.pdb,2.3088345461290616
rec_6_mol13.pdb,3.107535330329533
rec_6_mol14.pdb,3.383660841940507
rec_6_mol15.pdb,1.9778630314179773
rec_6_mol16.pdb,1.913468708303952
rec_6_mol17.pdb,3.1271533774187663
rec_6_mol18.pdb,2.4442192451673574
rec_6_mol19.pdb,3.104929162482343
rec_6_mol2.pdb,3.1677669691808696
rec_6_mol20.pdb,3.9688953107742386
rec_6_mol21.pdb,3.727575728821431
rec_6_mol22.pdb,2.5661069758273474
rec_6_mol23.pdb,1.6061925805084618
rec_6_mol25.pdb,3.2103382808662886
rec_6_mol26.pdb,2.113676211541173
rec_6_mol27.pdb,2.7315658828214318
rec_6_mol28.pdb,3.560927322210105
rec_6_mol29.pdb,3.2118696389285577
rec_6_mol3.pdb,2.2194941313134904
rec_6_mol30.pdb,2.737317613648906
rec_6_mol31.pdb,3.4104775164906753
rec_6_mol32.pdb,2.709483990684577
rec_6_mol33.pdb,2.5389195613822797
rec_6_mol34.pdb,3.550517384253863
rec_6_mol35.pdb,2.7671800225795877
rec_6_mol36.pdb,2.9651865165651845
rec_6_mol37.pdb,2.5819410707319816
rec_6_mol39.pdb,2.764030090482512
rec_6_mol4.pdb,1.3074019658908467
rec_6_mol40.pdb,2.5827809335886194
rec_6_mol42.pdb,3.037304608938583
rec_6_mol43.pdb,3.3387842630512066
rec_6_mol44.pdb,2.4855238832935167
rec_6_mol45.pdb,2.4897932702765626
rec_6_mol46.pdb,2.5593671027120806
rec_6_mol47.pdb,3.1502810716229925
rec_6_mol48.pdb,2.517139508126996
rec_6_mol49.pdb,2.8747001239680845
rec_6_mol5.pdb,2.4894190736957897
rec_6_mol50.pdb,1.5091405425966726
rec_6_mol51.pdb,3.028010778464504
rec_6_mol52.pdb,3.4423004676379305
rec_6_mol54.pdb,3.384919881939061
rec_6_mol55.pdb,3.1788263030528334
rec_6_mol56.pdb,1.942665874026657
rec_6_mol57.pdb,2.710692536315601
rec_6_mol58.pdb,2.781403540338572
rec_6_mol59.pdb,2.7215725073101082
rec_6_mol6.pdb,2.7764383833564246
rec_6_mol60.pdb,2.5134357452222065
rec_6_mol61.pdb,2.230496826771418
rec_6_mol62.pdb,3.6891542546131744
rec_6_mol63.pdb,3.1996078122802873
rec_6_mol64.pdb,2.4595566475700763
rec_6_mol65.pdb,2.4741529895731054
rec_6_mol66.pdb,2.482962820561983
rec_6_mol67.pdb,2.9838581539231295
rec_6_mol68.pdb,3.049149535880778
rec_6_mol69.pdb,2.1101086037132375
rec_6_mol7.pdb,0.41291342040744183
rec_6_mol70.pdb,3.6619636212622106
rec_6_mol71.pdb,3.3282326471900934
rec_6_mol72.pdb,2.534665018940158
rec_6_mol73.pdb,2.568533389050379
rec_6_mol74.pdb,2.9740321151555666
rec_6_mol75.pdb,3.2782627779281364
rec_6_mol76.pdb,3.343979128125817
rec_6_mol77.pdb,1.6692337944442275
rec_6_mol79.pdb,1.4828907293908897
rec_6_mol8.pdb,4.141093139578684
rec_6_mol80.pdb,3.3742690264788386
rec_6_mol81.pdb,2.94511516866641
rec_6_mol82.pdb,2.831452182242802
rec_6_mol83.pdb,2.2554101781601466
rec_6_mol84.pdb,3.185790856174349
rec_6_mol85.pdb,3.302277704276795
rec_6_mol86.pdb,2.7239938824632777
rec_6_mol87.pdb,3.0836665242755483
rec_6_mol88.pdb,2.377929010440081
rec_6_mol89.pdb,1.99943345555959
rec_6_mol9.pdb,3.772721998716252
rec_6_mol90.pdb,3.3217472637781977
rec_6_mol91.pdb,2.6389878151657307
rec_6_mol92.pdb,0.8373625294254321
rec_6_mol93.pdb,3.1552170873117795
rec_6_mol94.pdb,2.9972379458725977
rec_6_mol95.pdb,2.609202403373257
rec_6_mol96.pdb,1.9102718333961821
rec_7_mol0.pdb,2.764610812533696
rec_7_mol1.pdb,2.8657788787878617
rec_7_mol10.pdb,0.953660129979476
rec_7_mol11.pdb,2.554735778509004
rec_7_mol12.pdb,2.8517208166695087
rec_7_mol14.pdb,0.5982452005331459
rec_7_mol15.pdb,1.723936433541205
rec_7_mol16.pdb,2.6608059905836425
rec_7_mol18.pdb,2.4332777646759665
rec_7_mol19.pdb,3.001772056102074
rec_7_mol2.pdb,2.7441841409756256
rec_7_mol20.pdb,3.136912411283921
rec_7_mol21.pdb,2.2780292049999242
rec_7_mol22.pdb,1.0793201497044602
rec_7_mol23.pdb,1.8539128770448707
rec_7_mol24.pdb,1.6172057763195313
rec_7_mol25.pdb,3.1689333624460545
rec_7_mol26.pdb,2.1843334520811495
rec_7_mol27.pdb,2.12055214113801
rec_7_mol29.pdb,1.4241344047730449
rec_7_mol3.pdb,2.0992443263761853
rec_7_mol30.pdb,2.668814217163312
rec_7_mol32.pdb,2.833274624987956
rec_7_mol33.pdb,1.9013080152398827
rec_7_mol34.pdb,2.822831551611717
rec_7_mol35.pdb,2.553497126108917
rec_7_mol36.pdb,2.8445909038907224
rec_7_mol37.pdb,2.6086137511229186
rec_7_mol39.pdb,0.902036416587382
rec_7_mol4.pdb,0.7952199222906299
rec_7_mol40.pdb,2.4869091644107866
rec_7_mol42.pdb,2.3154197554677003
rec_7_mol43.pdb,1.8340412465421834
rec_7_mol44.pdb,2.3804626780570426
rec_7_mol45.pdb,2.3052224773711782
rec_7_mol46.pdb,2.6297797644107774
rec_7_mol47.pdb,3.076855855191918
rec_7_mol48.pdb,2.0302358483866083
rec_7_mol49.pdb,2.7211898828335612
rec_7_mol5.pdb,1.6280150624027054
rec_7_mol50.pdb,1.4835424279181055
rec_7_mol51.pdb,2.251028839034214
rec_7_mol52.pdb,3.403057670521271
rec_7_mol53.pdb,1.167384941109705
rec_7_mol54.pdb,3.3381751337493872
rec_7_mol55.pdb,3.3599219776714
rec_7_mol56.pdb,2.017551562692543
rec_7_mol57.pdb,2.867288437405948
rec_7_mol58.pdb,2.6602239242467642
rec_7_mol59.pdb,2.6566791377395114
rec_7_mol6.pdb,3.5382913326881464
rec_7_mol60.pdb,2.223385517132418
rec_7_mol61.pdb,3.6846881684807804
rec_7_mol62.pdb,1.560762187464471
rec_7_mol63.pdb,3.381329265446027
rec_7_mol64.pdb,1.2509724350073401
rec_7_mol65.pdb,2.56005352442803
rec_7_mol66.pdb,1.2532426709273137
rec_7_mol67.pdb,2.2214034219961527
rec_7_mol68.pdb,2.260546035439328
rec_7_mol69.pdb,3.48725610209888
rec_7_mol7.pdb,1.7445300159303676
rec_7_mol71.pdb,2.531818504735167
rec_7_mol72.pdb,2.464430698864973
rec_7_mol73.pdb,1.4437127270288677
rec_7_mol74.pdb,2.557076865179839
rec_7_mol75.pdb,3.0704742938237435
rec_7_mol76.pdb,1.6033023801822854
rec_7_mol77.pdb,1.6521810501715937
rec_7_mol79.pdb,1.4953744042482302
rec_7_mol8.pdb,2.083756455590101
rec_7_mol80.pdb,3.445649232480042
rec_7_mol81.pdb,2.8367055691596446
rec_7_mol82.pdb,2.7302703790069
rec_7_mol83.pdb,1.2599221698071277
rec_7_mol84.pdb,3.1331839881181116
rec_7_mol85.pdb,2.5563707758912244
rec_7_mol86.pdb,1.9254569710416718
rec_7_mol87.pdb,2.269733360192968
rec_7_mol88.pdb,3.0802625765046714
rec_7_mol89.pdb,2.0095457104259107
rec_7_mol9.pdb,2.3005325169467157
rec_7_mol90.pdb,1.220546202051384
rec_7_mol91.pdb,2.536247320104525
rec_7_mol92.pdb,2.9074398172574045
rec_7_mol93.pdb,1.2493616700837136
rec_7_mol94.pdb,2.9973746426232397
rec_7_mol95.pdb,2.5823862440759386
rec_7_mol96.pdb,1.5570949026431133
rec_8_mol34.pdb,1.2163009532901696
rec_8_mol43.pdb,3.332032581932019
rec_8_mol62.pdb,2.904881954799964
rec_8_mol87.pdb,1.90055943648723
rec_8_mol88.pdb,3.3677552857289466
rec_9_mol0.pdb,2.959221970027969
rec_9_mol1.pdb,2.544748548293131
rec_9_mol11.pdb,1.610323380240597
rec_9_mol12.pdb,2.8449445780993967
rec_9_mol13.pdb,3.107771174043617
rec_9_mol15.pdb,1.0054512572052197
rec_9_mol16.pdb,1.9139738408522673
rec_9_mol17.pdb,3.2598352963904866
rec_9_mol18.pdb,1.742968239067135
rec_9_mol19.pdb,2.8687354076095595
rec_9_mol2.pdb,3.506883767158725
rec_9_mol20.pdb,3.605336288749756
rec_9_mol22.pdb,2.5679058271402697
rec_9_mol23.pdb,3.040314426550713
rec_9_mol24.pdb,3.2337120687534386
rec_9_mol25.pdb,3.185797047274206
rec_9_mol26.pdb,2.136603836012185
rec_9_mol27.pdb,2.736936335618012
rec_9_mol28.pdb,2.71616086999206
rec_9_mol32.pdb,2.450550687318112
rec_9_mol33.pdb,2.5410226605026063
rec_9_mol35.pdb,2.5818752270220835
rec_9_mol37.pdb,2.595254481949216
rec_9_mol38.pdb,3.2205292644220984
rec_9_mol39.pdb,2.7639439293890264
rec_9_mol4.pdb,1.3130094018449183
rec_9_mol40.pdb,2.588118767727559
rec_9_mol42.pdb,2.4948750738967487
rec_9_mol44.pdb,2.455452957732841
rec_9_mol45.pdb,2.447157262681774
rec_9_mol46.pdb,2.890685185053429
rec_9_mol47.pdb,3.1472599721373413
rec_9_mol48.pdb,2.5172369876431238
rec_9_mol49.pdb,2.234832259695718
rec_9_mol5.pdb,2.3414576890977807
rec_9_mol50.pdb,1.509994880116002
rec_9_mol52.pdb,3.4621320550084556
rec_9_mol54.pdb,3.391327165354635
rec_9_mol56.pdb,2.2967605281971704
rec_9_mol57.pdb,2.8943916302481685
rec_9_mol59.pdb,2.180144463375475
rec_9_mol6.pdb,3.482755419176002
rec_9_mol60.pdb,2.5135618681525207
rec_9_mol62.pdb,2.8613141745512656
rec_9_mol64.pdb,2.7272093704906837
rec_9_mol65.pdb,2.477248474506671
rec_9_mol66.pdb,2.4830136144523256
rec_9_mol67.pdb,3.0170642106339765
rec_9_mol7.pdb,1.825655943281456
rec_9_mol72.pdb,2.536565752884017
rec_9_mol76.pdb,3.1046483338445054
rec_9_mol77.pdb,2.783424121472773
rec_9_mol79.pdb,1.476367071438882
rec_9_mol80.pdb,3.3619666461629096
rec_9_mol84.pdb,3.3499533423430172
rec_9_mol88.pdb,2.9235564706052686
rec_9_mol89.pdb,1.8159444547730148
rec_9_mol90.pdb,3.157704878491526
rec_9_mol92.pdb,2.790289466072251
rec_9_mol93.pdb,2.6552253053431527
rec_9_mol94.pdb,2.4202144537115298
rec_9_mol95.pdb,2.6119613960691503
rec_9_mol96.pdb,1.7540609993868808
