Reference_File,Docked_Complex,Ligand_RMSD_A,Pocket_Ligand_RMSD_A
mers_53.pdb,rec_4_mol53.pdb,4.533638336583505,2.2420108724077195
mers_62.pdb,rec_6_mol62.pdb,5.094326573986362,2.4072489122434018
mers_2.pdb,rec_9_mol2.pdb,3.8679027181747117,1.944411951460055
mers_51.pdb,rec_16_mol51.pdb,5.018625291756775,2.1909328592079564
mers_27.pdb,rec_16_mol27.pdb,3.827654910267356,1.8723221625602529
mers_44.pdb,rec_5_mol44.pdb,3.7333936051651935,2.119280772236104
mers_35.pdb,rec_6_mol35.pdb,3.5419504677007887,1.766235985332079
mers_1.pdb,rec_4_mol1.pdb,3.0563861242579193,1.705971123106329
mers_62.pdb,rec_9_mol62.pdb,4.644599673963265,2.6095231807550046
mers_13.pdb,rec_5_mol13.pdb,4.113437451268042,2.386211700635539
mers_92.pdb,rec_14_mol92.pdb,1.9846025215425853,1.412320260648825
mers_51.pdb,rec_9_mol51.pdb,5.0788790355963265,2.2013927541125162
mers_14.pdb,rec_4_mol14.pdb,4.2846754169445225,1.8713085119648927
mers_61.pdb,rec_18_mol61.pdb,4.405887190724147,2.046259112734325
mers_6.pdb,rec_14_mol6.pdb,5.200568428630741,2.198861658779211
mers_16.pdb,rec_4_mol16.pdb,2.887000731534715,1.4991481050522617
mers_88.pdb,rec_14_mol88.pdb,3.8732042166362666,1.7733233669358366
mers_20.pdb,rec_6_mol20.pdb,4.534037981432551,1.97697480807142
mers_32.pdb,rec_13_mol32.pdb,4.242816709893365,2.5313078782421408
mers_48.pdb,rec_5_mol48.pdb,3.086194049451786,1.4401658361534215
mers_24.pdb,rec_13_mol24.pdb,4.525404858313875,2.503118316074326
mers_74.pdb,rec_6_mol74.pdb,4.168130888651043,2.2649466450570133
mers_59.pdb,rec_1_mol59.pdb,4.572643434205404,2.0353367538111624
mers_6.pdb,rec_13_mol6.pdb,4.91038850437356,2.2202510829074433
mers_81.pdb,rec_16_mol81.pdb,3.1802017491259016,1.60210481997683
mers_45.pdb,rec_9_mol45.pdb,3.924886529671868,2.154447449648152
mers_53.pdb,rec_1_mol53.pdb,4.486785696286691,2.2343691619592376
mers_85.pdb,rec_19_mol85.pdb,4.024364073973058,1.77176937596749
mers_87.pdb,rec_2_mol87.pdb,4.265951285762314,2.4384554738350515
mers_64.pdb,rec_9_mol64.pdb,4.583465397517644,2.5002875478175635
mers_87.pdb,rec_5_mol87.pdb,4.006605095896746,1.8024223467547575
mers_89.pdb,rec_19_mol89.pdb,2.425992522444176,1.4889459997584884
mers_73.pdb,rec_15_mol73.pdb,4.0558722209130185,1.6566096714000098
mers_58.pdb,rec_4_mol58.pdb,3.7950352184468334,1.7236279093113291
mers_24.pdb,rec_20_mol24.pdb,4.4704609898221,1.8645350035842518
mers_53.pdb,rec_12_mol53.pdb,4.9923674876798225,2.582824386467377
mers_5.pdb,rec_9_mol5.pdb,3.707759911797505,1.9165159073037887
mers_73.pdb,rec_2_mol73.pdb,3.992566733336915,1.6972535336501533
mers_25.pdb,rec_19_mol25.pdb,4.8672095347780875,2.1100377283733214
mers_72.pdb,rec_6_mol72.pdb,4.176391367387124,2.290221475546273
mers_86.pdb,rec_5_mol86.pdb,4.668106814178227,2.5452122044860728
mers_7.pdb,rec_9_mol7.pdb,2.8361622265126485,1.4553856162294843
mers_62.pdb,rec_1_mol62.pdb,4.927571916103493,2.276910296269932
mers_50.pdb,rec_4_mol50.pdb,2.7579788530176605,1.4513842156304986
mers_22.pdb,rec_11_mol22.pdb,3.4224070232932218,1.6357058317362696
mers_77.pdb,rec_16_mol77.pdb,3.963996651225698,1.785586418054182
mers_7.pdb,rec_5_mol7.pdb,2.203425836765005,1.4095692219058953
mers_43.pdb,rec_16_mol43.pdb,2.9225920713703837,1.556465965165723
mers_38.pdb,rec_11_mol38.pdb,4.671083365152408,1.9888279949829115
mers_45.pdb,rec_18_mol45.pdb,3.917354395621135,2.1987698071092665
mers_54.pdb,rec_15_mol54.pdb,4.8176868750095565,1.971955608375666
mers_59.pdb,rec_9_mol59.pdb,4.4386308332772355,1.8958120376481278
mers_14.pdb,rec_15_mol14.pdb,4.422221906139665,1.8570579512872716
mers_68.pdb,rec_7_mol68.pdb,4.09431682914481,1.9912998065912695
mers_22.pdb,rec_7_mol22.pdb,3.0663838550634677,1.494290569679763
mers_74.pdb,rec_14_mol74.pdb,3.9937386097026253,1.709346400048588
mers_75.pdb,rec_4_mol75.pdb,4.486775400816004,2.290604964688443
mers_66.pdb,rec_12_mol66.pdb,3.2293046323245442,1.6849014190770406
mers_66.pdb,rec_1_mol66.pdb,2.7383103744579933,1.3770387416354557
mers_43.pdb,rec_15_mol43.pdb,2.922869890638495,1.4655638445545278
mers_92.pdb,rec_4_mol92.pdb,2.8537270289319796,1.703378198518642
mers_26.pdb,rec_14_mol26.pdb,3.2898272237440214,1.639614502129766
mers_14.pdb,rec_13_mol14.pdb,4.738264378674662,2.6019830900233845
mers_93.pdb,rec_2_mol93.pdb,2.397828176643278,1.390345764150235
mers_32.pdb,rec_6_mol32.pdb,4.433211825524645,2.647247539107885
mers_79.pdb,rec_12_mol79.pdb,2.4281164885506907,1.44852890981285
mers_39.pdb,rec_9_mol39.pdb,4.811749369233796,2.267576805139898
mers_27.pdb,rec_14_mol27.pdb,3.78666001594585,1.8727832257773522
mers_83.pdb,rec_14_mol83.pdb,3.963024846202373,1.758737475739534
mers_12.pdb,rec_13_mol12.pdb,2.8784176579215495,1.6570431193742783
mers_13.pdb,rec_12_mol13.pdb,4.105487309250669,2.391073821398384
mers_1.pdb,rec_2_mol1.pdb,3.748872429791907,1.764049624226691
mers_38.pdb,rec_14_mol38.pdb,4.4560298772942115,2.0651654438443736
mers_68.pdb,rec_14_mol68.pdb,4.1525626826735484,2.0302226122112725
mers_91.pdb,rec_5_mol91.pdb,3.8039956162993107,1.6822181556659932
mers_38.pdb,rec_5_mol38.pdb,4.551158069896922,2.5445512080781842
mers_34.pdb,rec_7_mol34.pdb,4.3668588943821645,2.0036326444259664
mers_72.pdb,rec_4_mol72.pdb,4.229182576500095,1.8613839568936343
mers_73.pdb,rec_13_mol73.pdb,4.188184987365079,2.1424155447936073
mers_74.pdb,rec_18_mol74.pdb,4.140013496000472,2.250708055363632
mers_7.pdb,rec_2_mol7.pdb,2.4521331085229785,1.4996659295023276
mers_6.pdb,rec_15_mol6.pdb,4.868943338656341,2.1773202534593565
mers_15.pdb,rec_9_mol15.pdb,3.943436020042704,1.723553906564019
mers_62.pdb,rec_11_mol62.pdb,4.64209614797137,2.6484000388106117
mers_69.pdb,rec_18_mol69.pdb,4.607143112377189,2.134297991279165
mers_63.pdb,rec_12_mol63.pdb,4.340269396089019,2.0776699746746456
mers_81.pdb,rec_7_mol81.pdb,3.5478081680027507,1.8958744762385211
mers_75.pdb,rec_12_mol75.pdb,4.600319332020507,2.283137555515646
mers_22.pdb,rec_6_mol22.pdb,3.283917871013544,1.7893054619677793
mers_68.pdb,rec_18_mol68.pdb,3.978269621179781,2.3378234842619205
mers_77.pdb,rec_6_mol77.pdb,3.8585429476866366,1.6933425372952573
mers_62.pdb,rec_2_mol62.pdb,4.68535347455081,2.010431095944588
mers_28.pdb,rec_12_mol28.pdb,4.285598013055089,1.8374573920047834
mers_65.pdb,rec_4_mol65.pdb,4.472814319249345,2.1002447848597416
mers_60.pdb,rec_18_mol60.pdb,2.464938507044284,1.387693728967383
mers_31.pdb,rec_18_mol31.pdb,4.795256177675432,2.1142403418189475
mers_55.pdb,rec_15_mol55.pdb,4.1255333654682955,1.7187036872202934
mers_1.pdb,rec_11_mol1.pdb,3.7456142875651315,1.785227803393637
mers_80.pdb,rec_4_mol80.pdb,4.263051634284196,2.3208963562778746
mers_33.pdb,rec_18_mol33.pdb,2.433884471506482,1.5112397228330416
mers_41.pdb,rec_12_mol41.pdb,4.62975043447462,1.9430423578977263
mers_32.pdb,rec_14_mol32.pdb,4.804840230785909,2.2317719629751283
mers_38.pdb,rec_15_mol38.pdb,4.528604883223287,2.528977470221092
mers_7.pdb,rec_15_mol7.pdb,2.572078237102023,1.5178128952813905
mers_80.pdb,rec_20_mol80.pdb,3.920616679645385,1.6642395801241474
mers_70.pdb,rec_2_mol70.pdb,4.571640852963322,1.8834953917519024
mers_54.pdb,rec_7_mol54.pdb,5.022058186125062,2.5471970842519123
mers_20.pdb,rec_12_mol20.pdb,4.350697568658738,2.15541048269353
mers_87.pdb,rec_11_mol87.pdb,4.054782901640894,1.7982720701297996
mers_79.pdb,rec_14_mol79.pdb,2.482618252957928,1.337607566130898
mers_91.pdb,rec_6_mol91.pdb,4.123047104371893,1.8489405033539794
mers_79.pdb,rec_1_mol79.pdb,2.3766577434886758,1.3440248425413397
mers_47.pdb,rec_13_mol47.pdb,3.5212744979234096,2.278044751945835
mers_40.pdb,rec_5_mol40.pdb,3.9069213900363757,2.1571304689352937
mers_7.pdb,rec_12_mol7.pdb,2.623068766098201,1.5685884673769328
mers_33.pdb,rec_19_mol33.pdb,3.0159361116599746,1.7758248975584119
mers_27.pdb,rec_2_mol27.pdb,4.1554110020658115,1.8198355348496713
mers_88.pdb,rec_12_mol88.pdb,3.8457249990777953,1.7641299142009774
mers_67.pdb,rec_19_mol67.pdb,3.7116390904626697,1.682734809561403
mers_92.pdb,rec_9_mol92.pdb,2.7204440836745905,1.6565553249737428
mers_50.pdb,rec_13_mol50.pdb,2.696656605074866,1.5629200573668092
mers_61.pdb,rec_20_mol61.pdb,4.604742146525125,1.9949739632411674
mers_62.pdb,rec_7_mol62.pdb,4.663805811805243,2.062305644177713
mers_42.pdb,rec_9_mol42.pdb,4.501958269280065,2.0712773242722884
mers_47.pdb,rec_12_mol47.pdb,3.7248952082575455,2.3418051020204804
mers_89.pdb,rec_9_mol89.pdb,2.671899708262426,1.4561431591931153
mers_54.pdb,rec_1_mol54.pdb,4.80999647097234,2.087883682645852
mers_7.pdb,rec_19_mol7.pdb,2.450789546279413,1.5644928501550843
mers_6.pdb,rec_1_mol6.pdb,4.857265422450635,2.115370984284346
mers_20.pdb,rec_2_mol20.pdb,4.4185030825944756,2.2356714331587804
mers_82.pdb,rec_4_mol82.pdb,4.081023886050449,1.7194571790672977
mers_93.pdb,rec_14_mol93.pdb,2.4859825044187835,1.4101904230489564
mers_93.pdb,rec_6_mol93.pdb,3.341163790539014,2.062067606695719
mers_38.pdb,rec_16_mol38.pdb,4.5269553499611614,2.55547240022421
mers_48.pdb,rec_1_mol48.pdb,2.9493575338667712,1.4451731331404762
mers_2.pdb,rec_5_mol2.pdb,3.8510326407070723,1.9981444543435758
mers_39.pdb,rec_16_mol39.pdb,4.712601761972463,1.9542261134647034
mers_27.pdb,rec_7_mol27.pdb,3.9540366804787705,1.8398085880586366
mers_42.pdb,rec_18_mol42.pdb,4.577381272370154,2.129963835904287
mers_87.pdb,rec_6_mol87.pdb,4.28957056871498,2.4405784937123296
mers_27.pdb,rec_9_mol27.pdb,4.06134537591677,1.8203676240831363
mers_45.pdb,rec_2_mol45.pdb,3.90280153855654,2.186250296316995
mers_84.pdb,rec_4_mol84.pdb,3.32089053109089,1.5966441555441284
mers_92.pdb,rec_19_mol92.pdb,2.776892114347264,1.7051317049392767
mers_79.pdb,rec_16_mol79.pdb,2.4283425651993493,1.4696680772543533
mers_37.pdb,rec_12_mol37.pdb,3.718234860289509,1.8495963532119877
mers_74.pdb,rec_5_mol74.pdb,4.004841504418937,1.6854352024607018
mers_63.pdb,rec_7_mol63.pdb,4.3348149634988244,2.119463808193442
mers_65.pdb,rec_19_mol65.pdb,4.675822725472215,2.170573164965796
mers_81.pdb,rec_14_mol81.pdb,3.6585932328339004,1.7927554273441244
mers_44.pdb,rec_6_mol44.pdb,3.737382168029903,2.1277512166217414
mers_91.pdb,rec_2_mol91.pdb,4.558582878321745,2.0758875430771195
mers_59.pdb,rec_6_mol59.pdb,4.563237254297033,2.0146954310170218
mers_90.pdb,rec_11_mol90.pdb,4.28258572687771,2.354781595867681
mers_11.pdb,rec_7_mol11.pdb,3.8305653220159326,1.733965508394931
mers_70.pdb,rec_20_mol70.pdb,4.469196700678571,2.264669067653268
mers_8.pdb,rec_11_mol8.pdb,4.59142245627472,1.8592913675327483
mers_3.pdb,rec_13_mol3.pdb,4.617554256505595,2.1438297761803895
mers_83.pdb,rec_1_mol83.pdb,4.0501292202485395,1.9881947065465493
mers_40.pdb,rec_2_mol40.pdb,3.898916935503832,2.2058185271295665
mers_43.pdb,rec_2_mol43.pdb,2.9036037856105827,1.4559089702407804
mers_17.pdb,rec_1_mol17.pdb,4.452838249716108,1.965709119375887
mers_35.pdb,rec_13_mol35.pdb,3.6947889008400128,1.9013884291065506
mers_66.pdb,rec_9_mol66.pdb,3.135698841987963,1.7498142454785819
mers_81.pdb,rec_19_mol81.pdb,3.6054570670937087,1.9258960930468603
mers_76.pdb,rec_4_mol76.pdb,4.064651543673644,1.7393026085760326
mers_56.pdb,rec_18_mol56.pdb,2.3731408231248827,1.3363891802139694
mers_64.pdb,rec_15_mol64.pdb,4.45119903948166,1.8550262954436856
mers_28.pdb,rec_20_mol28.pdb,4.540194897052452,1.8688439697663122
mers_12.pdb,rec_4_mol12.pdb,2.8078465018665395,1.5556668018633557
mers_80.pdb,rec_13_mol80.pdb,4.159982380222714,2.3163837838898407
mers_37.pdb,rec_9_mol37.pdb,3.718371161870515,1.8052110620926438
mers_0.pdb,rec_14_mol0.pdb,5.360092431602312,2.255770608487492
mers_38.pdb,rec_6_mol38.pdb,4.651880147031298,2.480533744532224
mers_30.pdb,rec_6_mol30.pdb,3.689957731020753,2.386569774409844
mers_16.pdb,rec_6_mol16.pdb,2.9847875170892553,1.4818212287820938
mers_59.pdb,rec_14_mol59.pdb,4.577448327510203,1.9791618668324642
mers_6.pdb,rec_7_mol6.pdb,4.969425992515751,2.265909661757191
mers_49.pdb,rec_16_mol49.pdb,3.35889887149311,1.6456277759726605
mers_71.pdb,rec_19_mol71.pdb,4.062868078488822,1.7885178720988866
mers_11.pdb,rec_5_mol11.pdb,2.978072810684635,1.6248929736616209
mers_19.pdb,rec_14_mol19.pdb,5.414515920078443,3.3124365539579
mers_69.pdb,rec_14_mol69.pdb,4.494886398231404,1.9647999872946245
mers_88.pdb,rec_18_mol88.pdb,3.8022094311978214,1.7436909844567536
mers_82.pdb,rec_11_mol82.pdb,4.04496378961199,1.6970829187004275
mers_36.pdb,rec_15_mol36.pdb,3.90304701178027,1.7005526843275396
mers_90.pdb,rec_1_mol90.pdb,4.32532055530717,1.9493486549211432
mers_54.pdb,rec_6_mol54.pdb,4.97374956819911,2.503334836689089
mers_32.pdb,rec_18_mol32.pdb,4.270584633109072,2.58856128416608
mers_84.pdb,rec_7_mol84.pdb,3.5471407652050946,2.3102164616459993
mers_95.pdb,rec_4_mol95.pdb,4.127484216831306,2.4178634296827384
mers_87.pdb,rec_14_mol87.pdb,4.194154680461154,1.9233878050740252
mers_21.pdb,rec_2_mol21.pdb,3.8050563916663758,1.679193364530633
mers_9.pdb,rec_12_mol9.pdb,3.8607299328718963,1.7723645487240354
mers_89.pdb,rec_18_mol89.pdb,2.425873590439702,1.381738568153291
mers_95.pdb,rec_5_mol95.pdb,4.252513989053269,1.8488766368443548
mers_77.pdb,rec_13_mol77.pdb,4.070006119875093,1.9726302888978027
mers_2.pdb,rec_18_mol2.pdb,3.8248622911996035,2.2520453276766665
mers_96.pdb,rec_7_mol96.pdb,3.19886194833979,1.5009070668495132
mers_0.pdb,rec_12_mol0.pdb,4.989851432236774,2.2741046434925694
mers_28.pdb,rec_4_mol28.pdb,4.272986323338196,1.8314866205875169
mers_54.pdb,rec_16_mol54.pdb,4.8136555722073675,2.0155234872410435
mers_80.pdb,rec_9_mol80.pdb,4.255683219638004,2.280253393192123
mers_43.pdb,rec_7_mol43.pdb,2.914613734731236,1.5673342279116216
mers_13.pdb,rec_11_mol13.pdb,4.114695513998969,2.393902341790119
mers_48.pdb,rec_11_mol48.pdb,3.086038373737342,1.4306597022575365
mers_0.pdb,rec_5_mol0.pdb,5.365516280350274,2.325009726409252
mers_48.pdb,rec_7_mol48.pdb,3.0534823697242155,1.4636140311658257
mers_34.pdb,rec_16_mol34.pdb,4.094211045206429,1.7966095016545354
mers_2.pdb,rec_15_mol2.pdb,3.439888272503431,1.5749530375120913
mers_85.pdb,rec_6_mol85.pdb,4.1488388755630945,2.2369277868043356
mers_37.pdb,rec_20_mol37.pdb,3.7097546046796706,1.8162210057086399
mers_95.pdb,rec_9_mol95.pdb,4.139660816077585,2.4224013065444736
mers_5.pdb,rec_15_mol5.pdb,3.633857598288544,1.5846831581162175
mers_82.pdb,rec_7_mol82.pdb,4.330278823994955,1.95718563980133
mers_20.pdb,rec_14_mol20.pdb,4.418957305168954,2.235912899772217
mers_4.pdb,rec_20_mol4.pdb,3.2825380666448996,1.591084150654714
mers_55.pdb,rec_19_mol55.pdb,4.132263388571426,1.8042937358684585
mers_81.pdb,rec_1_mol81.pdb,3.2053789516670284,1.5777146221927316
mers_35.pdb,rec_12_mol35.pdb,3.5345531245563135,1.8196838499999668
mers_39.pdb,rec_13_mol39.pdb,4.774864864699608,2.272716076424905
mers_1.pdb,rec_20_mol1.pdb,3.5896046967824,1.6895305531568243
mers_49.pdb,rec_18_mol49.pdb,3.3634859444854213,1.6282410116014845
mers_92.pdb,rec_16_mol92.pdb,2.28285507476531,1.4623586556866914
mers_59.pdb,rec_16_mol59.pdb,4.3844111516439055,1.8913997932535274
mers_24.pdb,rec_6_mol24.pdb,4.495004551173007,2.437528797220186
mers_91.pdb,rec_16_mol91.pdb,3.804458026152258,1.7282813034398297
mers_73.pdb,rec_9_mol73.pdb,4.051584889486848,1.628930814866867
mers_2.pdb,rec_7_mol2.pdb,3.5059639368565874,1.858912146626268
mers_48.pdb,rec_12_mol48.pdb,3.0859252827278714,1.4146845284848464
mers_83.pdb,rec_11_mol83.pdb,3.9623555204124563,1.7586688760908153
mers_93.pdb,rec_11_mol93.pdb,3.1345915962030038,1.9678206983706177
mers_80.pdb,rec_6_mol80.pdb,4.262432969912773,2.294528688605638
mers_38.pdb,rec_8_mol38.pdb,4.55294601482996,2.1222396511058084
mers_66.pdb,rec_5_mol66.pdb,3.137024218993363,1.7996847690415942
mers_10.pdb,rec_5_mol10.pdb,4.0989609213026945,1.7647307926740545
mers_95.pdb,rec_18_mol95.pdb,4.152186688123393,2.4575385523783186
mers_0.pdb,rec_15_mol0.pdb,5.262526933048154,2.2220386462027015
mers_23.pdb,rec_20_mol23.pdb,4.119603278341832,1.7683996492039549
mers_49.pdb,rec_13_mol49.pdb,3.3642010944170484,1.75410336000834
mers_2.pdb,rec_19_mol2.pdb,3.4462267999686036,1.6644375668717648
mers_47.pdb,rec_16_mol47.pdb,3.5007539588744208,1.6942104680904178
mers_60.pdb,rec_4_mol60.pdb,2.7426456403955894,1.4715203738636924
mers_22.pdb,rec_12_mol22.pdb,2.790305479224979,1.45021006436562
mers_96.pdb,rec_20_mol96.pdb,3.240403870348488,1.6746698774759192
mers_88.pdb,rec_2_mol88.pdb,3.506836695793607,1.6561485118539578
mers_19.pdb,rec_13_mol19.pdb,5.430941180761068,3.3314861991337734
mers_80.pdb,rec_2_mol80.pdb,3.818241726708579,1.6881989892357734
mers_44.pdb,rec_15_mol44.pdb,3.842121748038236,1.743657295365285
mers_82.pdb,rec_16_mol82.pdb,4.082568848430854,1.7581903857518282
mers_17.pdb,rec_18_mol17.pdb,4.391833282116446,2.2507308726669484
mers_54.pdb,rec_4_mol54.pdb,4.809378679374774,1.9495634736820597
mers_88.pdb,rec_15_mol88.pdb,3.8301122042278473,1.7470258877823361
mers_31.pdb,rec_9_mol31.pdb,4.917482905064606,1.990085040702108
mers_57.pdb,rec_4_mol57.pdb,4.551271089357951,1.9288393582850487
mers_20.pdb,rec_15_mol20.pdb,4.424078348952235,2.21811493265906
mers_53.pdb,rec_20_mol53.pdb,5.821196540008668,2.370631498267498
mers_87.pdb,rec_15_mol87.pdb,4.003292046917438,1.785496790531018
mers_83.pdb,rec_16_mol83.pdb,3.9959679665450585,1.80974406993244
mers_91.pdb,rec_15_mol91.pdb,3.802544248055979,1.692543532476097
mers_72.pdb,rec_11_mol72.pdb,4.150530057054044,2.190221965903421
mers_85.pdb,rec_12_mol85.pdb,3.955347157104289,1.7272084822177185
mers_23.pdb,rec_19_mol23.pdb,3.9844863171345866,1.8130881018903187
mers_27.pdb,rec_4_mol27.pdb,3.827355749929828,1.8266906956472482
mers_73.pdb,rec_16_mol73.pdb,4.187249367782902,2.106632025292322
mers_47.pdb,rec_14_mol47.pdb,3.4939554525255656,1.673697872571567
mers_83.pdb,rec_20_mol83.pdb,4.000560213972966,1.7604260028274001
mers_34.pdb,rec_15_mol34.pdb,4.0943055183954895,1.759953587354276
mers_86.pdb,rec_14_mol86.pdb,4.7293416007190165,1.9836871462743642
mers_37.pdb,rec_7_mol37.pdb,3.7160877967911112,1.8887376213603315
mers_11.pdb,rec_16_mol11.pdb,2.977566703175885,1.6764205885278345
mers_90.pdb,rec_6_mol90.pdb,4.296594543894388,2.3192304349600232
mers_69.pdb,rec_11_mol69.pdb,4.5275321852766215,1.9485966213449588
mers_21.pdb,rec_5_mol21.pdb,3.807335933326375,1.6775452689885841
mers_51.pdb,rec_2_mol51.pdb,5.274270742105029,2.337468406644859
mers_15.pdb,rec_12_mol15.pdb,3.949014352976523,1.7796158694673687
mers_30.pdb,rec_20_mol30.pdb,3.2885975618529097,1.5389325291846123
mers_64.pdb,rec_16_mol64.pdb,4.3992900543354185,1.9170856611018252
mers_41.pdb,rec_6_mol41.pdb,5.1691190521789565,2.184884477860139
mers_64.pdb,rec_19_mol64.pdb,4.400780382567264,1.9063378948369152
mers_51.pdb,rec_7_mol51.pdb,4.999049876588531,2.368891779508476
mers_82.pdb,rec_19_mol82.pdb,4.054027087549642,1.7726372038587652
mers_26.pdb,rec_6_mol26.pdb,3.2838240016895646,1.5862664042040573
mers_25.pdb,rec_2_mol25.pdb,4.856598612182151,2.073990348719013
mers_35.pdb,rec_5_mol35.pdb,3.5279160165264476,1.8007758147566642
mers_90.pdb,rec_15_mol90.pdb,4.04758807126708,1.742867173767447
mers_32.pdb,rec_11_mol32.pdb,4.233558873520505,2.54153244645766
mers_61.pdb,rec_14_mol61.pdb,4.426721153406867,2.092161509064921
mers_88.pdb,rec_9_mol88.pdb,3.9080708787662584,1.8786968415937981
mers_13.pdb,rec_9_mol13.pdb,4.109233537186322,2.3627265163994453
mers_37.pdb,rec_11_mol37.pdb,3.723648204646114,1.8448813662337376
mers_96.pdb,rec_15_mol96.pdb,2.9848357883516723,1.4143601305928852
mers_1.pdb,rec_6_mol1.pdb,3.751224528074991,1.7505662037838978
mers_5.pdb,rec_1_mol5.pdb,3.811560470933122,1.6685153197362772
mers_14.pdb,rec_16_mol14.pdb,4.287439480283394,1.8871476254012576
mers_32.pdb,rec_7_mol32.pdb,4.756075743849581,2.147899466663707
mers_39.pdb,rec_11_mol39.pdb,4.7449281322569075,2.1982403223576332
mers_27.pdb,rec_18_mol27.pdb,3.824361120769218,1.8652766853837912
mers_31.pdb,rec_4_mol31.pdb,4.902563487766828,2.02759119048691
mers_87.pdb,rec_18_mol87.pdb,4.180176646710033,1.9887978711167331
mers_9.pdb,rec_2_mol9.pdb,3.9741270757698817,1.7742649124309742
mers_39.pdb,rec_5_mol39.pdb,4.815848062509079,2.2826322614117327
mers_89.pdb,rec_14_mol89.pdb,2.425958614072255,1.344838303563444
mers_25.pdb,rec_15_mol25.pdb,4.857259323335841,2.0466314299751223
mers_85.pdb,rec_11_mol85.pdb,4.133997962877352,2.2424320027291755
mers_76.pdb,rec_5_mol76.pdb,4.026620503726325,1.74609117188816
mers_1.pdb,rec_12_mol1.pdb,3.743942737704969,1.8014377478073997
mers_82.pdb,rec_18_mol82.pdb,4.043954271181418,1.742041876543133
mers_10.pdb,rec_14_mol10.pdb,4.280832359361437,2.102489554198434
mers_13.pdb,rec_6_mol13.pdb,4.11006948236841,2.3670292501111314
mers_68.pdb,rec_1_mol68.pdb,3.9683036024927936,1.8406005325355037
mers_50.pdb,rec_14_mol50.pdb,2.8281711634655538,1.5514112661861619
mers_73.pdb,rec_14_mol73.pdb,4.037764038462115,1.731776256866682
mers_54.pdb,rec_18_mol54.pdb,4.975497661330873,2.5235822150699656
mers_2.pdb,rec_2_mol2.pdb,3.8128323502293417,2.200114578743039
mers_23.pdb,rec_1_mol23.pdb,4.114993591153077,1.8175942844078936
mers_82.pdb,rec_15_mol82.pdb,4.052010375995542,1.6950174770819515
mers_90.pdb,rec_14_mol90.pdb,4.361827066762926,1.998607324250489
mers_76.pdb,rec_11_mol76.pdb,4.058111469766092,1.736540907123259
mers_56.pdb,rec_2_mol56.pdb,2.2934696209826066,1.327166476879441
mers_17.pdb,rec_16_mol17.pdb,4.2112349099762545,1.820360533612674
mers_21.pdb,rec_18_mol21.pdb,4.110160021229382,2.3426442823545046
mers_88.pdb,rec_11_mol88.pdb,3.567756412581057,1.677289726782553
mers_44.pdb,rec_19_mol44.pdb,3.857404976235507,1.7596721407244371
mers_8.pdb,rec_4_mol8.pdb,4.753346403611901,2.031564175387713
mers_31.pdb,rec_11_mol31.pdb,4.883893345355587,2.1876155321527033
mers_54.pdb,rec_19_mol54.pdb,4.823574230088277,2.016910205631536
mers_35.pdb,rec_2_mol35.pdb,3.536262805814557,1.7883185797804997
mers_75.pdb,rec_11_mol75.pdb,4.68557895846739,2.4683965289192615
mers_29.pdb,rec_13_mol29.pdb,4.716700478993506,2.574666992164514
mers_62.pdb,rec_20_mol62.pdb,4.6724169109156914,1.9995141819049285
mers_33.pdb,rec_11_mol33.pdb,2.4336968212781738,1.5342916069630876
mers_2.pdb,rec_16_mol2.pdb,3.6441892146446864,2.151348448694211
mers_66.pdb,rec_18_mol66.pdb,3.126656616780071,1.6743901518667736
mers_36.pdb,rec_16_mol36.pdb,4.132433835253754,1.8249618286808102
mers_67.pdb,rec_5_mol67.pdb,3.9015564148403574,2.242791385339256
mers_11.pdb,rec_14_mol11.pdb,2.977958861173119,1.6251357289860353
mers_3.pdb,rec_12_mol3.pdb,4.4189351054848975,2.107185837414756
mers_57.pdb,rec_6_mol57.pdb,4.538983899325169,1.9636021648368873
mers_84.pdb,rec_18_mol84.pdb,3.5683802130725435,2.3068324950552856
mers_94.pdb,rec_14_mol94.pdb,4.648024541675197,2.3646034164569425
mers_6.pdb,rec_4_mol6.pdb,4.774097456296893,2.0998851311963556
mers_41.pdb,rec_19_mol41.pdb,4.640732985892642,2.0100383999949916
mers_19.pdb,rec_5_mol19.pdb,5.42914204068089,3.3040206080635985
mers_79.pdb,rec_20_mol79.pdb,2.5485090637204673,1.3976188219366044
mers_22.pdb,rec_16_mol22.pdb,3.0420782953806467,1.465584765159029
mers_77.pdb,rec_15_mol77.pdb,3.891304413057111,1.7385609175411505
mers_93.pdb,rec_16_mol93.pdb,2.3979844609812586,1.4517273912507178
mers_89.pdb,rec_4_mol89.pdb,2.427558134430203,1.3492108695697667
mers_76.pdb,rec_9_mol76.pdb,4.38428562009788,2.196553084934474
mers_18.pdb,rec_18_mol18.pdb,4.430654316911141,1.8750281345261277
mers_90.pdb,rec_2_mol90.pdb,4.020552541608074,1.7468513663240697
mers_85.pdb,rec_18_mol85.pdb,4.066818750935633,2.265339695160423
mers_15.pdb,rec_7_mol15.pdb,3.9799065541733674,1.8609090779126212
mers_43.pdb,rec_6_mol43.pdb,3.734171734991111,2.257576907048658
mers_68.pdb,rec_15_mol68.pdb,4.000238091185324,1.7926628157385678
mers_68.pdb,rec_16_mol68.pdb,4.001311567614065,1.8525255190012493
mers_11.pdb,rec_20_mol11.pdb,3.742174783824433,1.6527588835055576
mers_49.pdb,rec_11_mol49.pdb,3.3521515957467916,1.6564858030305283
mers_69.pdb,rec_20_mol69.pdb,4.222364603263888,1.901301982322471
mers_17.pdb,rec_15_mol17.pdb,4.212563971119836,1.747657157868938
mers_24.pdb,rec_7_mol24.pdb,4.339188114657492,1.9600574466693759
mers_87.pdb,rec_1_mol87.pdb,3.9812743707588663,1.8807854213414186
mers_48.pdb,rec_4_mol48.pdb,3.0865660096613636,1.3951252361774742
mers_72.pdb,rec_13_mol72.pdb,4.194548245861528,2.239385051079138
mers_43.pdb,rec_1_mol43.pdb,3.131938864267657,1.6116392167634557
mers_0.pdb,rec_9_mol0.pdb,5.270968361121559,2.345716628144573
mers_25.pdb,rec_9_mol25.pdb,4.9904938972173705,2.4672518444683154
mers_40.pdb,rec_7_mol40.pdb,3.921247950602618,2.248595148104638
mers_53.pdb,rec_18_mol53.pdb,4.744266223772164,2.519264739467713
mers_30.pdb,rec_14_mol30.pdb,3.3073927165453636,1.5937662508954833
mers_62.pdb,rec_18_mol62.pdb,4.644384685485013,2.651168617703432
mers_38.pdb,rec_4_mol38.pdb,4.627942933196207,2.485452954357395
mers_36.pdb,rec_14_mol36.pdb,4.167396331850482,1.79724159447126
mers_83.pdb,rec_19_mol83.pdb,4.014732230394309,1.8441468385196633
mers_47.pdb,rec_15_mol47.pdb,3.5090507297668814,1.6368132270555158
mers_74.pdb,rec_7_mol74.pdb,4.215059523882901,1.9477457266693976
mers_22.pdb,rec_1_mol22.pdb,3.0790738504223825,1.4583547021822139
mers_0.pdb,rec_16_mol0.pdb,5.452099964143733,2.3192474259589377
mers_32.pdb,rec_1_mol32.pdb,4.576112207828819,2.0322929510617316
mers_36.pdb,rec_20_mol36.pdb,4.1029214075221665,1.7380799342561486
mers_59.pdb,rec_12_mol59.pdb,4.377582617935431,1.8917104948970827
mers_74.pdb,rec_12_mol74.pdb,4.003483783381637,1.7251481330001348
mers_95.pdb,rec_11_mol95.pdb,4.426239189702108,1.8609455258545433
mers_53.pdb,rec_6_mol53.pdb,5.027239476599369,2.5345990406549768
mers_75.pdb,rec_7_mol75.pdb,4.58557545410692,2.4855885524048746
mers_92.pdb,rec_13_mol92.pdb,2.861889922730325,1.743774439336386
mers_25.pdb,rec_4_mol25.pdb,4.859893716033081,2.0597192890395024
mers_33.pdb,rec_6_mol33.pdb,2.6435955673618783,1.4713899709993803
mers_12.pdb,rec_5_mol12.pdb,2.7700206027575,1.5634292930307352
mers_9.pdb,rec_5_mol9.pdb,3.969393581527568,1.7736050902392522
mers_43.pdb,rec_19_mol43.pdb,2.8663054434836046,1.5505334069613226
mers_15.pdb,rec_20_mol15.pdb,4.029856899553289,1.7691100728377807
mers_89.pdb,rec_1_mol89.pdb,2.548802108962267,1.5164455479723677
mers_56.pdb,rec_15_mol56.pdb,2.2935371557897066,1.3009048896551727
mers_19.pdb,rec_6_mol19.pdb,5.429063968509125,3.324186477922544
mers_66.pdb,rec_16_mol66.pdb,3.1265651439282687,1.6828829157637366
mers_34.pdb,rec_8_mol34.pdb,4.23885295761093,1.9088580126251655
mers_68.pdb,rec_5_mol68.pdb,4.000642106368492,1.8004049543381189
mers_29.pdb,rec_12_mol29.pdb,4.806096151345116,2.02483790622228
mers_79.pdb,rec_11_mol79.pdb,2.3181954075802125,1.330712640105155
mers_34.pdb,rec_14_mol34.pdb,4.453589697328888,1.96412400205486
mers_37.pdb,rec_18_mol37.pdb,3.717391526581732,1.856062831076858
mers_80.pdb,rec_19_mol80.pdb,3.8939335669978203,1.725993694726126
mers_52.pdb,rec_6_mol52.pdb,4.868244952445523,2.5851199659493194
mers_9.pdb,rec_20_mol9.pdb,4.225711388080311,1.8641116252834729
mers_90.pdb,rec_19_mol90.pdb,4.062366767799762,1.8196231698743435
mers_1.pdb,rec_16_mol1.pdb,3.3875155686748206,1.6089644164461805
mers_24.pdb,rec_11_mol24.pdb,4.4754695674758525,1.8708920446843855
mers_8.pdb,rec_16_mol8.pdb,4.593557640407347,1.930655259886821
mers_52.pdb,rec_16_mol52.pdb,4.799899053509197,2.0373213252639655
mers_1.pdb,rec_14_mol1.pdb,3.584918569996902,1.7145486924608178
mers_49.pdb,rec_4_mol49.pdb,3.163858514964174,1.4470138740925464
mers_38.pdb,rec_18_mol38.pdb,4.652825018825944,2.5112871384835316
mers_93.pdb,rec_18_mol93.pdb,3.1351681067321664,2.0100057806093274
mers_49.pdb,rec_5_mol49.pdb,3.2601253530793266,1.6003349962207467
mers_77.pdb,rec_4_mol77.pdb,3.7561254545089287,1.7147983232177129
mers_52.pdb,rec_11_mol52.pdb,4.721916209642272,1.9789053483369812
mers_55.pdb,rec_11_mol55.pdb,4.320644497342099,2.0256397193952735
mers_19.pdb,rec_1_mol19.pdb,5.161166858186376,2.2454163943647414
mers_26.pdb,rec_20_mol26.pdb,3.419713252911006,1.5786462443805
mers_37.pdb,rec_19_mol37.pdb,3.6986012573936438,1.8977137187765332
mers_11.pdb,rec_15_mol11.pdb,2.9784354265950257,1.6485861537432565
mers_34.pdb,rec_1_mol34.pdb,4.456013231752492,1.974406831721805
mers_70.pdb,rec_14_mol70.pdb,4.793662256660824,2.223461900122412
mers_45.pdb,rec_6_mol45.pdb,3.9124885013940593,2.19480078327595
mers_56.pdb,rec_12_mol56.pdb,2.293321709601411,1.3239806230630293
mers_2.pdb,rec_12_mol2.pdb,3.856617967878628,1.979213906609615
mers_4.pdb,rec_9_mol4.pdb,3.283276020879943,1.595697572609266
mers_36.pdb,rec_5_mol36.pdb,3.9068415479409846,1.660889070502812
mers_17.pdb,rec_20_mol17.pdb,4.321799142178588,1.7844720984117517
mers_31.pdb,rec_2_mol31.pdb,4.981110763388681,2.087536190734351
mers_2.pdb,rec_14_mol2.pdb,3.873104339751619,1.9934455883150353
mers_93.pdb,rec_20_mol93.pdb,2.4907632641134057,1.4120475304582716
mers_11.pdb,rec_18_mol11.pdb,3.8185952293729946,1.6800851701178487
mers_15.pdb,rec_4_mol15.pdb,3.8670527189286754,1.8048956618004024
mers_29.pdb,rec_2_mol29.pdb,4.800423056336056,2.001059882539903
mers_23.pdb,rec_9_mol23.pdb,4.2231771095009325,2.6301559735262567
mers_17.pdb,rec_14_mol17.pdb,4.276962062083595,1.8357727049357468
mers_44.pdb,rec_9_mol44.pdb,3.736087727392,2.124190493625229
mers_18.pdb,rec_4_mol18.pdb,4.43090567069588,1.877539574550457
mers_18.pdb,rec_19_mol18.pdb,4.33524145800854,1.7425223877163531
mers_27.pdb,rec_12_mol27.pdb,4.155036085816091,1.8315295246443801
mers_6.pdb,rec_11_mol6.pdb,4.9398982337348585,2.3045922055920047
mers_82.pdb,rec_6_mol82.pdb,4.324074856459309,1.889291028480099
mers_25.pdb,rec_20_mol25.pdb,4.866660000413012,2.0362897080412963
mers_48.pdb,rec_14_mol48.pdb,3.086422293862637,1.409316196378441
mers_25.pdb,rec_11_mol25.pdb,4.764926010863642,2.0066667411759065
mers_3.pdb,rec_14_mol3.pdb,4.874326604783486,2.095065420998998
mers_24.pdb,rec_9_mol24.pdb,4.451008738799683,2.4600965929370155
mers_42.pdb,rec_7_mol42.pdb,4.471227687765468,2.171790884561136
mers_57.pdb,rec_11_mol57.pdb,4.551986389292736,1.9214080056589673
mers_86.pdb,rec_4_mol86.pdb,4.670217906168867,2.5620727838924218
mers_35.pdb,rec_20_mol35.pdb,3.5220520806842237,1.769048675386477
mers_25.pdb,rec_12_mol25.pdb,4.872440328070432,2.058854359925495
mers_36.pdb,rec_1_mol36.pdb,4.515327015769715,2.3979403573092477
mers_6.pdb,rec_20_mol6.pdb,4.924566162614404,2.141746438958448
mers_1.pdb,rec_7_mol1.pdb,3.5608877623314563,1.7610901570613573
mers_46.pdb,rec_7_mol46.pdb,4.615612814671537,2.34757792878788
mers_93.pdb,rec_7_mol93.pdb,2.4888168976975424,1.491337394317984
mers_14.pdb,rec_7_mol14.pdb,4.5640260504401216,2.010039409663426
mers_9.pdb,rec_14_mol9.pdb,4.130769495685669,1.950035532093127
mers_89.pdb,rec_2_mol89.pdb,2.4257210498964477,1.3107705523664028
mers_48.pdb,rec_20_mol48.pdb,3.271824260860801,1.464935085063567
mers_35.pdb,rec_18_mol35.pdb,3.5112510304383644,1.801607454611052
mers_13.pdb,rec_20_mol13.pdb,3.831431917917391,1.7282121492746885
mers_34.pdb,rec_12_mol34.pdb,4.082165860639124,1.7567522324929106
mers_13.pdb,rec_2_mol13.pdb,3.84418725774604,1.7290333171981362
mers_28.pdb,rec_2_mol28.pdb,4.177778778215619,1.8210827123981357
mers_10.pdb,rec_7_mol10.pdb,4.028595981757576,1.8171229742518944
mers_73.pdb,rec_1_mol73.pdb,4.2656351214621635,1.7779708238241263
mers_67.pdb,rec_11_mol67.pdb,4.0043375914501285,2.2766141924049306
mers_17.pdb,rec_9_mol17.pdb,4.4100023318637165,2.274294897742751
mers_45.pdb,rec_15_mol45.pdb,3.8882980886373812,1.694125223605709
mers_80.pdb,rec_16_mol80.pdb,3.9878578252132635,1.7601964268598067
mers_17.pdb,rec_5_mol17.pdb,4.183917875424654,1.7655581266787026
mers_67.pdb,rec_14_mol67.pdb,3.836273574380891,1.749865575240755
mers_61.pdb,rec_6_mol61.pdb,4.4939309203855675,2.0496019076177814
mers_85.pdb,rec_13_mol85.pdb,4.055059403171077,2.265468484787941
mers_22.pdb,rec_13_mol22.pdb,3.4870619911000094,1.930460633097726
mers_96.pdb,rec_11_mol96.pdb,3.2070426423339757,1.7103850102786302
mers_66.pdb,rec_15_mol66.pdb,2.3297457671591983,1.2885244803588778
mers_19.pdb,rec_18_mol19.pdb,5.560229673986715,3.2007808285114034
mers_72.pdb,rec_1_mol72.pdb,4.15605996098382,1.9217933192623031
mers_42.pdb,rec_11_mol42.pdb,4.46902172702057,1.9614740294796322
mers_30.pdb,rec_1_mol30.pdb,3.4187302838036957,1.599338413101131
mers_69.pdb,rec_2_mol69.pdb,4.18050633137294,1.959533097287219
mers_50.pdb,rec_6_mol50.pdb,2.379381213045901,1.4880504519909263
mers_82.pdb,rec_14_mol82.pdb,4.5026263867626435,2.0106852178100683
mers_53.pdb,rec_7_mol53.pdb,5.370652416416398,2.314316721692292
mers_50.pdb,rec_1_mol50.pdb,2.5391463852841727,1.6518306649240198
mers_58.pdb,rec_2_mol58.pdb,4.14499217002055,2.3949217079433773
mers_20.pdb,rec_20_mol20.pdb,4.424338781481763,2.2153707323397107
mers_64.pdb,rec_1_mol64.pdb,4.742896197996994,2.162271287050453
mers_15.pdb,rec_2_mol15.pdb,3.9237050786450083,1.7501969953288707
mers_31.pdb,rec_1_mol31.pdb,4.532629777324111,1.9365770599193932
mers_80.pdb,rec_18_mol80.pdb,4.269043227147278,2.2768299638567098
mers_5.pdb,rec_12_mol5.pdb,3.6305229039513915,1.608849817400417
mers_20.pdb,rec_7_mol20.pdb,4.646017836800437,2.307011838482123
mers_79.pdb,rec_2_mol79.pdb,2.508986202544808,1.2965655640872829
mers_83.pdb,rec_12_mol83.pdb,4.026885930891761,1.8095072634881946
mers_15.pdb,rec_14_mol15.pdb,3.9225924824752294,1.7657597672003285
mers_64.pdb,rec_4_mol64.pdb,4.358005408766245,1.868537987852163
mers_11.pdb,rec_9_mol11.pdb,3.0359039214498518,1.6204868767772747
mers_46.pdb,rec_2_mol46.pdb,4.579132063919352,1.944569413641779
mers_30.pdb,rec_5_mol30.pdb,3.563018997836732,2.3959070792601436
mers_62.pdb,rec_4_mol62.pdb,4.58606912806254,1.9137346655205572
mers_54.pdb,rec_2_mol54.pdb,4.792241335043516,2.006867693785951
mers_63.pdb,rec_18_mol63.pdb,4.119892028069384,1.8000441317024105
mers_68.pdb,rec_19_mol68.pdb,4.214111623231376,1.9715968042985403
mers_0.pdb,rec_18_mol0.pdb,5.240863961975421,2.374885232716036
mers_96.pdb,rec_5_mol96.pdb,2.975143679839503,1.3642252153230554
mers_8.pdb,rec_13_mol8.pdb,5.035313395197796,2.512442971291935
mers_73.pdb,rec_11_mol73.pdb,4.185701759176016,2.0820387184943994
mers_26.pdb,rec_2_mol26.pdb,3.288240343199,1.6191978609427606
mers_3.pdb,rec_15_mol3.pdb,4.784724184307228,2.0226996858830626
mers_5.pdb,rec_19_mol5.pdb,3.616332912518603,2.015877798640978
mers_90.pdb,rec_20_mol90.pdb,4.093873861539063,1.7287058693754493
mers_7.pdb,rec_14_mol7.pdb,2.452554239745277,1.5557469585031807
mers_55.pdb,rec_4_mol55.pdb,4.1277642220933695,1.7589501969628125
mers_19.pdb,rec_20_mol19.pdb,5.455586873245256,2.5918596683280373
mers_83.pdb,rec_7_mol83.pdb,3.9886895458608467,1.8421445836044037
mers_56.pdb,rec_13_mol56.pdb,2.6405765335771494,1.6224694157169306
mers_7.pdb,rec_6_mol7.pdb,2.1205472110660146,1.2686329931934208
mers_62.pdb,rec_13_mol62.pdb,4.6229550307116964,2.6531524903663866
mers_91.pdb,rec_14_mol91.pdb,4.139634379658424,1.8805256952259566
mers_45.pdb,rec_1_mol45.pdb,3.777120767075814,1.7017631101580843
mers_94.pdb,rec_20_mol94.pdb,4.974487469637979,2.2342962568210862
mers_76.pdb,rec_1_mol76.pdb,4.322224650735232,1.8157472813031066
mers_36.pdb,rec_7_mol36.pdb,4.233704582846331,1.9939936745862379
mers_80.pdb,rec_11_mol80.pdb,4.2617109300618505,2.280443324827728
mers_41.pdb,rec_15_mol41.pdb,4.745997072082749,1.9589023986196108
mers_40.pdb,rec_12_mol40.pdb,3.857267903470298,1.7266020796414814
mers_67.pdb,rec_6_mol67.pdb,3.8641430099818987,2.244734712040562
mers_76.pdb,rec_14_mol76.pdb,4.3962404086550775,1.9311783282279693
mers_80.pdb,rec_7_mol80.pdb,4.573445333482199,2.196894339071711
mers_96.pdb,rec_13_mol96.pdb,3.116736919497403,1.7091922656076357
mers_69.pdb,rec_19_mol69.pdb,4.412237175336728,1.966480646627719
mers_38.pdb,rec_19_mol38.pdb,4.490910543009118,2.5514517596041824
mers_36.pdb,rec_19_mol36.pdb,4.242116386436964,1.970941533992767
mers_54.pdb,rec_12_mol54.pdb,4.638819323133728,1.9392483814899728
mers_77.pdb,rec_11_mol77.pdb,3.513164252506016,1.6207269466143452
mers_4.pdb,rec_19_mol4.pdb,3.486861274489447,1.5409757355496831
mers_15.pdb,rec_19_mol15.pdb,3.958363489062726,1.8656711412665625
mers_32.pdb,rec_4_mol32.pdb,4.410628173528704,1.8865805320777718
mers_63.pdb,rec_5_mol63.pdb,4.349414198991239,2.083519536880562
mers_54.pdb,rec_5_mol54.pdb,4.981177845782554,2.516781479838416
mers_83.pdb,rec_15_mol83.pdb,3.969329271043776,1.757302755591501
mers_93.pdb,rec_12_mol93.pdb,2.400855941134376,1.4122635466468147
mers_9.pdb,rec_19_mol9.pdb,4.178842732783216,1.9470823443113026
mers_16.pdb,rec_2_mol16.pdb,2.8859224943723114,1.4769059596478513
mers_91.pdb,rec_18_mol91.pdb,4.215494896131777,2.2368664734502226
mers_45.pdb,rec_7_mol45.pdb,3.941953089757531,2.221453617884486
mers_72.pdb,rec_15_mol72.pdb,4.200388703243281,1.8632777431072116
mers_45.pdb,rec_12_mol45.pdb,3.906690443195245,2.192012045075052
mers_89.pdb,rec_20_mol89.pdb,2.9318629525851763,1.4587542195262584
mers_87.pdb,rec_4_mol87.pdb,4.2781091609765705,2.4585481440503303
mers_3.pdb,rec_19_mol3.pdb,4.706483310957957,2.098774353096941
mers_39.pdb,rec_19_mol39.pdb,4.718312669322286,1.9365942256492545
mers_91.pdb,rec_4_mol91.pdb,3.8007887645789418,1.7052357637533566
mers_73.pdb,rec_4_mol73.pdb,3.981908386506056,1.677125434934687
mers_79.pdb,rec_15_mol79.pdb,2.4826623484479504,1.3120939862348686
mers_53.pdb,rec_11_mol53.pdb,4.691052558932099,2.2259005968332133
mers_93.pdb,rec_13_mol93.pdb,3.4800189694288517,2.0891892222512998
mers_51.pdb,rec_5_mol51.pdb,5.0820202682196,2.269179698115676
mers_1.pdb,rec_1_mol1.pdb,3.123035751731909,1.7045112215869125
mers_43.pdb,rec_18_mol43.pdb,3.700923699390751,2.2946399609477437
mers_91.pdb,rec_1_mol91.pdb,4.192999896235265,2.28439131443703
mers_58.pdb,rec_6_mol58.pdb,4.012497935756028,1.8884838235199048
mers_56.pdb,rec_5_mol56.pdb,2.293459657395738,1.3010745494257137
mers_90.pdb,rec_12_mol90.pdb,4.026269957481528,1.7528544085795283
mers_16.pdb,rec_5_mol16.pdb,2.886916273183415,1.4937035117240824
mers_35.pdb,rec_7_mol35.pdb,3.6697765143108434,1.8680400630126237
mers_32.pdb,rec_20_mol32.pdb,4.246345712024451,1.7690458730929723
mers_63.pdb,rec_16_mol63.pdb,4.366092310205594,2.098911304885445
mers_3.pdb,rec_4_mol3.pdb,4.696132291318569,2.0230058242415447
mers_79.pdb,rec_13_mol79.pdb,2.3995532893316454,1.56769994189909
mers_52.pdb,rec_18_mol52.pdb,4.853175162426159,2.60607421025335
mers_24.pdb,rec_1_mol24.pdb,4.309333074900982,1.9233810383123617
mers_67.pdb,rec_4_mol67.pdb,3.767762112093317,1.729870997529125
mers_23.pdb,rec_4_mol23.pdb,3.859022271266639,1.7580001706972792
mers_57.pdb,rec_18_mol57.pdb,4.488029523565816,2.0034264259484122
mers_92.pdb,rec_18_mol92.pdb,2.1845724701190985,1.4232548024929301
mers_79.pdb,rec_7_mol79.pdb,2.575738287255356,1.5336020469709402
mers_40.pdb,rec_20_mol40.pdb,3.9143204069211266,1.6925711373633228
mers_59.pdb,rec_4_mol59.pdb,4.379270536411083,1.8931741436451168
mers_71.pdb,rec_7_mol71.pdb,4.346518552523331,1.9597575567687164
mers_66.pdb,rec_2_mol66.pdb,3.134811588714534,1.755846974832577
mers_33.pdb,rec_16_mol33.pdb,3.0153584727605525,1.7366556659160128
mers_47.pdb,rec_9_mol47.pdb,3.7281727558726288,2.3292110346544326
mers_33.pdb,rec_15_mol33.pdb,3.015799569186877,1.6724979234508526
mers_64.pdb,rec_14_mol64.pdb,4.466565898803969,1.920854392297353
mers_38.pdb,rec_1_mol38.pdb,4.889632854559379,2.061835509647949
mers_44.pdb,rec_7_mol44.pdb,3.762680700977856,2.205454918551682
mers_88.pdb,rec_8_mol88.pdb,3.909704848403157,1.8587071251160179
mers_33.pdb,rec_14_mol33.pdb,2.6442306573487544,1.5082812013678748
mers_47.pdb,rec_19_mol47.pdb,3.5074840074305396,1.6971445948243227
mers_15.pdb,rec_11_mol15.pdb,3.929145877283928,1.7748321864178584
mers_40.pdb,rec_14_mol40.pdb,3.8065488543252424,1.746822951334826
mers_5.pdb,rec_14_mol5.pdb,3.886183001145411,1.9269200569360552
mers_81.pdb,rec_18_mol81.pdb,3.8683611706338388,2.319530098703665
mers_5.pdb,rec_5_mol5.pdb,3.757956071965326,1.9252236359545494
mers_67.pdb,rec_20_mol67.pdb,3.7668465822281156,1.7233031471611049
mers_20.pdb,rec_4_mol20.pdb,4.134280726419847,1.9160490616748456
mers_65.pdb,rec_16_mol65.pdb,4.471727606175003,2.1139367546794325
mers_28.pdb,rec_19_mol28.pdb,4.219630983709472,1.8864482534935716
mers_8.pdb,rec_14_mol8.pdb,4.847388051580268,2.1588213808794436
mers_19.pdb,rec_15_mol19.pdb,5.4244606553404076,3.3229046865042067
mers_77.pdb,rec_2_mol77.pdb,4.399208874855365,2.200708781962134
mers_71.pdb,rec_4_mol71.pdb,3.9005057011558533,1.7298542436860385
mers_10.pdb,rec_12_mol10.pdb,4.091706488332054,1.7812920888233341
mers_64.pdb,rec_13_mol64.pdb,4.54679317779031,2.539573756063736
mers_90.pdb,rec_9_mol90.pdb,4.301450693694669,2.330237096502142
mers_18.pdb,rec_9_mol18.pdb,4.313699194809774,1.7993514253224352
mers_22.pdb,rec_18_mol22.pdb,3.175357381588861,1.6257147267875103
mers_70.pdb,rec_19_mol70.pdb,4.208007065035633,1.8169905851605768
mers_79.pdb,rec_5_mol79.pdb,2.5073246460993954,1.3444314978899123
mers_19.pdb,rec_19_mol19.pdb,5.426779275626112,3.357224802493539
mers_60.pdb,rec_9_mol60.pdb,2.6427484542261763,1.5413597597316524
mers_65.pdb,rec_13_mol65.pdb,4.735606754979829,2.0745092504255807
mers_44.pdb,rec_20_mol44.pdb,3.8484899444187763,1.7101504714204674
mers_84.pdb,rec_15_mol84.pdb,3.033533640408836,1.5557415290998047
mers_17.pdb,rec_2_mol17.pdb,4.166721726165559,1.723533468717974
mers_52.pdb,rec_7_mol52.pdb,4.873141791327266,2.645476805590697
mers_95.pdb,rec_15_mol95.pdb,4.165234878282033,2.428130071773515
mers_35.pdb,rec_15_mol35.pdb,3.520003829755427,1.7806863499693082
mers_15.pdb,rec_5_mol15.pdb,3.9255471767432843,1.7650825357389637
mers_79.pdb,rec_18_mol79.pdb,2.3152697004336136,1.355797244696279
mers_9.pdb,rec_6_mol9.pdb,4.164873906110391,2.3292924930664665
mers_68.pdb,rec_2_mol68.pdb,3.997158182054063,1.8261417936450657
mers_83.pdb,rec_9_mol83.pdb,4.390248218325021,2.631196924505759
mers_17.pdb,rec_11_mol17.pdb,4.412958926363489,2.233180572530777
mers_90.pdb,rec_7_mol90.pdb,4.057969414520348,1.798236108403335
mers_94.pdb,rec_13_mol94.pdb,5.113457748747102,2.288085902885892
mers_31.pdb,rec_7_mol31.pdb,4.899946564024984,2.2915349433655843
mers_4.pdb,rec_15_mol4.pdb,3.2780881638214643,1.6353532357912226
mers_69.pdb,rec_13_mol69.pdb,4.1803606285876524,2.0334547484289778
mers_6.pdb,rec_9_mol6.pdb,4.870201237457944,2.1337127583397817
mers_2.pdb,rec_1_mol2.pdb,3.433285143390352,1.6741176395220476
mers_25.pdb,rec_18_mol25.pdb,4.994997783914226,2.5146812449152054
mers_10.pdb,rec_11_mol10.pdb,3.8753554656105416,1.9828456855739198
mers_30.pdb,rec_2_mol30.pdb,3.281718478451572,1.5463300982787376
mers_34.pdb,rec_18_mol34.pdb,4.092042150013592,1.768029757754573
mers_27.pdb,rec_20_mol27.pdb,3.822546061326754,1.8087693061469983
mers_69.pdb,rec_1_mol69.pdb,4.900957205817931,2.1392641883370107
mers_76.pdb,rec_7_mol76.pdb,4.2304090234246345,1.884755099554994
mers_39.pdb,rec_20_mol39.pdb,4.761552965161039,1.909585534988354
mers_41.pdb,rec_7_mol41.pdb,4.748842651497778,2.0233548607085043
mers_23.pdb,rec_15_mol23.pdb,3.858181827479645,1.7213091577689321
mers_95.pdb,rec_20_mol95.pdb,4.232289089807467,1.8701987941364377
mers_15.pdb,rec_6_mol15.pdb,4.187953702515684,2.1432616621566054
mers_77.pdb,rec_12_mol77.pdb,3.758433581300901,1.7225878115313913
mers_73.pdb,rec_5_mol73.pdb,4.189690185696816,2.091620504604957
mers_37.pdb,rec_5_mol37.pdb,3.7123413573870647,1.8474725526932152
mers_23.pdb,rec_7_mol23.pdb,3.968237410330082,1.7897595639284105
mers_30.pdb,rec_12_mol30.pdb,3.311034779437258,1.5524344458141488
mers_12.pdb,rec_2_mol12.pdb,3.056982355988324,1.6308105600622236
mers_77.pdb,rec_14_mol77.pdb,3.762031388185415,1.740929688365697
mers_92.pdb,rec_20_mol92.pdb,2.8465930733574423,1.674189954259814
mers_39.pdb,rec_2_mol39.pdb,4.803836917945371,2.292650476239564
mers_64.pdb,rec_11_mol64.pdb,4.385598437155322,1.8504666698321721
mers_58.pdb,rec_18_mol58.pdb,4.255440715179686,2.0454002140088874
mers_40.pdb,rec_9_mol40.pdb,3.8952209411522287,2.1599741695894203
mers_72.pdb,rec_19_mol72.pdb,4.2700621716207605,1.8934920294680506
mers_10.pdb,rec_4_mol10.pdb,4.102972847615992,1.7775019964192607
mers_29.pdb,rec_19_mol29.pdb,4.858470638826464,2.0971341558620726
mers_85.pdb,rec_4_mol85.pdb,3.9621355639969553,1.7341229304938446
mers_47.pdb,rec_1_mol47.pdb,3.3901216680808752,1.8579147412998296
mers_69.pdb,rec_6_mol69.pdb,4.412725548862552,1.8891827339964509
mers_52.pdb,rec_20_mol52.pdb,4.705880157026554,1.9588748620966825
mers_43.pdb,rec_5_mol43.pdb,2.92563161974355,1.5112637930311756
mers_94.pdb,rec_18_mol94.pdb,4.96282323657659,2.2420194272253338
mers_84.pdb,rec_19_mol84.pdb,3.33406347384794,1.6316745848641243
mers_58.pdb,rec_14_mol58.pdb,4.024629715899326,1.916980995673199
mers_48.pdb,rec_2_mol48.pdb,3.086189496767927,1.3958716764967318
mers_48.pdb,rec_13_mol48.pdb,2.9389522111236044,1.7257583937742544
mers_72.pdb,rec_20_mol72.pdb,4.325132075312239,1.8369841982140875
mers_19.pdb,rec_16_mol19.pdb,5.198223082968339,2.2480996351485
mers_50.pdb,rec_18_mol50.pdb,2.4470636905441494,1.3737453747278479
mers_32.pdb,rec_2_mol32.pdb,4.404190102333324,1.8494523363689015
mers_20.pdb,rec_5_mol20.pdb,4.326974707738613,1.990957713188635
mers_86.pdb,rec_19_mol86.pdb,4.794449001638492,2.0290432855778833
mers_18.pdb,rec_14_mol18.pdb,4.313541932468862,1.844474067881164
mers_96.pdb,rec_2_mol96.pdb,3.1172559606651777,1.6279765356982683
mers_5.pdb,rec_18_mol5.pdb,3.6960422442196283,2.047609756814173
mers_7.pdb,rec_16_mol7.pdb,2.6509891843357014,1.4933948654480875
mers_53.pdb,rec_15_mol53.pdb,4.849066549086516,2.1769939218803924
mers_21.pdb,rec_19_mol21.pdb,3.825093939232555,1.7380442403429879
mers_58.pdb,rec_19_mol58.pdb,3.799798690165076,1.7521461745369027
mers_51.pdb,rec_4_mol51.pdb,4.968668457746825,2.1562813174552744
mers_52.pdb,rec_1_mol52.pdb,4.682915426108268,2.13821171439016
mers_88.pdb,rec_20_mol88.pdb,3.732231070265704,1.8476453876825
mers_71.pdb,rec_6_mol71.pdb,4.237472714622015,2.278226033286606
mers_54.pdb,rec_20_mol54.pdb,4.77679693828899,1.9634216557431206
mers_53.pdb,rec_16_mol53.pdb,5.199752081458703,2.362344166276032
mers_28.pdb,rec_18_mol28.pdb,4.28254811008741,1.804013395101852
mers_25.pdb,rec_16_mol25.pdb,4.860384814899464,2.075612554932285
mers_61.pdb,rec_2_mol61.pdb,4.874018199195541,2.0703709189326127
mers_33.pdb,rec_4_mol33.pdb,3.015793352602538,1.6760979678405326
mers_62.pdb,rec_15_mol62.pdb,4.51659945381133,1.9246277355391055
mers_19.pdb,rec_12_mol19.pdb,5.4286137058490205,3.311303984226127
mers_3.pdb,rec_5_mol3.pdb,5.084370370016087,2.1123703558459797
mers_11.pdb,rec_11_mol11.pdb,2.9779804967467376,1.61559218187886
mers_39.pdb,rec_4_mol39.pdb,4.710859624040692,1.8939036848002968
mers_34.pdb,rec_19_mol34.pdb,4.095804519862918,1.80735075525545
mers_16.pdb,rec_15_mol16.pdb,3.079471395189594,1.5222490141967788
mers_29.pdb,rec_5_mol29.pdb,4.896647153967994,2.612464728358192
mers_93.pdb,rec_19_mol93.pdb,2.4018888658526305,1.4786346164238324
mers_89.pdb,rec_7_mol89.pdb,2.0584746998168053,1.3886291970499984
mers_46.pdb,rec_14_mol46.pdb,4.752868614518264,2.297457706216257
mers_93.pdb,rec_5_mol93.pdb,2.399711017113561,1.3705554294607938
mers_84.pdb,rec_11_mol84.pdb,2.9797689773363687,1.4773565518945735
mers_46.pdb,rec_11_mol46.pdb,4.70394816651168,2.2230567640103995
mers_70.pdb,rec_6_mol70.pdb,4.707335885297922,2.2700899228870175
mers_53.pdb,rec_19_mol53.pdb,5.211843646181587,2.3808196221815043
mers_31.pdb,rec_15_mol31.pdb,4.997429748806804,2.019704101903169
mers_92.pdb,rec_5_mol92.pdb,2.0912661592496287,1.3693920797842702
mers_47.pdb,rec_6_mol47.pdb,3.7294835504273585,2.3133085848420145
mers_21.pdb,rec_11_mol21.pdb,4.131601022465185,2.316830459095852
mers_44.pdb,rec_4_mol44.pdb,3.7452189659133865,2.128884467126909
mers_74.pdb,rec_2_mol74.pdb,4.002913005535994,1.7067118988877759
mers_6.pdb,rec_5_mol6.pdb,4.783059232506293,2.1043963503220597
mers_60.pdb,rec_6_mol60.pdb,2.642166244571985,1.5355179428516048
mers_28.pdb,rec_11_mol28.pdb,4.173690846627931,1.8410440137277726
mers_68.pdb,rec_11_mol68.pdb,3.9368585812288384,2.279784359946209
mers_24.pdb,rec_15_mol24.pdb,4.47817800998218,1.8845451988676893
mers_42.pdb,rec_2_mol42.pdb,4.494495000012012,1.9568470958679678
mers_85.pdb,rec_2_mol85.pdb,3.957079591874779,1.7087395636778275
mers_51.pdb,rec_12_mol51.pdb,4.989178724305572,2.265348499137058
mers_71.pdb,rec_20_mol71.pdb,4.058620548466787,1.698533929610732
mers_76.pdb,rec_19_mol76.pdb,4.068101517026464,1.8050473622158103
mers_14.pdb,rec_18_mol14.pdb,4.403380180622075,1.9071996926527799
mers_88.pdb,rec_1_mol88.pdb,3.998162220238288,2.0648534776803813
mers_95.pdb,rec_7_mol95.pdb,4.1693453929798885,2.4949796198011214
mers_47.pdb,rec_11_mol47.pdb,3.711072158694094,2.3523220885411025
mers_79.pdb,rec_4_mol79.pdb,2.733316220128817,1.535346090154634
mers_70.pdb,rec_15_mol70.pdb,4.2327407090900255,1.7707678380936336
mers_65.pdb,rec_20_mol65.pdb,4.6904488546369505,2.120391638056113
mers_33.pdb,rec_5_mol33.pdb,3.0160343202095756,1.6978213380155105
mers_36.pdb,rec_11_mol36.pdb,4.099604225628583,1.734896409480319
mers_4.pdb,rec_11_mol4.pdb,3.2846604578153134,1.4446341904564166
mers_51.pdb,rec_14_mol51.pdb,5.092906191383933,2.258966007639982
mers_48.pdb,rec_16_mol48.pdb,3.086168738935293,1.4610660856579922
mers_87.pdb,rec_19_mol87.pdb,4.018945168436397,1.8784948472418475
mers_65.pdb,rec_1_mol65.pdb,4.61095067616984,2.1272739132296556
mers_36.pdb,rec_2_mol36.pdb,3.9034921247093974,1.6839149255056114
mers_5.pdb,rec_6_mol5.pdb,3.696866316848864,2.009547995888435
mers_75.pdb,rec_15_mol75.pdb,4.271674432896797,1.8902211638400783
mers_37.pdb,rec_2_mol37.pdb,3.7140465329464933,1.8257055275283693
mers_67.pdb,rec_7_mol67.pdb,3.7029625028788566,1.7996159546224737
mers_46.pdb,rec_20_mol46.pdb,4.517947316905047,1.8778060553314728
mers_44.pdb,rec_18_mol44.pdb,3.742133805113223,2.169395397674275
mers_34.pdb,rec_11_mol34.pdb,4.559497633756649,2.260028605610045
mers_29.pdb,rec_11_mol29.pdb,4.812671181677678,2.008021635017616
mers_65.pdb,rec_6_mol65.pdb,4.5037011333198755,2.013339430073396
mers_41.pdb,rec_1_mol41.pdb,5.072293191081096,2.1932831558390142
mers_0.pdb,rec_7_mol0.pdb,5.339836793450118,2.4230659268203705
mers_29.pdb,rec_1_mol29.pdb,4.788753481556053,2.1302705428410977
mers_70.pdb,rec_12_mol70.pdb,4.208968887734356,1.7983560902049531
mers_14.pdb,rec_20_mol14.pdb,4.490845283770812,1.8666018631889933
mers_39.pdb,rec_15_mol39.pdb,4.709361281981765,1.9307597436149424
mers_57.pdb,rec_7_mol57.pdb,4.662052836902214,2.41348693029009
mers_22.pdb,rec_4_mol22.pdb,3.054875817772504,1.4431906143595095
mers_37.pdb,rec_4_mol37.pdb,3.7187509198023294,1.831309037668169
mers_40.pdb,rec_4_mol40.pdb,3.850889903256161,1.703042169335935
mers_62.pdb,rec_5_mol62.pdb,4.623179481292128,2.6300162608925866
mers_13.pdb,rec_1_mol13.pdb,3.98667906633115,1.8246283329414619
mers_66.pdb,rec_11_mol66.pdb,3.1656085972429304,1.6666827658103516
mers_48.pdb,rec_18_mol48.pdb,3.0694921165090854,1.4149310081506161
mers_29.pdb,rec_14_mol29.pdb,4.733401652169564,1.9871087997603183
mers_20.pdb,rec_13_mol20.pdb,4.358620117011265,2.204159808001629
mers_8.pdb,rec_7_mol8.pdb,4.719249417369423,1.9618460034823888
mers_86.pdb,rec_11_mol86.pdb,4.684781819630859,1.9555248610652218
mers_71.pdb,rec_1_mol71.pdb,4.243972813249924,1.9539082438284727
mers_67.pdb,rec_12_mol67.pdb,3.567160225436624,1.6810229970618273
mers_44.pdb,rec_14_mol44.pdb,3.8210765565349454,1.7471921756329511
mers_4.pdb,rec_5_mol4.pdb,3.29681116455552,1.4777837250015202
mers_81.pdb,rec_2_mol81.pdb,3.1770081964955854,1.5289779821600689
mers_56.pdb,rec_19_mol56.pdb,2.499997808630131,1.4333391109945328
mers_85.pdb,rec_14_mol85.pdb,3.9845285359376375,1.7324898882555742
mers_71.pdb,rec_5_mol71.pdb,3.999837230226928,1.6897862431743331
mers_7.pdb,rec_4_mol7.pdb,2.286953181443117,1.395966375859789
mers_46.pdb,rec_19_mol46.pdb,4.614363608298866,1.9281950157790062
mers_26.pdb,rec_15_mol26.pdb,3.639785466579475,1.5868391775687039
mers_81.pdb,rec_15_mol81.pdb,3.1810460038013955,1.5347390498050932
mers_76.pdb,rec_15_mol76.pdb,4.086331516481468,1.7043403730641649
mers_62.pdb,rec_16_mol62.pdb,4.603215757681932,1.9609270276592123
mers_68.pdb,rec_20_mol68.pdb,3.9809750875581154,2.3329759770145517
mers_56.pdb,rec_6_mol56.pdb,2.6025547233584567,1.5453668004392072
mers_3.pdb,rec_20_mol3.pdb,4.458212882625388,2.081489632854673
mers_74.pdb,rec_15_mol74.pdb,4.005376800174765,1.7130640336575325
mers_20.pdb,rec_11_mol20.pdb,4.418732537703023,2.215572448573118
mers_24.pdb,rec_12_mol24.pdb,4.481996707613383,1.9171467246438805
mers_60.pdb,rec_5_mol60.pdb,2.3520674899055285,1.4737487682146935
mers_10.pdb,rec_18_mol10.pdb,4.123610726815456,2.2672129443466074
mers_83.pdb,rec_5_mol83.pdb,3.954961662777856,1.7550723030843498
mers_13.pdb,rec_15_mol13.pdb,3.7972300361206126,1.7450945833928249
mers_62.pdb,rec_8_mol62.pdb,4.887381242487386,2.412186289976479
mers_51.pdb,rec_1_mol51.pdb,5.255646447992217,2.218262591298819
mers_80.pdb,rec_5_mol80.pdb,4.246787487652869,2.2881929970910013
mers_16.pdb,rec_14_mol16.pdb,2.982819138454484,1.532533844082974
mers_0.pdb,rec_1_mol0.pdb,5.170341505707593,2.2742786206777885
mers_46.pdb,rec_5_mol46.pdb,4.756686459209564,2.2656769222209965
mers_69.pdb,rec_15_mol69.pdb,4.411737198379839,1.9007723557658769
mers_5.pdb,rec_2_mol5.pdb,3.688333273882557,2.0021703070479755
mers_65.pdb,rec_7_mol65.pdb,4.418264342510445,2.06567016800961
mers_40.pdb,rec_6_mol40.pdb,3.9068184821346814,2.1805941702396194
mers_41.pdb,rec_18_mol41.pdb,5.004173419156498,2.1242849761714306
mers_66.pdb,rec_7_mol66.pdb,2.3240366559575873,1.3770338026615963
mers_4.pdb,rec_18_mol4.pdb,3.486996235889102,1.5431444171849067
mers_10.pdb,rec_20_mol10.pdb,4.070307715638627,1.7369931088448316
mers_88.pdb,rec_7_mol88.pdb,4.029443804088351,2.0421278475770235
mers_23.pdb,rec_13_mol23.pdb,4.208882173433903,2.686705605143752
mers_23.pdb,rec_2_mol23.pdb,3.842842364566001,1.711300747147922
mers_60.pdb,rec_7_mol60.pdb,2.611945224883204,1.6017099415054508
mers_36.pdb,rec_6_mol36.pdb,4.246955055936898,1.925152320650805
mers_94.pdb,rec_2_mol94.pdb,4.7949882506548756,2.123421087905564
mers_50.pdb,rec_7_mol50.pdb,2.4066000748824607,1.5391495362670657
mers_58.pdb,rec_15_mol58.pdb,3.7989628241281035,1.7235857992771808
mers_65.pdb,rec_2_mol65.pdb,4.667900665314136,2.117444365972705
mers_65.pdb,rec_18_mol65.pdb,4.365443416805105,2.1592715570995904
mers_69.pdb,rec_16_mol69.pdb,4.18301115580876,2.0110615907227967
mers_2.pdb,rec_11_mol2.pdb,3.4386352508068727,1.5905043048314338
mers_8.pdb,rec_5_mol8.pdb,4.812148318507729,2.1035221801752413
mers_13.pdb,rec_18_mol13.pdb,4.046716246384417,1.8661250735612835
mers_29.pdb,rec_15_mol29.pdb,4.800245572786584,1.9991494404660701
mers_26.pdb,rec_9_mol26.pdb,3.385954144009869,1.606056989857126
mers_55.pdb,rec_14_mol55.pdb,4.356762116597911,2.0626672113197886
mers_11.pdb,rec_2_mol11.pdb,2.9772509352707592,1.6275056216726744
mers_8.pdb,rec_1_mol8.pdb,4.598058994749891,1.9179988278011664
mers_13.pdb,rec_16_mol13.pdb,3.8135648480652033,1.747496253762784
mers_58.pdb,rec_11_mol58.pdb,4.09373505803364,2.2731887943288753
mers_37.pdb,rec_13_mol37.pdb,3.718818545265292,1.9148394732590202
mers_28.pdb,rec_9_mol28.pdb,4.201636347795569,2.3871823582777725
mers_16.pdb,rec_19_mol16.pdb,2.9842485027682866,1.5643959189404033
mers_71.pdb,rec_15_mol71.pdb,4.053836263039257,1.7229484188678093
mers_87.pdb,rec_7_mol87.pdb,4.096928988871495,2.4306860174593403
mers_47.pdb,rec_5_mol47.pdb,3.73099989838291,2.3900006331019727
mers_93.pdb,rec_15_mol93.pdb,2.4028903902590346,1.4299379404269728
mers_68.pdb,rec_4_mol68.pdb,3.9984463550518714,1.8093883666411323
mers_34.pdb,rec_5_mol34.pdb,4.094132019380349,1.7331196281107588
mers_27.pdb,rec_19_mol27.pdb,3.8307551635468147,1.921255547862779
mers_2.pdb,rec_6_mol2.pdb,3.8344863790891814,2.201579073970386
mers_49.pdb,rec_14_mol49.pdb,3.3555199603968995,1.5794374316725195
mers_0.pdb,rec_4_mol0.pdb,5.2535685555391725,2.214306702061452
mers_46.pdb,rec_16_mol46.pdb,4.617066590343681,1.9518229609887567
mers_10.pdb,rec_2_mol10.pdb,4.09763063175141,1.7790842020120128
mers_16.pdb,rec_9_mol16.pdb,2.985044392431487,1.4866648864735519
mers_35.pdb,rec_4_mol35.pdb,3.5274725848339106,1.8210977622462865
mers_25.pdb,rec_5_mol25.pdb,4.877351040543559,2.079890408215483
mers_21.pdb,rec_14_mol21.pdb,4.029033362440581,1.7867633508225593
mers_12.pdb,rec_12_mol12.pdb,3.0563774673069353,1.6670617818701727
mers_60.pdb,rec_2_mol60.pdb,2.398268418012723,1.3048746565528495
mers_85.pdb,rec_5_mol85.pdb,4.023052248580015,1.6999026998391409
mers_57.pdb,rec_2_mol57.pdb,4.341860138360754,1.9201163625931346
mers_41.pdb,rec_16_mol41.pdb,4.640501914301352,1.9853353720425428
mers_63.pdb,rec_4_mol63.pdb,4.112380677849574,1.7719900575798522
mers_60.pdb,rec_12_mol60.pdb,2.3511559582334622,1.479294651250957
mers_21.pdb,rec_12_mol21.pdb,3.8238815356123066,1.6977464572875323
mers_58.pdb,rec_5_mol58.pdb,3.8312920420168846,1.6765723627088716
mers_61.pdb,rec_19_mol61.pdb,4.563611915491056,2.0597900473435184
mers_35.pdb,rec_11_mol35.pdb,3.536092951792037,1.7996728752573465
mers_33.pdb,rec_2_mol33.pdb,2.6436237606605624,1.507329642995588
mers_45.pdb,rec_19_mol45.pdb,3.9504781902449233,1.8063799135195007
mers_24.pdb,rec_16_mol24.pdb,4.483980441526392,1.923313115393827
mers_56.pdb,rec_1_mol56.pdb,2.6354577262373504,1.668169147424054
mers_88.pdb,rec_6_mol88.pdb,3.813385231302753,1.6995715783802667
mers_26.pdb,rec_4_mol26.pdb,3.3833360730853768,1.675868515349
mers_15.pdb,rec_1_mol15.pdb,4.035706996791488,2.2781265491470992
mers_90.pdb,rec_18_mol90.pdb,4.299378654747736,2.3843171628062394
mers_58.pdb,rec_1_mol58.pdb,4.018947335478219,1.9188192859454158
mers_66.pdb,rec_19_mol66.pdb,3.134380147986897,1.698536315843536
mers_75.pdb,rec_16_mol75.pdb,4.289776939643743,1.9438723983438915
mers_55.pdb,rec_6_mol55.pdb,4.353878109076806,2.007427585842707
mers_6.pdb,rec_12_mol6.pdb,4.591096507876014,2.1482812508007902
mers_67.pdb,rec_9_mol67.pdb,3.868262872581563,2.2423334213365136
mers_5.pdb,rec_4_mol5.pdb,3.696662565199722,2.027028583203493
mers_89.pdb,rec_12_mol89.pdb,2.425485102873082,1.3454487858452984
mers_69.pdb,rec_5_mol69.pdb,4.134333241936325,1.9822566754513278
mers_26.pdb,rec_7_mol26.pdb,3.2976563553693885,1.6705789532598243
mers_61.pdb,rec_12_mol61.pdb,4.854673725883208,2.0830512306404874
mers_95.pdb,rec_16_mol95.pdb,4.254336253737344,1.9190315500233917
mers_61.pdb,rec_11_mol61.pdb,4.909884353423215,2.0570377244463076
mers_84.pdb,rec_12_mol84.pdb,3.5390064388452815,2.278816795976638
mers_57.pdb,rec_15_mol57.pdb,4.538544118953995,1.936597029920894
mers_83.pdb,rec_2_mol83.pdb,3.944935752657265,1.7550896190193626
mers_42.pdb,rec_14_mol42.pdb,4.1622251710304585,2.3131847175245968
mers_28.pdb,rec_6_mol28.pdb,4.458922498156644,2.288080281694027
mers_46.pdb,rec_9_mol46.pdb,4.578174838342761,2.2385095357357936
mers_75.pdb,rec_6_mol75.pdb,4.745008583248735,2.5255021465004335
mers_73.pdb,rec_18_mol73.pdb,4.004697209230028,1.6791762337143876
mers_16.pdb,rec_16_mol16.pdb,2.886801693341665,1.4877828138239757
mers_86.pdb,rec_12_mol86.pdb,4.751351336900048,1.9968924823821121
mers_72.pdb,rec_8_mol72.pdb,4.179321130526809,2.218907205306154
mers_12.pdb,rec_9_mol12.pdb,3.154725373788927,1.6310733616150035
mers_57.pdb,rec_12_mol57.pdb,4.558852639753676,1.9671936920935045
mers_66.pdb,rec_20_mol66.pdb,2.7213326112299905,1.616096401766114
mers_9.pdb,rec_11_mol9.pdb,4.148633585861942,2.355921439686996
mers_88.pdb,rec_13_mol88.pdb,3.9137720494858526,1.9754994920817122
mers_21.pdb,rec_7_mol21.pdb,4.156634381874777,1.8626800972019322
mers_35.pdb,rec_19_mol35.pdb,3.52639043562408,1.824263354024597
mers_96.pdb,rec_16_mol96.pdb,2.985850117413226,1.4440532078210309
mers_94.pdb,rec_19_mol94.pdb,4.964415122613595,2.2927231097869205
mers_7.pdb,rec_18_mol7.pdb,2.35170230638313,1.416188500565567
mers_56.pdb,rec_9_mol56.pdb,2.6402130218997972,1.4883344877293152
mers_80.pdb,rec_12_mol80.pdb,3.8184219085832707,1.7016062537252181
mers_86.pdb,rec_15_mol86.pdb,4.677816594339142,1.9582102897536677
mers_28.pdb,rec_14_mol28.pdb,4.263038122672482,1.8810443890336037
mers_41.pdb,rec_4_mol41.pdb,4.64087609549397,1.9427768673595784
mers_92.pdb,rec_7_mol92.pdb,2.932690805837493,1.8265429113493665
mers_42.pdb,rec_4_mol42.pdb,4.3547467104218835,1.9263090883687093
mers_32.pdb,rec_16_mol32.pdb,4.248487649380454,1.8253067588449599
mers_96.pdb,rec_6_mol96.pdb,3.117061905865645,1.6199750806068833
mers_51.pdb,rec_15_mol51.pdb,5.045720932147257,2.7140464588009996
mers_54.pdb,rec_9_mol54.pdb,4.987554670695645,2.4825876789904373
mers_74.pdb,rec_1_mol74.pdb,4.238414655455428,1.9058977722252208
mers_6.pdb,rec_18_mol6.pdb,4.556815957826998,2.1343553397247157
mers_44.pdb,rec_16_mol44.pdb,3.851524705876988,1.7713959300368862
mers_67.pdb,rec_18_mol67.pdb,3.806774924598662,1.8200063605991152
mers_14.pdb,rec_19_mol14.pdb,4.421824778029709,1.9338998505818135
mers_89.pdb,rec_5_mol89.pdb,2.4258372086131135,1.3553323295509994
mers_94.pdb,rec_6_mol94.pdb,4.569528039421156,2.154105870603006
mers_39.pdb,rec_18_mol39.pdb,4.811204145502984,2.2788528719350416
mers_96.pdb,rec_4_mol96.pdb,3.5307180136163074,1.7724201500032843
mers_95.pdb,rec_2_mol95.pdb,4.156442405263962,2.431846241235533
mers_80.pdb,rec_1_mol80.pdb,4.182948166734654,1.919286690151709
mers_42.pdb,rec_12_mol42.pdb,4.4725010726987495,1.9654477694384274
mers_56.pdb,rec_7_mol56.pdb,2.5002238528037726,1.457930987194083
mers_30.pdb,rec_16_mol30.pdb,3.2050618331824112,1.5752259672768019
mers_62.pdb,rec_12_mol62.pdb,4.5675116888082625,1.9607566364176277
mers_72.pdb,rec_2_mol72.pdb,4.1710332239930965,2.298255464502948
mers_0.pdb,rec_6_mol0.pdb,5.288975352420186,2.391486426432888
mers_29.pdb,rec_9_mol29.pdb,4.772775706677058,2.1018833015294995
mers_43.pdb,rec_12_mol43.pdb,2.878810529322248,1.5117603601532617
mers_64.pdb,rec_6_mol64.pdb,4.6737363015473425,1.9934599482523365
mers_44.pdb,rec_12_mol44.pdb,3.85028579474248,1.7422411781640534
mers_25.pdb,rec_6_mol25.pdb,4.989479790693822,2.4750052286328326
mers_92.pdb,rec_15_mol92.pdb,2.7775826340406944,1.79819618067535
mers_69.pdb,rec_4_mol69.pdb,4.413180394292775,1.916995433736643
mers_59.pdb,rec_5_mol59.pdb,4.376219130409376,1.8836756445276408
mers_66.pdb,rec_14_mol66.pdb,2.3272753923736387,1.3306445500789181
mers_12.pdb,rec_18_mol12.pdb,2.8413081189198475,1.548798652382741
mers_14.pdb,rec_5_mol14.pdb,4.41272955765628,1.8581210707146527
mers_42.pdb,rec_5_mol42.pdb,4.091231167687955,2.3139895294503345
mers_38.pdb,rec_12_mol38.pdb,4.5443287606254055,2.5500064727974245
mers_9.pdb,rec_15_mol9.pdb,3.9673039278919386,1.7685877516639563
mers_47.pdb,rec_7_mol47.pdb,3.6860445249653573,2.381648748424971
mers_28.pdb,rec_5_mol28.pdb,4.17210851778056,1.8417319999884512
mers_42.pdb,rec_15_mol42.pdb,4.434611980550064,1.9275063166179094
mers_79.pdb,rec_19_mol79.pdb,2.549512511227719,1.5326779058095545
mers_53.pdb,rec_14_mol53.pdb,4.707232933545802,2.1923191194378773
mers_19.pdb,rec_7_mol19.pdb,5.555634241004481,3.3101239832139773
mers_29.pdb,rec_6_mol29.pdb,4.609615660546156,2.532400442459036
mers_8.pdb,rec_6_mol8.pdb,5.04078732020387,2.3341480703680526
mers_87.pdb,rec_8_mol87.pdb,4.080605428266602,1.9995256398293775
mers_38.pdb,rec_2_mol38.pdb,4.5353416422964585,2.517522170537581
mers_6.pdb,rec_19_mol6.pdb,4.8080486443220956,2.107739113757556
mers_88.pdb,rec_4_mol88.pdb,3.977286487286996,1.7330307315777667
mers_37.pdb,rec_6_mol37.pdb,3.708617033799217,1.818732944530409
mers_9.pdb,rec_1_mol9.pdb,4.242227004606471,2.375943548430246
mers_31.pdb,rec_5_mol31.pdb,5.003185032457805,2.0660487374861956
mers_50.pdb,rec_11_mol50.pdb,2.3399846962424324,1.4964515814348531
mers_81.pdb,rec_13_mol81.pdb,3.773468963836873,2.3095271901823193
mers_32.pdb,rec_15_mol32.pdb,4.242920167137277,1.7838962594359336
mers_31.pdb,rec_20_mol31.pdb,4.939494622597544,2.0162840069361234
mers_22.pdb,rec_5_mol22.pdb,3.2937653327779515,1.796521511046947
mers_38.pdb,rec_9_mol38.pdb,4.616992449505291,2.4776165325586317
mers_28.pdb,rec_13_mol28.pdb,4.59619137168046,2.3836029019656375
mers_70.pdb,rec_11_mol70.pdb,4.507023918348995,2.274003001821751
mers_9.pdb,rec_7_mol9.pdb,4.22719514713207,1.9920511550856406
mers_64.pdb,rec_18_mol64.pdb,4.45839741309072,1.9353148787985015
mers_84.pdb,rec_6_mol84.pdb,3.5688340618754135,2.2610618864382404
mers_63.pdb,rec_1_mol63.pdb,4.168477401032746,1.7850614351043406
mers_20.pdb,rec_16_mol20.pdb,4.608499009722425,2.2376804219273585
mers_57.pdb,rec_20_mol57.pdb,4.600411820551829,1.936145558345852
mers_95.pdb,rec_19_mol95.pdb,4.302716311076601,1.902216761535377
mers_48.pdb,rec_9_mol48.pdb,3.100969770999181,1.4906981502729466
mers_28.pdb,rec_16_mol28.pdb,4.172720017701465,1.848272549602886
mers_52.pdb,rec_19_mol52.pdb,4.601100069380111,2.0011399413118913
mers_79.pdb,rec_6_mol79.pdb,2.589755828471199,1.456050277785561
mers_14.pdb,rec_2_mol14.pdb,4.271913622267081,1.84680645430111
mers_59.pdb,rec_18_mol59.pdb,4.406393672527074,1.910651985436043
mers_92.pdb,rec_11_mol92.pdb,2.6931090056653364,1.6788937208865278
mers_93.pdb,rec_4_mol93.pdb,2.3964020916317335,1.4036615249594109
mers_11.pdb,rec_12_mol11.pdb,2.9778982223059676,1.6191145476655553
mers_83.pdb,rec_18_mol83.pdb,3.9659374376800716,1.8077962181568945
mers_11.pdb,rec_4_mol11.pdb,2.978278797353121,1.6246794519209569
mers_42.pdb,rec_6_mol42.pdb,4.393429942698923,2.5437769546668845
mers_74.pdb,rec_13_mol74.pdb,4.129944012541652,2.252670545344985
mers_5.pdb,rec_7_mol5.pdb,3.852980950038545,1.7131416957871521
mers_50.pdb,rec_20_mol50.pdb,2.758902173454747,1.422514072320841
mers_6.pdb,rec_6_mol6.pdb,4.549827697021078,2.0899420346772803
mers_73.pdb,rec_12_mol73.pdb,3.994231081671553,1.7079388765573253
mers_57.pdb,rec_5_mol57.pdb,4.565360793215919,1.923835826560655
mers_19.pdb,rec_4_mol19.pdb,5.554684304555136,3.169795113060411
mers_55.pdb,rec_18_mol55.pdb,4.135290982568085,1.7677447518951381
mers_91.pdb,rec_7_mol91.pdb,4.121076431387985,1.9149245873527272
mers_21.pdb,rec_4_mol21.pdb,3.808327788317094,1.6890140028653016
mers_89.pdb,rec_11_mol89.pdb,2.4254107908566236,1.3680702454292062
mers_25.pdb,rec_14_mol25.pdb,4.875418698005564,2.093318409823867
mers_45.pdb,rec_14_mol45.pdb,3.9401072513340867,1.7438596191507816
mers_84.pdb,rec_16_mol84.pdb,3.66504142188271,2.2158467296407123
mers_21.pdb,rec_16_mol21.pdb,3.8081923246172384,1.7428403872983778
mers_9.pdb,rec_18_mol9.pdb,4.173364987903579,2.382185813411996
mers_54.pdb,rec_14_mol54.pdb,4.967752211977586,2.0928519469333158
mers_1.pdb,rec_18_mol1.pdb,3.594763786231454,1.7158579335024469
mers_41.pdb,rec_5_mol41.pdb,4.640847626365433,1.9479807403091765
mers_33.pdb,rec_13_mol33.pdb,2.6441544032628963,1.5651505488649515
mers_8.pdb,rec_20_mol8.pdb,4.676747444222692,2.0123042849146797
mers_81.pdb,rec_11_mol81.pdb,3.8596410315119885,2.306083804615718
mers_42.pdb,rec_1_mol42.pdb,4.188931880351517,1.987046453879671
mers_63.pdb,rec_19_mol63.pdb,4.116892205547659,1.8471036020181864
mers_17.pdb,rec_6_mol17.pdb,4.371609036956848,2.230308678793856
mers_64.pdb,rec_20_mol64.pdb,4.487250360140041,1.8626862792691752
mers_94.pdb,rec_12_mol94.pdb,4.5341636711884385,2.1976793545233075
mers_4.pdb,rec_16_mol4.pdb,3.277847488802327,1.5248638193004844
mers_59.pdb,rec_7_mol59.pdb,4.567508809600751,2.060545877277319
mers_90.pdb,rec_13_mol90.pdb,4.247366940053311,2.3332535261753393
mers_24.pdb,rec_5_mol24.pdb,4.483153702361082,2.435097439213134
mers_70.pdb,rec_18_mol70.pdb,4.654810284214268,2.352785009515078
mers_76.pdb,rec_2_mol76.pdb,4.041756255372801,1.728817452168658
mers_18.pdb,rec_2_mol18.pdb,4.429812592131659,1.9020148777886325
mers_93.pdb,rec_9_mol93.pdb,3.1359143836981556,1.9478650545840888
mers_26.pdb,rec_12_mol26.pdb,3.2974260691451422,1.655732304001089
mers_43.pdb,rec_4_mol43.pdb,2.936044882994085,1.5486998350800816
mers_82.pdb,rec_5_mol82.pdb,4.046327785267718,1.7123007478775183
mers_84.pdb,rec_1_mol84.pdb,3.2159221313973787,1.6144920948167802
mers_82.pdb,rec_2_mol82.pdb,4.028586715020364,1.6863800684499015
mers_43.pdb,rec_20_mol43.pdb,2.866808072259485,1.4674163414884924
mers_3.pdb,rec_6_mol3.pdb,4.713878527214307,2.0584834332650743
mers_52.pdb,rec_14_mol52.pdb,4.657819719679477,1.9651550017946255
mers_8.pdb,rec_12_mol8.pdb,4.813916623534247,2.1102798458212435
mers_30.pdb,rec_7_mol30.pdb,3.6697958119317886,2.4266619111371157
mers_83.pdb,rec_6_mol83.pdb,4.261048720343688,2.1041286375136696
mers_51.pdb,rec_18_mol51.pdb,4.804887627531122,2.725448580962264
mers_90.pdb,rec_16_mol90.pdb,4.0676511704555285,1.758350097079193
mers_50.pdb,rec_16_mol50.pdb,2.4043282780542388,1.5462027632835154
mers_77.pdb,rec_18_mol77.pdb,3.985300628451827,2.0388765821471875
mers_72.pdb,rec_16_mol72.pdb,4.242358429373479,1.886144964202506
mers_56.pdb,rec_4_mol56.pdb,2.482448149605572,1.374316413382475
mers_50.pdb,rec_2_mol50.pdb,2.4480704516207026,1.325913281417099
mers_48.pdb,rec_6_mol48.pdb,3.1010389869506447,1.5055907874654955
mers_6.pdb,rec_16_mol6.pdb,4.911567677831726,2.187923230640544
mers_72.pdb,rec_18_mol72.pdb,4.175170104694482,2.3020570520225934
mers_18.pdb,rec_12_mol18.pdb,4.43023840789921,1.9058476398884652
mers_12.pdb,rec_15_mol12.pdb,2.6974177219267474,1.4864307799419063
mers_12.pdb,rec_14_mol12.pdb,3.154676993623435,1.670658507805657
mers_27.pdb,rec_15_mol27.pdb,3.828089120435694,1.8259288186265294
mers_41.pdb,rec_11_mol41.pdb,4.840127228140252,1.9608790184759355
mers_4.pdb,rec_6_mol4.pdb,3.2611481936048436,1.626505596270268
mers_33.pdb,rec_9_mol33.pdb,2.6440407381001356,1.471019453367997
mers_12.pdb,rec_6_mol12.pdb,2.6822403943693796,1.5067378194817014
mers_18.pdb,rec_11_mol18.pdb,4.430772350419542,1.9039106453132906
mers_12.pdb,rec_20_mol12.pdb,2.772130650665571,1.4926711532766845
mers_23.pdb,rec_6_mol23.pdb,4.01610452073322,1.7471936166779223
mers_64.pdb,rec_5_mol64.pdb,4.355754178923951,1.9098451548322206
mers_10.pdb,rec_19_mol10.pdb,4.04458269073692,1.812323275266446
mers_85.pdb,rec_15_mol85.pdb,4.021803451245678,1.7255764148539332
mers_61.pdb,rec_16_mol61.pdb,4.292188933361795,2.1155290902667216
mers_86.pdb,rec_9_mol86.pdb,4.738275318509071,2.068471925078567
mers_29.pdb,rec_4_mol29.pdb,4.739968333215098,1.9868969603601179
mers_75.pdb,rec_20_mol75.pdb,4.513181832591214,2.2761167981699275
mers_27.pdb,rec_11_mol27.pdb,4.1459718593054244,1.8612362672431135
mers_0.pdb,rec_20_mol0.pdb,5.25538536694125,2.2305078406948127
mers_14.pdb,rec_14_mol14.pdb,4.45891196600188,1.8741882080453145
mers_40.pdb,rec_16_mol40.pdb,3.685107820470753,1.7623778567657113
mers_15.pdb,rec_16_mol15.pdb,3.9280453305349443,1.7918111636073266
mers_14.pdb,rec_11_mol14.pdb,4.414128398707271,1.8750734657589783
mers_55.pdb,rec_1_mol55.pdb,4.1885906688892,1.7355622657583505
mers_4.pdb,rec_14_mol4.pdb,3.3366346924849415,1.6730180545649058
mers_51.pdb,rec_19_mol51.pdb,5.015778683926662,2.242754183182943
mers_16.pdb,rec_18_mol16.pdb,2.9789872714155847,1.5113388577690268
mers_39.pdb,rec_14_mol39.pdb,5.010714185550949,2.2738449681564377
mers_71.pdb,rec_11_mol71.pdb,4.237386932174459,2.273643374174896
mers_56.pdb,rec_14_mol56.pdb,2.5017745389332626,1.3985166297718716
mers_82.pdb,rec_1_mol82.pdb,4.521136314419625,2.0066734559127695
mers_0.pdb,rec_19_mol0.pdb,5.235724458138381,2.272167889530122
mers_7.pdb,rec_7_mol7.pdb,2.730258438627053,1.5480256989906989
mers_62.pdb,rec_14_mol62.pdb,4.516450958952054,1.9764196919011172
mers_3.pdb,rec_2_mol3.pdb,4.75032914119606,2.1103255821222358
mers_49.pdb,rec_9_mol49.pdb,3.364743103244356,1.6508951448893234
mers_43.pdb,rec_8_mol43.pdb,3.477933354072886,2.1863763769258626
mers_72.pdb,rec_12_mol72.pdb,4.166150513596275,2.2840749558742943
mers_23.pdb,rec_5_mol23.pdb,3.9705985548301728,1.7433970270917054
mers_94.pdb,rec_11_mol94.pdb,4.543445585311577,2.1742841599671805
mers_63.pdb,rec_15_mol63.pdb,4.110140741609249,1.7423027924570165
mers_95.pdb,rec_12_mol95.pdb,4.148030012092936,2.4472669844151875
mers_26.pdb,rec_16_mol26.pdb,3.300734937174963,1.6485850800986097
mers_84.pdb,rec_13_mol84.pdb,3.2783925492382937,2.2705913540983897
mers_2.pdb,rec_20_mol2.pdb,3.508000798175686,1.5581168115347417
mers_40.pdb,rec_11_mol40.pdb,3.727262862794076,1.6430525993523288
mers_67.pdb,rec_16_mol67.pdb,3.788259514108905,1.7554427779740123
mers_96.pdb,rec_14_mol96.pdb,3.5307519033087247,1.77629315773814
mers_45.pdb,rec_16_mol45.pdb,3.952028702030908,1.8051419209058592
mers_12.pdb,rec_16_mol12.pdb,2.776103619920718,1.5577474916221672
mers_86.pdb,rec_20_mol86.pdb,4.804176584707953,1.9720812548272741
mers_90.pdb,rec_5_mol90.pdb,4.30791195897245,2.373596434964118
mers_17.pdb,rec_12_mol17.pdb,4.101911506005258,1.7709534896338932
mers_2.pdb,rec_4_mol2.pdb,3.6682100449954396,2.137684318277855
mers_1.pdb,rec_19_mol1.pdb,3.7459794156292183,1.8276911071898436
mers_76.pdb,rec_20_mol76.pdb,4.103852208233837,1.7241278436597072
mers_50.pdb,rec_9_mol50.pdb,2.3801412403147015,1.4549788657361709
mers_71.pdb,rec_13_mol71.pdb,4.297579644699177,2.3142890931155473
mers_26.pdb,rec_5_mol26.pdb,3.29129401142228,1.6554299408976239
mers_39.pdb,rec_7_mol39.pdb,4.949866853693097,2.0103015923949816
mers_20.pdb,rec_18_mol20.pdb,4.785009954691769,2.126377301640095
mers_84.pdb,rec_14_mol84.pdb,3.3803725596313723,2.231783725997554
mers_68.pdb,rec_6_mol68.pdb,3.973722291336506,2.287302959105379
mers_77.pdb,rec_5_mol77.pdb,3.7801173114301534,1.7144595175423045
mers_4.pdb,rec_12_mol4.pdb,3.294682678816904,1.5013041902015085
mers_8.pdb,rec_19_mol8.pdb,4.595322743783859,1.926296740330084
mers_3.pdb,rec_18_mol3.pdb,4.85578814863194,2.0840983914432827
mers_31.pdb,rec_19_mol31.pdb,4.923917916274131,2.0551367622039596
mers_29.pdb,rec_7_mol29.pdb,4.869897046635936,2.099966324113346
mers_90.pdb,rec_4_mol90.pdb,4.056654775865981,1.739397230088455
mers_3.pdb,rec_1_mol3.pdb,4.414245282089084,2.130651904646948
mers_32.pdb,rec_5_mol32.pdb,4.223763074223977,1.8112419622707254
mers_15.pdb,rec_15_mol15.pdb,3.924210397751711,1.7456944394011977
mers_66.pdb,rec_13_mol66.pdb,3.135641818869275,1.8809556280192645
mers_4.pdb,rec_7_mol4.pdb,3.3416441947259234,1.5407216013771001
mers_49.pdb,rec_6_mol49.pdb,3.3260953505441426,1.5643566444675838
mers_94.pdb,rec_15_mol94.pdb,4.946348445503515,2.232967644032997
mers_13.pdb,rec_19_mol13.pdb,4.036180293500163,1.895689729234022
mers_23.pdb,rec_16_mol23.pdb,3.8401243645785548,1.7550840074778415
mers_63.pdb,rec_6_mol63.pdb,4.34219649169249,2.028988863122756
mers_5.pdb,rec_13_mol5.pdb,3.70573179995867,1.9984355631117943
mers_59.pdb,rec_15_mol59.pdb,4.390125012561643,1.8894957844895508
mers_46.pdb,rec_4_mol46.pdb,4.628282256302496,1.8892815451026201
mers_52.pdb,rec_4_mol52.pdb,4.724852366960964,1.9523212647669057
mers_92.pdb,rec_2_mol92.pdb,2.850866247154673,1.6645263419634109
mers_10.pdb,rec_1_mol10.pdb,4.011800521294848,1.742980852717361
mers_84.pdb,rec_9_mol84.pdb,3.686473861690141,2.1376818339203543
mers_76.pdb,rec_6_mol76.pdb,4.313693375743588,2.1289477218333475
mers_60.pdb,rec_1_mol60.pdb,2.5851016934667252,1.7134067753716087
mers_1.pdb,rec_13_mol1.pdb,3.7442081841928223,1.8606189771672386
mers_85.pdb,rec_7_mol85.pdb,4.193019438808452,1.9353623945382157
mers_60.pdb,rec_13_mol60.pdb,2.3522924371044653,1.5706925445750346
mers_53.pdb,rec_2_mol53.pdb,5.209452954942767,2.3152730449291035
mers_58.pdb,rec_7_mol58.pdb,4.005806983190718,1.95529785161488
mers_11.pdb,rec_6_mol11.pdb,3.030638801906805,1.6079812714922144
mers_40.pdb,rec_15_mol40.pdb,3.8428257098233063,1.738819572836288
mers_37.pdb,rec_14_mol37.pdb,3.716514828042366,1.8419626133381048
mers_95.pdb,rec_14_mol95.pdb,4.143472130098537,2.4659551242639304
mers_43.pdb,rec_11_mol43.pdb,3.7343710528312544,2.278253701157071
mers_14.pdb,rec_6_mol14.pdb,4.603352737994923,2.66804051179331
mers_52.pdb,rec_15_mol52.pdb,4.813653710608913,1.9848977241387278
mers_62.pdb,rec_19_mol62.pdb,4.523837888046165,2.0105490094081673
mers_75.pdb,rec_18_mol75.pdb,4.373774001783972,2.301081328317897
mers_26.pdb,rec_11_mol26.pdb,3.297526302813773,1.6292105177488327
mers_38.pdb,rec_13_mol38.pdb,4.6289701299327355,2.5042879645712803
mers_74.pdb,rec_11_mol74.pdb,4.206582788175866,2.2247031538685262
mers_4.pdb,rec_13_mol4.pdb,3.285550731456602,1.7095722971485412
mers_60.pdb,rec_15_mol60.pdb,2.742684040030303,1.452833308207288
mers_72.pdb,rec_9_mol72.pdb,4.174176888862296,2.266787860420218
mers_31.pdb,rec_6_mol31.pdb,4.873297114078367,2.2237501849198784
mers_60.pdb,rec_20_mol60.pdb,2.741636613683374,1.4540956155977809
mers_84.pdb,rec_20_mol84.pdb,3.354519600825451,1.576941439607086
mers_61.pdb,rec_4_mol61.pdb,4.5739477554821795,1.9882127733692554
mers_11.pdb,rec_13_mol11.pdb,3.0400255253055484,1.6999698525942384
mers_65.pdb,rec_12_mol65.pdb,4.5249297191153355,2.035621518154716
mers_8.pdb,rec_2_mol8.pdb,4.70811146928967,2.020947077732079
mers_24.pdb,rec_18_mol24.pdb,4.512216631522404,2.4808200457353284
mers_86.pdb,rec_18_mol86.pdb,4.987396606570441,2.5881028348294453
mers_50.pdb,rec_12_mol50.pdb,2.693578704753309,1.4707147988671798
mers_52.pdb,rec_5_mol52.pdb,4.816384346737975,2.019913950678289
mers_4.pdb,rec_4_mol4.pdb,3.297183264057852,1.4528002621098826
mers_22.pdb,rec_14_mol22.pdb,3.0581953957865426,1.476740093591685
mers_75.pdb,rec_2_mol75.pdb,4.439761992425771,2.6958542395138263
mers_27.pdb,rec_13_mol27.pdb,4.1556660170608115,1.903202136698597
mers_38.pdb,rec_20_mol38.pdb,4.670869074817902,2.0414588430605964
mers_32.pdb,rec_9_mol32.pdb,4.231892854150297,2.5108760274551876
mers_21.pdb,rec_1_mol21.pdb,4.172241474453738,1.9475577156698785
mers_48.pdb,rec_19_mol48.pdb,3.0708602032793166,1.5159902662974272
mers_81.pdb,rec_4_mol81.pdb,3.180665559339692,1.5502377232198032
mers_24.pdb,rec_19_mol24.pdb,4.3569208619487165,2.059991828220778
mers_52.pdb,rec_12_mol52.pdb,4.564410233917047,1.9605001139629044
mers_0.pdb,rec_2_mol0.pdb,5.546744541620318,2.2868398345705785
mers_24.pdb,rec_4_mol24.pdb,4.488670554201749,2.4559862764469753
mers_68.pdb,rec_12_mol68.pdb,3.998602988388991,1.8371143569144905
mers_79.pdb,rec_9_mol79.pdb,2.597854137995474,1.440401168828396
mers_50.pdb,rec_19_mol50.pdb,2.4470054308204743,1.3893224570278444
mers_16.pdb,rec_11_mol16.pdb,2.9860497682783973,1.520674603471362
mers_18.pdb,rec_15_mol18.pdb,4.430666206818516,1.8961744705607086
mers_22.pdb,rec_19_mol22.pdb,3.1641479073183483,1.546322070565652
mers_43.pdb,rec_14_mol43.pdb,3.140510717691659,1.7672087096555524
mers_26.pdb,rec_13_mol26.pdb,3.3002042886891494,1.70764470492393
mers_1.pdb,rec_9_mol1.pdb,3.7555265238059548,1.7541653150510537
mers_47.pdb,rec_4_mol47.pdb,3.7190126309854197,2.3170127066982147
mers_85.pdb,rec_20_mol85.pdb,4.069075163545057,1.709468683873914
mers_64.pdb,rec_2_mol64.pdb,4.334019755293819,1.8663326369780733
mers_92.pdb,rec_12_mol92.pdb,2.822724560728614,1.6553731781764083
mers_33.pdb,rec_12_mol33.pdb,2.6439786558976377,1.5022729425341554
mers_75.pdb,rec_5_mol75.pdb,4.305252868473542,1.8993659413228337
mers_5.pdb,rec_16_mol5.pdb,3.707478631781993,1.9833659869455613
mers_65.pdb,rec_14_mol65.pdb,4.653719185230422,2.128220097153215
mers_23.pdb,rec_14_mol23.pdb,3.9629156958514478,1.753311578539822
mers_17.pdb,rec_4_mol17.pdb,4.096991361079269,1.7708274258928471
mers_72.pdb,rec_14_mol72.pdb,4.1544659582137795,1.9041614645173854
mers_9.pdb,rec_4_mol9.pdb,3.953900680124198,1.796255030466224
mers_42.pdb,rec_20_mol42.pdb,4.574923483809531,1.975629605514146
mers_35.pdb,rec_14_mol35.pdb,3.6832082875489203,1.854477485105291
mers_60.pdb,rec_19_mol60.pdb,2.4660746828159357,1.4262877084144743
mers_70.pdb,rec_4_mol70.pdb,4.203749084080346,1.7874041461413184
mers_75.pdb,rec_19_mol75.pdb,4.263611443861799,1.9512148104282252
mers_10.pdb,rec_15_mol10.pdb,4.037227186124711,1.7358713376847306
mers_76.pdb,rec_12_mol76.pdb,4.0496159617064444,1.7303158415516275
mers_50.pdb,rec_15_mol50.pdb,2.7576434434620998,1.4434762551794404
mers_55.pdb,rec_12_mol55.pdb,4.352337875041638,2.0716349422056903
mers_69.pdb,rec_12_mol69.pdb,4.514786552126219,1.9672683710877004
mers_61.pdb,rec_5_mol61.pdb,4.864010047355833,2.0652998785524384
mers_96.pdb,rec_9_mol96.pdb,3.0418470718073367,1.6333692485948463
mers_71.pdb,rec_18_mol71.pdb,4.062620438175817,1.77552415225109
mers_1.pdb,rec_15_mol1.pdb,3.5873981649627296,1.6746539319549014
mers_5.pdb,rec_11_mol5.pdb,3.706540971312062,1.9297931710117497
mers_19.pdb,rec_9_mol19.pdb,5.414674415901603,3.3749748288815153
mers_45.pdb,rec_20_mol45.pdb,3.9917040657417,1.7342580739653304
mers_52.pdb,rec_9_mol52.pdb,4.871090220691812,2.5770022057596997
mers_51.pdb,rec_6_mol51.pdb,4.837875791536155,2.6907562935221594
mers_63.pdb,rec_14_mol63.pdb,4.344955214163196,2.0927264754357844
mers_22.pdb,rec_20_mol22.pdb,3.4225511810658396,1.6094705075949112
mers_14.pdb,rec_12_mol14.pdb,4.416728584393035,1.8882487007791284
mers_81.pdb,rec_12_mol81.pdb,3.177522062547393,1.5555913883849293
mers_87.pdb,rec_20_mol87.pdb,4.076124988858567,1.7912239723393413
mers_57.pdb,rec_9_mol57.pdb,4.646267114184416,2.3657912404871944
mers_16.pdb,rec_13_mol16.pdb,2.9855012414176003,1.5857309880436383
mers_66.pdb,rec_6_mol66.pdb,3.16062090961449,1.752315236587913
mers_54.pdb,rec_11_mol54.pdb,4.6662453592329145,1.894243563835594
mers_71.pdb,rec_14_mol71.pdb,4.058981469080075,1.8056644317543518
mers_76.pdb,rec_13_mol76.pdb,4.2791387692736365,2.2234244585563596
mers_87.pdb,rec_12_mol87.pdb,4.03050431293795,1.8028163797454915
mers_44.pdb,rec_2_mol44.pdb,3.8229564267139304,1.7661446119139503
mers_10.pdb,rec_6_mol10.pdb,4.2709826679591725,2.060405674459938
mers_74.pdb,rec_20_mol74.pdb,4.050215686481798,1.7024001623357254
mers_58.pdb,rec_16_mol58.pdb,3.9075960442029145,1.781554118094404
mers_87.pdb,rec_16_mol87.pdb,3.9501329342297646,1.8446240180042295
mers_94.pdb,rec_5_mol94.pdb,4.864933878571842,2.157259203206568
mers_96.pdb,rec_12_mol96.pdb,3.1391132558428487,1.3924413660244823
mers_58.pdb,rec_12_mol58.pdb,3.7973415324279367,1.7134105657717633
mers_77.pdb,rec_9_mol77.pdb,3.9278214781094594,1.9594531609876094
mers_12.pdb,rec_11_mol12.pdb,2.6933353540031284,1.5487870364910796
mers_28.pdb,rec_1_mol28.pdb,4.219861991256361,1.935854969084435
mers_70.pdb,rec_7_mol70.pdb,4.609482650851657,2.049707826132201
mers_12.pdb,rec_19_mol12.pdb,2.963253654165101,1.5420581633115094
mers_73.pdb,rec_19_mol73.pdb,4.17240716842888,1.838631220114184
mers_13.pdb,rec_14_mol13.pdb,3.8199200619084333,1.7590794555577915
mers_15.pdb,rec_18_mol15.pdb,3.9294342887694924,1.814668134521744
mers_46.pdb,rec_18_mol46.pdb,4.6313012508795826,2.3455171330676348
mers_42.pdb,rec_19_mol42.pdb,4.4391978639854175,2.0262670894574586
mers_51.pdb,rec_20_mol51.pdb,5.055960283313953,2.1676230994969803
mers_61.pdb,rec_1_mol61.pdb,4.018831392593775,2.0882024284861163
mers_74.pdb,rec_16_mol74.pdb,4.123178770855479,1.8079476698767298
mers_60.pdb,rec_14_mol60.pdb,2.5147526286654083,1.5579378304292073
mers_88.pdb,rec_19_mol88.pdb,3.7837065821234903,1.779515495631573
mers_91.pdb,rec_19_mol91.pdb,4.125841373852489,1.9370602545051137
mers_81.pdb,rec_5_mol81.pdb,3.180230454872225,1.545977424270634
mers_49.pdb,rec_7_mol49.pdb,3.2647966421383026,1.6520400224586738
mers_53.pdb,rec_5_mol53.pdb,5.220737865699346,2.336668948623752
mers_60.pdb,rec_11_mol60.pdb,2.622852001341135,1.5648115621962972
mers_31.pdb,rec_16_mol31.pdb,4.9299140964014585,2.0598386291226602
mers_49.pdb,rec_19_mol49.pdb,3.2699877608674597,1.6951573624895848
mers_73.pdb,rec_7_mol73.pdb,4.145623866432555,1.8257119457806112
mers_7.pdb,rec_11_mol7.pdb,2.8357631631036746,1.5498755728845117
mers_51.pdb,rec_11_mol51.pdb,5.156101803673904,2.7081075896010494
mers_81.pdb,rec_6_mol81.pdb,3.581073711109301,1.838410914443334
mers_26.pdb,rec_18_mol26.pdb,3.3835850009596338,1.6200492112450697
mers_25.pdb,rec_7_mol25.pdb,5.012048844559648,2.506099778395249
mers_4.pdb,rec_2_mol4.pdb,3.2964065799309226,1.4891791680258768
mers_60.pdb,rec_16_mol60.pdb,2.6161416546983705,1.6053138985560162
mers_40.pdb,rec_1_mol40.pdb,3.677842877478188,1.6911255438557617
mers_23.pdb,rec_18_mol23.pdb,3.988095767162553,1.7769260251520027
mers_26.pdb,rec_19_mol26.pdb,3.268559807997856,1.6448253793450949
mers_65.pdb,rec_9_mol65.pdb,4.518624640349485,1.999445819017693
mers_57.pdb,rec_16_mol57.pdb,4.5527059490022665,2.0093315008841417
mers_29.pdb,rec_20_mol29.pdb,4.960537425404715,2.0533586352621307
mers_52.pdb,rec_2_mol52.pdb,4.5586816692966465,1.9670020965196386
mers_55.pdb,rec_2_mol55.pdb,4.129580093460395,1.7489236234138623
mers_21.pdb,rec_15_mol21.pdb,3.808298626396486,1.6816049334545295
mers_7.pdb,rec_20_mol7.pdb,2.4487420095959207,1.4200939876866372
mers_71.pdb,rec_2_mol71.pdb,3.993945233377691,1.703521912307748
mers_88.pdb,rec_16_mol88.pdb,3.777292192898573,1.7562897973156315
mers_18.pdb,rec_6_mol18.pdb,4.430754480971247,1.8824950359579427
mers_95.pdb,rec_1_mol95.pdb,4.187968664649354,2.4226911781910623
mers_19.pdb,rec_11_mol19.pdb,5.426860114046285,3.3212470663357014
mers_61.pdb,rec_7_mol61.pdb,3.8672165270202465,2.517854507005275
mers_18.pdb,rec_16_mol18.pdb,4.265668739777066,1.7703659218056977
mers_80.pdb,rec_15_mol80.pdb,3.9881352598699675,1.7249664977181274
mers_71.pdb,rec_16_mol71.pdb,4.0526268429010734,1.78644336223932
mers_40.pdb,rec_19_mol40.pdb,3.867968582648332,1.764257729703161
mers_49.pdb,rec_20_mol49.pdb,3.2585174683286406,1.6136702017123323
mers_88.pdb,rec_5_mol88.pdb,3.72362742936286,1.8629468110773895
mers_94.pdb,rec_9_mol94.pdb,4.990617786677927,2.2034339002254244
mers_13.pdb,rec_7_mol13.pdb,4.1563196144420465,2.428136972365739
mers_47.pdb,rec_2_mol47.pdb,3.713202440384939,2.328597886146483
mers_34.pdb,rec_4_mol34.pdb,4.093943862399438,1.762017300826058
mers_64.pdb,rec_7_mol64.pdb,4.4337107333697485,1.922351180476989
mers_22.pdb,rec_2_mol22.pdb,3.0628374618226544,1.4518556450490177
mers_38.pdb,rec_7_mol38.pdb,4.590492785630564,2.5941042177966187
mers_91.pdb,rec_11_mol91.pdb,4.500673441523722,2.089777655976002
mers_16.pdb,rec_7_mol16.pdb,3.41353015921271,1.7027525899431712
mers_6.pdb,rec_2_mol6.pdb,4.87084735081417,2.139824455530762
mers_37.pdb,rec_15_mol37.pdb,3.1383441907849896,1.5398493813065868
mers_31.pdb,rec_14_mol31.pdb,4.581944265226269,2.0133273532433176
mers_86.pdb,rec_7_mol86.pdb,4.675480562346745,2.1636995243781505
mers_45.pdb,rec_4_mol45.pdb,3.914995175680915,2.16328928851687
mers_18.pdb,rec_7_mol18.pdb,4.26937873523688,1.793572169460465
mers_22.pdb,rec_15_mol22.pdb,3.034969508734878,1.4402217481815127
mers_47.pdb,rec_18_mol47.pdb,3.727582081637394,2.322521453765999
mers_66.pdb,rec_4_mol66.pdb,3.135414717745334,1.7965520167078377
mers_46.pdb,rec_15_mol46.pdb,4.660871331860107,2.298045222318026
mers_55.pdb,rec_16_mol55.pdb,4.377911805766611,2.0757531238869436
mers_30.pdb,rec_4_mol30.pdb,3.2891313149773582,1.5555596143696386
mers_93.pdb,rec_1_mol93.pdb,2.8409718780834536,1.6102108694147348
mers_67.pdb,rec_2_mol67.pdb,4.141631885209417,2.322701110814309
mers_56.pdb,rec_20_mol56.pdb,2.806585134699332,1.5032965070227182
mers_22.pdb,rec_9_mol22.pdb,3.2945283196133976,1.7684231172900917
mers_57.pdb,rec_19_mol57.pdb,4.369156938064259,1.9105621914034692
mers_41.pdb,rec_20_mol41.pdb,4.6997925854519345,1.9409664696659787
mers_0.pdb,rec_11_mol0.pdb,5.308853964424399,2.3258660514632745
mers_73.pdb,rec_20_mol73.pdb,4.091832071777839,1.676630648062773
mers_68.pdb,rec_13_mol68.pdb,3.9386348739616546,2.3520081984191163
mers_35.pdb,rec_16_mol35.pdb,3.3959050083249234,1.6838999675401642
mers_94.pdb,rec_7_mol94.pdb,4.592251886369059,2.235288897340973
mers_69.pdb,rec_7_mol69.pdb,4.608380787661941,2.110053604422336
mers_19.pdb,rec_2_mol19.pdb,5.42762291959258,3.311818540173308
mers_28.pdb,rec_7_mol28.pdb,4.481383173378403,2.371356491154264
mers_59.pdb,rec_2_mol59.pdb,4.4388679314517345,2.308767416985606
mers_91.pdb,rec_12_mol91.pdb,3.8036478327666305,1.700877692717908
mers_23.pdb,rec_12_mol23.pdb,3.996021770954288,1.7566844717830417
mers_23.pdb,rec_11_mol23.pdb,3.9788099903075436,1.725575031856869
mers_32.pdb,rec_19_mol32.pdb,4.269146322186844,1.9287569703264833
mers_32.pdb,rec_12_mol32.pdb,4.253125774919957,1.8688527982849825
mers_56.pdb,rec_11_mol56.pdb,2.293264479472565,1.2676369298173686
mers_18.pdb,rec_13_mol18.pdb,4.4308633191030005,1.9643203314272704
mers_71.pdb,rec_12_mol71.pdb,3.903104535503127,1.7068673247965902
mers_89.pdb,rec_13_mol89.pdb,2.672208509308481,1.5914750467675332
mers_21.pdb,rec_6_mol21.pdb,4.2784172758620915,2.2914899057742715
mers_59.pdb,rec_19_mol59.pdb,4.538711625217486,2.0686559001192957
mers_74.pdb,rec_19_mol74.pdb,4.0072796360128144,1.749177824198482
mers_43.pdb,rec_13_mol43.pdb,3.655888942600406,2.3178588559939177
mers_86.pdb,rec_16_mol86.pdb,4.672226069424293,2.5691766936638465
mers_16.pdb,rec_12_mol16.pdb,2.886793554283692,1.5244638606417278
mers_92.pdb,rec_6_mol92.pdb,1.9642223855006908,1.3388754248705785
mers_83.pdb,rec_4_mol83.pdb,3.957127728993134,1.790459789156693
mers_82.pdb,rec_12_mol82.pdb,4.035246100527016,1.7167293960463295
mers_10.pdb,rec_16_mol10.pdb,4.100071497850631,1.7808827611297784
mers_72.pdb,rec_5_mol72.pdb,4.169915427268448,2.2617671818832186
mers_3.pdb,rec_7_mol3.pdb,4.713894270703173,2.1117234341565965
mers_86.pdb,rec_2_mol86.pdb,4.8871950456582285,2.1664724376715028
mers_30.pdb,rec_18_mol30.pdb,3.580195342018669,1.7280168478177067
mers_57.pdb,rec_14_mol57.pdb,4.7813088531624865,2.3588845360056028
mers_30.pdb,rec_11_mol30.pdb,3.303510094833203,1.5761133602395152
mers_33.pdb,rec_7_mol33.pdb,2.452282748555844,1.4720300432333844
mers_49.pdb,rec_12_mol49.pdb,3.358647338436312,1.6029900610181333
mers_94.pdb,rec_16_mol94.pdb,4.440390481590242,2.4204430506230916
mers_34.pdb,rec_2_mol34.pdb,4.08323433447879,1.7529845230246444
mers_41.pdb,rec_2_mol41.pdb,4.631159799427786,1.9344873722294167
mers_27.pdb,rec_6_mol27.pdb,4.155144197705478,1.7877441846025437
mers_89.pdb,rec_15_mol89.pdb,2.445475650316519,1.4801871948425636
mers_1.pdb,rec_5_mol1.pdb,3.314558948770825,1.5819617197668507
mers_17.pdb,rec_13_mol17.pdb,4.2735154417336885,2.2788750361327597
mers_35.pdb,rec_9_mol35.pdb,3.67752698519593,1.773843417031615
mers_84.pdb,rec_5_mol84.pdb,3.5695944926699146,2.2563459248014017
mers_86.pdb,rec_1_mol86.pdb,4.702371392858496,2.15699410389441
mers_49.pdb,rec_2_mol49.pdb,3.358457249415399,1.578467580795207
mers_33.pdb,rec_20_mol33.pdb,3.0147037074756815,1.6872906984886733
mers_64.pdb,rec_12_mol64.pdb,4.373550693303865,1.8753987440084585
mers_24.pdb,rec_2_mol24.pdb,4.4721963368764595,1.8844223639239137
mers_82.pdb,rec_20_mol82.pdb,4.098611716087576,1.7150573568447365
mers_29.pdb,rec_18_mol29.pdb,4.594590165660983,2.5627630717184466
mers_17.pdb,rec_19_mol17.pdb,4.221175176671397,1.8178759088270358
mers_34.pdb,rec_6_mol34.pdb,4.580281797839573,2.2729459720052985
mers_24.pdb,rec_14_mol24.pdb,4.629181813974762,2.052448219900556
mers_55.pdb,rec_5_mol55.pdb,4.361737431693703,2.0684469397946716
mers_40.pdb,rec_18_mol40.pdb,3.902685135482827,2.214056857480259
mers_89.pdb,rec_16_mol89.pdb,2.4255792121500437,1.375570770039607
mers_30.pdb,rec_15_mol30.pdb,3.2778760776183593,1.542770043284174
mers_20.pdb,rec_19_mol20.pdb,4.342710018537124,2.153633268749701
mers_18.pdb,rec_20_mol18.pdb,4.311566909042223,1.8068774541897121
mers_45.pdb,rec_11_mol45.pdb,3.9139612558948875,2.1719261290449414
mers_70.pdb,rec_16_mol70.pdb,4.38325041235222,1.8652135390772944
mers_18.pdb,rec_5_mol18.pdb,4.432729977094415,1.8907628032304264
mers_36.pdb,rec_4_mol36.pdb,3.9019285166364304,1.723651538133689
mers_16.pdb,rec_20_mol16.pdb,2.9856684178798942,1.4790293101652363
mers_42.pdb,rec_16_mol42.pdb,4.4011877652023665,2.023201846335744
mers_65.pdb,rec_5_mol65.pdb,4.509922212988682,1.9955832848101445
mers_13.pdb,rec_4_mol13.pdb,3.828491576661247,1.7648348196462924
mers_3.pdb,rec_11_mol3.pdb,4.6989300812416905,2.026421701340901
mers_77.pdb,rec_19_mol77.pdb,3.7939346131534655,1.7824440298445599
mers_77.pdb,rec_7_mol77.pdb,3.842644043672391,1.7609439183166407
mers_95.pdb,rec_6_mol95.pdb,4.15129368179941,2.4294022478126713
mers_69.pdb,rec_9_mol69.pdb,4.1788364199557195,1.9705349507389298
mers_48.pdb,rec_15_mol48.pdb,3.070244640296164,1.3873956810470676
mers_63.pdb,rec_11_mol63.pdb,4.33070360374814,2.044556827512312
mers_46.pdb,rec_6_mol46.pdb,4.643576848832564,2.3384472692059903
mers_70.pdb,rec_5_mol70.pdb,4.232469712739696,1.7544866655497395
mers_86.pdb,rec_6_mol86.pdb,4.69094319278635,2.55476315843695
mers_72.pdb,rec_7_mol72.pdb,4.209213651245349,2.3391570145099876
mers_94.pdb,rec_4_mol94.pdb,4.762437933142837,2.25690729569064
mers_80.pdb,rec_14_mol80.pdb,4.004393438643466,1.7560442620582195
mers_49.pdb,rec_15_mol49.pdb,3.3641903828135375,1.5848984138045774
mers_75.pdb,rec_14_mol75.pdb,4.039992528470316,2.2140068277252243
mers_85.pdb,rec_16_mol85.pdb,4.025716655998532,1.763840807968814
mers_74.pdb,rec_4_mol74.pdb,4.007714895897703,1.730738151510738
mers_55.pdb,rec_7_mol55.pdb,4.346204483715049,2.0952758325126535
mers_41.pdb,rec_14_mol41.pdb,4.833178895691627,1.958368163834586
mers_39.pdb,rec_1_mol39.pdb,4.968773611914044,1.933385862954419
mers_3.pdb,rec_16_mol3.pdb,4.831182039066766,2.0791601211308244
mers_73.pdb,rec_6_mol73.pdb,4.187800422582863,2.0487614552031133
mers_37.pdb,rec_16_mol37.pdb,3.437329411387008,1.6527400493356768
mers_46.pdb,rec_12_mol46.pdb,4.635922650843134,1.9390127890590723
mers_44.pdb,rec_11_mol44.pdb,3.7343479395343877,2.1296506634748624
mers_76.pdb,rec_18_mol76.pdb,4.324036606610239,2.220160695382059
mers_27.pdb,rec_5_mol27.pdb,4.155889906043297,1.849755702122727
mers_77.pdb,rec_20_mol77.pdb,4.200120760320595,2.175555627653113
mers_59.pdb,rec_11_mol59.pdb,4.596713618431131,2.3346603511983983
mers_20.pdb,rec_9_mol20.pdb,4.248582513798767,1.9412095386724524
mers_30.pdb,rec_19_mol30.pdb,3.5568979973030164,1.766401214264252
mers_47.pdb,rec_20_mol47.pdb,3.5665696634223854,1.6639121278641757
mers_17.pdb,rec_7_mol17.pdb,4.454798596224269,2.0085710081796306
mers_67.pdb,rec_1_mol67.pdb,3.7801606879474816,2.2094429984813466
mers_67.pdb,rec_15_mol67.pdb,3.6783801495267014,1.6824358366030163
mers_50.pdb,rec_5_mol50.pdb,2.691638651112099,1.4561625944230525
mers_12.pdb,rec_7_mol12.pdb,2.886674589767708,1.5548828672455868
mers_61.pdb,rec_15_mol61.pdb,4.574273663377437,1.9926954417125677
mers_28.pdb,rec_15_mol28.pdb,4.172189016978898,1.8410956566045487
mers_84.pdb,rec_2_mol84.pdb,3.5585399997596823,2.2744940379458143
mers_39.pdb,rec_12_mol39.pdb,4.812056304589648,2.306136162305729
mers_36.pdb,rec_12_mol36.pdb,3.902988863502504,1.720625463843631
mers_29.pdb,rec_16_mol29.pdb,4.871988290005142,2.0565089462896764
mers_39.pdb,rec_6_mol39.pdb,4.815043628839619,2.291265978937647
mers_14.pdb,rec_1_mol14.pdb,4.514004498715766,1.908642728314621
mers_89.pdb,rec_6_mol89.pdb,2.074601452656468,1.274435725440436
mers_45.pdb,rec_5_mol45.pdb,3.9097350150340775,2.1669513164008953
mers_9.pdb,rec_16_mol9.pdb,4.175936453514589,1.968168474916888
mers_11.pdb,rec_19_mol11.pdb,2.978386079272612,1.7074489096089325
mers_63.pdb,rec_2_mol63.pdb,4.114167365090256,1.756485269904901
mers_76.pdb,rec_16_mol76.pdb,4.029981783718794,1.7642607923969358
mers_7.pdb,rec_13_mol7.pdb,2.434872665873228,1.6093094107931594
mers_8.pdb,rec_15_mol8.pdb,4.5930278596009675,1.8884476807145734
mers_56.pdb,rec_16_mol56.pdb,2.5000535764158602,1.4308288241484357
mers_70.pdb,rec_1_mol70.pdb,4.315816773901605,1.8112439898768868
mers_25.pdb,rec_1_mol25.pdb,4.782029024645703,2.081170836211861
mers_31.pdb,rec_12_mol31.pdb,4.931016316335892,2.0619008173911784
