Reference_File,Docked_Complex,Ligand_RMSD_A,Pocket_RMSD_A
mers_0.pdb,rec_11_mol0.pdb,6.015445572644304,1.201995221715957
mers_1.pdb,rec_11_mol1.pdb,4.801238656884248,1.1538844624384619
mers_10.pdb,rec_11_mol10.pdb,5.0491688920852065,1.1665110168778596
mers_11.pdb,rec_11_mol11.pdb,3.9608265116313084,1.4223727280752319
mers_12.pdb,rec_11_mol12.pdb,3.9446013776938003,1.1641761158696868
mers_13.pdb,rec_11_mol13.pdb,5.954689541667906,1.1637564113499066
mers_14.pdb,rec_11_mol14.pdb,4.458463079456132,1.3247316638609667
mers_15.pdb,rec_11_mol15.pdb,3.9925591279925903,1.2610123681852514
mers_16.pdb,rec_11_mol16.pdb,3.5872525935635924,1.2485851981837497
mers_17.pdb,rec_11_mol17.pdb,5.938868994819488,1.1687338203603792
mers_18.pdb,rec_11_mol18.pdb,5.688739246754579,1.1740345495782285
mers_19.pdb,rec_11_mol19.pdb,9.784993540765651,1.23720030077436
mers_2.pdb,rec_11_mol2.pdb,3.5590831847103304,1.2589489878859519
mers_20.pdb,rec_11_mol20.pdb,5.78464460392488,1.1231399861794051
mers_21.pdb,rec_11_mol21.pdb,6.317686239821338,1.1616966410529146
mers_22.pdb,rec_11_mol22.pdb,4.449700886401624,1.1656797870228424
mers_23.pdb,rec_11_mol23.pdb,4.044266298145331,1.1602253718880264
mers_24.pdb,rec_11_mol24.pdb,4.438907388292916,1.2003716802004012
mers_25.pdb,rec_11_mol25.pdb,4.72715544783729,1.284911341296101
mers_26.pdb,rec_11_mol26.pdb,4.394483719286896,1.1277376068806444
mers_27.pdb,rec_11_mol27.pdb,4.8698077974419824,1.259616801912586
mers_28.pdb,rec_11_mol28.pdb,4.350256119371107,1.188665096501309
mers_29.pdb,rec_11_mol29.pdb,4.871043039747622,1.2534868055205788
mers_3.pdb,rec_11_mol3.pdb,4.96796382505368,1.1661977239755532
mers_30.pdb,rec_11_mol30.pdb,3.3228409957716187,1.184259180959595
mers_31.pdb,rec_11_mol31.pdb,5.577414106766259,1.1733751595992532
mers_32.pdb,rec_11_mol32.pdb,6.934459234032707,1.2072532715999418
mers_33.pdb,rec_11_mol33.pdb,3.308081744488308,1.3020077656323166
mers_34.pdb,rec_11_mol34.pdb,6.063872021613004,1.136570277156046
mers_35.pdb,rec_11_mol35.pdb,4.684753917831754,1.2066500948951844
mers_36.pdb,rec_11_mol36.pdb,4.145571279333997,1.1397129216376933
mers_37.pdb,rec_11_mol37.pdb,5.000526203723752,1.2228946075457614
mers_38.pdb,rec_11_mol38.pdb,4.683633902495929,1.3131513594070363
mers_39.pdb,rec_11_mol39.pdb,5.857657813973672,1.1404322862625798
mers_4.pdb,rec_11_mol4.pdb,3.267427404242978,1.2877213721934027
mers_40.pdb,rec_11_mol40.pdb,3.882895948018752,1.1268433248573575
mers_41.pdb,rec_11_mol41.pdb,4.791839249362303,1.184423076315535
mers_42.pdb,rec_11_mol42.pdb,4.741746850399005,1.249641839555396
mers_43.pdb,rec_11_mol43.pdb,6.1194146281193,1.17631048253925
mers_44.pdb,rec_11_mol44.pdb,5.616925023605538,1.1787667141708758
mers_45.pdb,rec_11_mol45.pdb,5.697942404229069,1.1403718684746298
mers_46.pdb,rec_11_mol46.pdb,5.589955381649389,1.15001649894023
mers_47.pdb,rec_11_mol47.pdb,6.410908350568039,1.288413814308625
mers_48.pdb,rec_11_mol48.pdb,3.188520203498126,1.228730037021712
mers_49.pdb,rec_11_mol49.pdb,4.013648022562175,1.1891233577614193
mers_5.pdb,rec_11_mol5.pdb,5.159337207081889,1.1389601688954307
mers_50.pdb,rec_11_mol50.pdb,3.7806130626097163,1.2048289702667072
mers_51.pdb,rec_11_mol51.pdb,6.961826365274612,1.448011148406799
mers_52.pdb,rec_11_mol52.pdb,4.7537269972034535,1.2148285640424588
mers_53.pdb,rec_11_mol53.pdb,5.369753175780476,1.2290903740844454
mers_54.pdb,rec_11_mol54.pdb,4.645932827395107,1.078367653477594
mers_55.pdb,rec_11_mol55.pdb,5.434253179889299,1.1375618855819973
mers_56.pdb,rec_11_mol56.pdb,2.3349141698740423,1.119774957059229
mers_57.pdb,rec_11_mol57.pdb,4.709808240922656,1.1200913851041192
mers_58.pdb,rec_11_mol58.pdb,6.183881618531021,1.1427325914309283
mers_59.pdb,rec_11_mol59.pdb,6.00685473262394,1.2499323918265326
mers_6.pdb,rec_11_mol6.pdb,6.28219387931805,1.1482187065505907
mers_60.pdb,rec_11_mol60.pdb,3.9857183021188307,1.1685144894259103
mers_61.pdb,rec_11_mol61.pdb,5.0864331800678295,1.179518083231956
mers_62.pdb,rec_11_mol62.pdb,7.195018090112834,1.2728636189243128
mers_63.pdb,rec_11_mol63.pdb,5.39582587018441,1.1958913108898614
mers_64.pdb,rec_11_mol64.pdb,4.457723044447727,1.2758380639837454
mers_66.pdb,rec_11_mol66.pdb,4.300653313786519,1.1785060872813566
mers_67.pdb,rec_11_mol67.pdb,5.896894237642344,1.1557675187218655
mers_68.pdb,rec_11_mol68.pdb,6.253606176820535,1.1381958179656653
mers_69.pdb,rec_11_mol69.pdb,4.658656149635677,1.2215178341642157
mers_7.pdb,rec_11_mol7.pdb,3.3798732326334666,1.4317230497006106
mers_70.pdb,rec_11_mol70.pdb,6.199585126095951,1.117157516017067
mers_71.pdb,rec_11_mol71.pdb,6.218122959158552,1.1500703622770545
mers_72.pdb,rec_11_mol72.pdb,5.720506876621106,1.1118610819623354
mers_73.pdb,rec_11_mol73.pdb,5.619133135285868,1.1839829717849957
mers_74.pdb,rec_11_mol74.pdb,5.991937559978893,1.1609106615831652
mers_75.pdb,rec_11_mol75.pdb,6.664777987465056,1.185902059592291
mers_76.pdb,rec_11_mol76.pdb,4.102275168159858,1.2205634752891952
mers_77.pdb,rec_11_mol77.pdb,3.885139800963647,1.1546552503462837
mers_79.pdb,rec_11_mol79.pdb,2.410077157535226,1.3161570822533215
mers_8.pdb,rec_11_mol8.pdb,4.605621663729499,1.1190369806080058
mers_80.pdb,rec_11_mol80.pdb,6.245240444095996,1.1136042300203441
mers_81.pdb,rec_11_mol81.pdb,6.288517568614782,1.1837087263149075
mers_82.pdb,rec_11_mol82.pdb,4.025887974337002,1.1725500044803308
mers_83.pdb,rec_11_mol83.pdb,4.000354153751104,1.2640920469496972
mers_84.pdb,rec_11_mol84.pdb,3.0806778666657832,1.1536491460532674
mers_85.pdb,rec_11_mol85.pdb,5.913454939878963,1.1836006248040136
mers_86.pdb,rec_11_mol86.pdb,4.770265543106866,1.1344460888575316
mers_87.pdb,rec_11_mol87.pdb,4.174320393704469,1.2147459840120645
mers_88.pdb,rec_11_mol88.pdb,4.112009415784429,1.0998234544350818
mers_89.pdb,rec_11_mol89.pdb,2.319857162695111,1.3095315465938817
mers_9.pdb,rec_11_mol9.pdb,6.481702487789208,1.1472270464828207
mers_90.pdb,rec_11_mol90.pdb,6.265349021257291,1.5185617584406508
mers_91.pdb,rec_11_mol91.pdb,5.1864173113087055,1.1957134233417333
mers_92.pdb,rec_11_mol92.pdb,3.513035509878546,1.3677540098280243
mers_93.pdb,rec_11_mol93.pdb,5.0611401313141995,1.2869855277678965
mers_94.pdb,rec_11_mol94.pdb,5.5724912897149235,1.3646951961698712
mers_95.pdb,rec_11_mol95.pdb,4.405560285190156,1.1305110537492267
mers_96.pdb,rec_11_mol96.pdb,5.077970605565724,1.1618924719872823
mers_0.pdb,rec_12_mol0.pdb,5.612632076856894,1.2627849262538422
mers_1.pdb,rec_12_mol1.pdb,4.801420091569339,1.2017537073536082
mers_10.pdb,rec_12_mol10.pdb,4.133551835253142,1.2161803930165522
mers_11.pdb,rec_12_mol11.pdb,3.960683945838288,1.4337601717676707
mers_12.pdb,rec_12_mol12.pdb,4.182889728982923,1.2345206704587124
mers_13.pdb,rec_12_mol13.pdb,5.95253713991231,1.196618845861997
mers_14.pdb,rec_12_mol14.pdb,4.459994128162614,1.3449654070145514
mers_15.pdb,rec_12_mol15.pdb,3.997005521670961,1.2620962148177077
mers_16.pdb,rec_12_mol16.pdb,3.5242915152906997,1.2906558915805255
mers_17.pdb,rec_12_mol17.pdb,4.214051847699038,1.209018579383074
mers_18.pdb,rec_12_mol18.pdb,5.688679738608017,1.202544595714186
mers_19.pdb,rec_12_mol19.pdb,9.78774791348755,1.241603592380726
mers_2.pdb,rec_12_mol2.pdb,5.042875621846854,1.2865173813493094
mers_20.pdb,rec_12_mol20.pdb,5.553032024195641,1.2121570636139205
mers_21.pdb,rec_12_mol21.pdb,3.829844952059165,1.23540859589704
mers_22.pdb,rec_12_mol22.pdb,3.064329159305869,1.2475464752458079
mers_23.pdb,rec_12_mol23.pdb,4.091700273238972,1.197860272685956
mers_24.pdb,rec_12_mol24.pdb,4.444554924243628,1.2727056636751082
mers_25.pdb,rec_12_mol25.pdb,5.040669259869216,1.2544608133372361
mers_26.pdb,rec_12_mol26.pdb,4.39468266597861,1.1942342914460848
mers_27.pdb,rec_12_mol27.pdb,4.870866895889906,1.2353000824237823
mers_28.pdb,rec_12_mol28.pdb,4.358431763610584,1.1927251383888007
mers_29.pdb,rec_12_mol29.pdb,4.878202505388159,1.2951503039254795
mers_3.pdb,rec_12_mol3.pdb,5.068221574188019,1.2295034496821238
mers_30.pdb,rec_12_mol30.pdb,3.3404536496169466,1.1551275848456592
mers_31.pdb,rec_12_mol31.pdb,4.908900688285515,1.2446766413312333
mers_32.pdb,rec_12_mol32.pdb,4.513176845365686,1.2281275638480034
mers_33.pdb,rec_12_mol33.pdb,3.275472234698465,1.3009757326701863
mers_34.pdb,rec_12_mol34.pdb,4.0642739536389625,1.2175109419382801
mers_35.pdb,rec_12_mol35.pdb,4.6821782774983935,1.2623326578707426
mers_36.pdb,rec_12_mol36.pdb,3.918421233374753,1.2168028272885507
mers_37.pdb,rec_12_mol37.pdb,4.9949400156872334,1.2458676448628683
mers_38.pdb,rec_12_mol38.pdb,6.361758254281113,1.3497955335343002
mers_39.pdb,rec_12_mol39.pdb,5.952331082352918,1.2434291240728472
mers_4.pdb,rec_12_mol4.pdb,3.281836201262981,1.3772828580948653
mers_40.pdb,rec_12_mol40.pdb,4.156301135910643,1.1553833570491918
mers_41.pdb,rec_12_mol41.pdb,4.673049159145925,1.2061350188378914
mers_42.pdb,rec_12_mol42.pdb,4.748021005241071,1.2527447946470212
mers_43.pdb,rec_12_mol43.pdb,2.9363976748025515,1.2069648382764318
mers_44.pdb,rec_12_mol44.pdb,4.145057152314157,1.2262364835149777
mers_45.pdb,rec_12_mol45.pdb,5.712211320688007,1.1785456554367884
mers_46.pdb,rec_12_mol46.pdb,4.790764251506973,1.1927214164708195
mers_47.pdb,rec_12_mol47.pdb,6.437228941132276,1.2863175314912165
mers_48.pdb,rec_12_mol48.pdb,3.1883807348343485,1.2276525682720405
mers_49.pdb,rec_12_mol49.pdb,3.6892762930945406,1.2291549487383844
mers_5.pdb,rec_12_mol5.pdb,3.64225017114607,1.235603775570579
mers_50.pdb,rec_12_mol50.pdb,3.4434812943908115,1.240522138727404
mers_51.pdb,rec_12_mol51.pdb,5.325947745141599,1.4900403930219446
mers_52.pdb,rec_12_mol52.pdb,4.6695958438816065,1.2325961163602681
mers_53.pdb,rec_12_mol53.pdb,6.6810902170951225,1.2446006373251208
mers_54.pdb,rec_12_mol54.pdb,4.688861955563757,1.1576428283961175
mers_55.pdb,rec_12_mol55.pdb,5.539283727788472,1.2056817801189466
mers_56.pdb,rec_12_mol56.pdb,2.3349162494235225,1.2075977580893658
mers_57.pdb,rec_12_mol57.pdb,4.716543217444046,1.2087020215303677
mers_58.pdb,rec_12_mol58.pdb,3.8934062183867217,1.2407397865007246
mers_59.pdb,rec_12_mol59.pdb,4.505941575162989,1.273781675216422
mers_6.pdb,rec_12_mol6.pdb,5.4290824166640865,1.2548044133046266
mers_60.pdb,rec_12_mol60.pdb,3.557411830711209,1.2238245448698788
mers_61.pdb,rec_12_mol61.pdb,5.03168348388292,1.2527831447815831
mers_62.pdb,rec_12_mol62.pdb,4.796933915475999,1.2830376759556659
mers_63.pdb,rec_12_mol63.pdb,5.508843958265629,1.2292178243232257
mers_64.pdb,rec_12_mol64.pdb,4.448440653713266,1.3200496779803805
mers_65.pdb,rec_12_mol65.pdb,5.316313402783432,1.1973273636212083
mers_66.pdb,rec_12_mol66.pdb,4.3649985134905664,1.2019555661097874
mers_67.pdb,rec_12_mol67.pdb,3.820460910533103,1.1946137660210974
mers_68.pdb,rec_12_mol68.pdb,4.287175547083149,1.2359645213534114
mers_69.pdb,rec_12_mol69.pdb,4.645581571041832,1.2781000655885066
mers_7.pdb,rec_12_mol7.pdb,4.096045220772319,1.386271061616203
mers_70.pdb,rec_12_mol70.pdb,4.241635030835395,1.226351120961596
mers_71.pdb,rec_12_mol71.pdb,3.9982533084455847,1.192133946501105
mers_72.pdb,rec_12_mol72.pdb,5.926895268297731,1.2161492378713932
mers_73.pdb,rec_12_mol73.pdb,4.100902270959681,1.2610077280463778
mers_74.pdb,rec_12_mol74.pdb,3.951882007013256,1.2388325483396165
mers_75.pdb,rec_12_mol75.pdb,5.934965328286801,1.217634344920045
mers_76.pdb,rec_12_mol76.pdb,4.093120329535053,1.2204569410783823
mers_77.pdb,rec_12_mol77.pdb,4.227164080400097,1.2309128261321403
mers_79.pdb,rec_12_mol79.pdb,3.5704244968843892,1.3071858383729429
mers_8.pdb,rec_12_mol8.pdb,5.483021688738229,1.176512416391348
mers_80.pdb,rec_12_mol80.pdb,3.8597954558925416,1.2232615084792797
mers_81.pdb,rec_12_mol81.pdb,2.917725585845477,1.2370615458499497
mers_82.pdb,rec_12_mol82.pdb,4.015145667296531,1.214721028313981
mers_83.pdb,rec_12_mol83.pdb,4.042958510343089,1.30682343177833
mers_84.pdb,rec_12_mol84.pdb,5.9540368743617815,1.2736259998122903
mers_85.pdb,rec_12_mol85.pdb,3.985225696244295,1.232966496249247
mers_86.pdb,rec_12_mol86.pdb,4.8092467754744455,1.2076365716499418
mers_87.pdb,rec_12_mol87.pdb,4.153976816018012,1.2363232189704618
mers_88.pdb,rec_12_mol88.pdb,4.277803883516756,1.2027496447597021
mers_89.pdb,rec_12_mol89.pdb,2.3204496763827027,1.2952551937181676
mers_9.pdb,rec_12_mol9.pdb,3.97263361941871,1.2189522928623862
mers_90.pdb,rec_12_mol90.pdb,4.061862032034065,1.5466147571412032
mers_91.pdb,rec_12_mol91.pdb,3.8147354731800562,1.2495003217979477
mers_92.pdb,rec_12_mol92.pdb,3.5168675050677773,1.3869484637032519
mers_93.pdb,rec_12_mol93.pdb,2.1646733669053644,1.3603365814354904
mers_94.pdb,rec_12_mol94.pdb,5.566930316552346,1.4258359687113094
mers_95.pdb,rec_12_mol95.pdb,6.394001229255463,1.188742065948445
mers_96.pdb,rec_12_mol96.pdb,3.219705318826145,1.1847098569768963
mers_1.pdb,rec_13_mol1.pdb,4.806268922984088,1.2907533030434593
mers_11.pdb,rec_13_mol11.pdb,4.165746189644119,1.4877848085598817
mers_12.pdb,rec_13_mol12.pdb,3.9611737889826104,1.3034043523451928
mers_14.pdb,rec_13_mol14.pdb,6.882912140646759,1.4266959570119047
mers_16.pdb,rec_13_mol16.pdb,3.5864754511738615,1.3421093184357886
mers_17.pdb,rec_13_mol17.pdb,5.999737934460851,1.3229339000303046
mers_18.pdb,rec_13_mol18.pdb,5.688921347871349,1.2842431624947241
mers_19.pdb,rec_13_mol19.pdb,9.789019776551257,1.3553781750117342
mers_20.pdb,rec_13_mol20.pdb,5.560885250182776,1.288845870364587
mers_22.pdb,rec_13_mol22.pdb,5.478101269898226,1.3013005141922318
mers_23.pdb,rec_13_mol23.pdb,7.2240235917220765,1.2964219399934909
mers_24.pdb,rec_13_mol24.pdb,6.106822149549716,1.3272554575495512
mers_26.pdb,rec_13_mol26.pdb,4.389899956367074,1.2757221566150452
mers_27.pdb,rec_13_mol27.pdb,4.870879792522405,1.3420855614340053
mers_28.pdb,rec_13_mol28.pdb,5.846314826710892,1.3160289082601992
mers_29.pdb,rec_13_mol29.pdb,6.399078387484746,1.3603882291372003
mers_3.pdb,rec_13_mol3.pdb,5.112242616647399,1.3180059201973846
mers_32.pdb,rec_13_mol32.pdb,6.825147744705398,1.3185244612650364
mers_33.pdb,rec_13_mol33.pdb,3.275509309252592,1.3652277266227826
mers_35.pdb,rec_13_mol35.pdb,4.761546094718448,1.364305396508449
mers_37.pdb,rec_13_mol37.pdb,4.996458319106887,1.3486306416086118
mers_38.pdb,rec_13_mol38.pdb,6.1086259822056315,1.4264495497417187
mers_39.pdb,rec_13_mol39.pdb,5.9115145949656736,1.316597786905064
mers_4.pdb,rec_13_mol4.pdb,4.35984861328084,1.4302663287946606
mers_43.pdb,rec_13_mol43.pdb,6.062031212850198,1.3364819416467786
mers_47.pdb,rec_13_mol47.pdb,5.878072640924746,1.4362897803031305
mers_48.pdb,rec_13_mol48.pdb,4.876491590463699,1.334773450883419
mers_49.pdb,rec_13_mol49.pdb,4.334018214268969,1.2938954723703888
mers_5.pdb,rec_13_mol5.pdb,5.159505050293603,1.2887711397018293
mers_50.pdb,rec_13_mol50.pdb,3.452330872624154,1.3466227259015908
mers_56.pdb,rec_13_mol56.pdb,3.6322319461573125,1.3197996009279973
mers_6.pdb,rec_13_mol6.pdb,5.588258609165784,1.307234887588004
mers_60.pdb,rec_13_mol60.pdb,3.567485000791171,1.3384665950885837
mers_62.pdb,rec_13_mol62.pdb,7.117421061915945,1.4132693810190857
mers_64.pdb,rec_13_mol64.pdb,6.892386344968471,1.3980072141289754
mers_65.pdb,rec_13_mol65.pdb,5.3550516483491455,1.2971516362145503
mers_66.pdb,rec_13_mol66.pdb,5.1768473603652305,1.3278255765708111
mers_68.pdb,rec_13_mol68.pdb,6.243262098543279,1.3233188165329657
mers_69.pdb,rec_13_mol69.pdb,4.686158404870758,1.3485927532809552
mers_7.pdb,rec_13_mol7.pdb,3.5192865072189794,1.513233317996755
mers_71.pdb,rec_13_mol71.pdb,5.9870242284731034,1.321577556851358
mers_72.pdb,rec_13_mol72.pdb,5.648957733534516,1.297762443663749
mers_73.pdb,rec_13_mol73.pdb,5.620858066646896,1.3567567512383092
mers_74.pdb,rec_13_mol74.pdb,5.948446478770032,1.30571958452911
mers_76.pdb,rec_13_mol76.pdb,5.685088923491444,1.329526438490364
mers_77.pdb,rec_13_mol77.pdb,5.128484722299013,1.315634848967542
mers_79.pdb,rec_13_mol79.pdb,3.717608543347219,1.421911421573685
mers_8.pdb,rec_13_mol8.pdb,6.449499793365628,1.275970592660881
mers_80.pdb,rec_13_mol80.pdb,6.1375505125993435,1.3088583624334296
mers_81.pdb,rec_13_mol81.pdb,6.102961551582367,1.3498044921534793
mers_84.pdb,rec_13_mol84.pdb,5.792207207819513,1.353000404835977
mers_85.pdb,rec_13_mol85.pdb,5.842098057265683,1.3102291040079594
mers_88.pdb,rec_13_mol88.pdb,5.028521195357745,1.2627075166816506
mers_89.pdb,rec_13_mol89.pdb,3.7449703220123216,1.401907035092213
mers_90.pdb,rec_13_mol90.pdb,6.112651066940724,1.6606076059519974
mers_92.pdb,rec_13_mol92.pdb,3.5201656522652693,1.4921510297720204
mers_93.pdb,rec_13_mol93.pdb,5.308898642872979,1.4155384707910856
mers_94.pdb,rec_13_mol94.pdb,5.775809427185667,1.4732916190283416
mers_96.pdb,rec_13_mol96.pdb,4.732024463583067,1.2826182613565376
mers_0.pdb,rec_14_mol0.pdb,5.619237507290606,1.249069860188308
mers_1.pdb,rec_14_mol1.pdb,4.435954156671247,1.189503207953576
mers_10.pdb,rec_14_mol10.pdb,5.360338550829248,1.2126948206698358
mers_11.pdb,rec_14_mol11.pdb,3.960886531755701,1.4451658523975852
mers_12.pdb,rec_14_mol12.pdb,4.144312780192764,1.2235721202298593
mers_13.pdb,rec_14_mol13.pdb,4.0561093691858074,1.2097222299184407
mers_14.pdb,rec_14_mol14.pdb,4.505790911433627,1.3261529526738913
mers_15.pdb,rec_14_mol15.pdb,3.9828229499716885,1.279562431148917
mers_16.pdb,rec_14_mol16.pdb,3.5827468621368364,1.2827929250751933
mers_17.pdb,rec_14_mol17.pdb,4.46011745452865,1.22867699830826
mers_18.pdb,rec_14_mol18.pdb,5.214638665528974,1.2309043370539996
mers_19.pdb,rec_14_mol19.pdb,9.811499046262211,1.2288381368575805
mers_2.pdb,rec_14_mol2.pdb,5.094590430606495,1.2895234131404276
mers_20.pdb,rec_14_mol20.pdb,5.788084587865019,1.1887082899466013
mers_21.pdb,rec_14_mol21.pdb,4.259229038967281,1.2456559239584777
mers_22.pdb,rec_14_mol22.pdb,3.209901888803771,1.2453138114831124
mers_23.pdb,rec_14_mol23.pdb,4.028759783130349,1.225066047621877
mers_24.pdb,rec_14_mol24.pdb,4.866909336581467,1.2448157183752404
mers_25.pdb,rec_14_mol25.pdb,5.008796183532816,1.3459087893395432
mers_26.pdb,rec_14_mol26.pdb,4.345285377239169,1.1808949830980957
mers_27.pdb,rec_14_mol27.pdb,5.018744702478544,1.2774790756194019
mers_28.pdb,rec_14_mol28.pdb,4.448951758483939,1.1853245932874854
mers_29.pdb,rec_14_mol29.pdb,4.809151427700481,1.2687726145473157
mers_3.pdb,rec_14_mol3.pdb,5.125412983852558,1.2156957128267036
mers_30.pdb,rec_14_mol30.pdb,3.3360111971330477,1.2239924157565087
mers_31.pdb,rec_14_mol31.pdb,4.754767634682448,1.267286251520223
mers_32.pdb,rec_14_mol32.pdb,5.875365025486164,1.2542720571618193
mers_33.pdb,rec_14_mol33.pdb,3.2752242307998953,1.311359181205018
mers_34.pdb,rec_14_mol34.pdb,5.036540618665436,1.1983858788710648
mers_35.pdb,rec_14_mol35.pdb,4.782851685441247,1.2780641847098608
mers_36.pdb,rec_14_mol36.pdb,4.379223519775687,1.182916875280697
mers_37.pdb,rec_14_mol37.pdb,4.993872686349588,1.2372822133360375
mers_38.pdb,rec_14_mol38.pdb,4.955305966969068,1.334777774283073
mers_39.pdb,rec_14_mol39.pdb,5.823109418094739,1.2403996920754765
mers_4.pdb,rec_14_mol4.pdb,4.5747734016122115,1.3424935373452864
mers_40.pdb,rec_14_mol40.pdb,3.935149632897426,1.2419360709792187
mers_41.pdb,rec_14_mol41.pdb,4.784663192307561,1.1963462297138536
mers_42.pdb,rec_14_mol42.pdb,5.870066188973148,1.2553296931199083
mers_43.pdb,rec_14_mol43.pdb,4.178685849065692,1.2252775488588479
mers_44.pdb,rec_14_mol44.pdb,4.118114324369176,1.2734049680124666
mers_45.pdb,rec_14_mol45.pdb,4.221899413111558,1.1639507668049585
mers_46.pdb,rec_14_mol46.pdb,5.721109541424438,1.2401318121120564
mers_47.pdb,rec_14_mol47.pdb,3.528917391366242,1.3324032607639698
mers_48.pdb,rec_14_mol48.pdb,3.188627679913361,1.2243815970118226
mers_49.pdb,rec_14_mol49.pdb,3.6713549531970466,1.1949120413579624
mers_5.pdb,rec_14_mol5.pdb,4.8475882072878465,1.2254514996828467
mers_50.pdb,rec_14_mol50.pdb,4.000709911135737,1.226088921345372
mers_51.pdb,rec_14_mol51.pdb,5.279282829024683,1.5268599127797975
mers_52.pdb,rec_14_mol52.pdb,4.690873327140634,1.2442079110939137
mers_53.pdb,rec_14_mol53.pdb,5.432096243083706,1.2274803264408474
mers_54.pdb,rec_14_mol54.pdb,5.1121893014123145,1.1767497906134807
mers_55.pdb,rec_14_mol55.pdb,5.502276532504507,1.1896515726804953
mers_56.pdb,rec_14_mol56.pdb,2.7092659353397694,1.1857820614182568
mers_57.pdb,rec_14_mol57.pdb,5.770986259580691,1.1823005904889663
mers_58.pdb,rec_14_mol58.pdb,4.812588872668526,1.2482394584968406
mers_59.pdb,rec_14_mol59.pdb,4.725280585813621,1.3374810960611472
mers_6.pdb,rec_14_mol6.pdb,5.61972558579191,1.225436503209204
mers_60.pdb,rec_14_mol60.pdb,4.04541155966493,1.2148149573390548
mers_61.pdb,rec_14_mol61.pdb,5.1684233786846745,1.2454372184890254
mers_62.pdb,rec_14_mol62.pdb,4.867230787247832,1.2950259743918116
mers_63.pdb,rec_14_mol63.pdb,5.472001238391151,1.2601441042954507
mers_64.pdb,rec_14_mol64.pdb,4.588185969204362,1.3467954524552532
mers_65.pdb,rec_14_mol65.pdb,5.6536983703246655,1.1943347635749402
mers_66.pdb,rec_14_mol66.pdb,2.115042588713887,1.2053175940535348
mers_67.pdb,rec_14_mol67.pdb,4.022913420697697,1.2060850340262717
mers_68.pdb,rec_14_mol68.pdb,5.093627690981641,1.2558453576838189
mers_69.pdb,rec_14_mol69.pdb,4.664232192805845,1.2751920428739463
mers_7.pdb,rec_14_mol7.pdb,3.940604899648918,1.405693162507221
mers_70.pdb,rec_14_mol70.pdb,5.824446496394369,1.2037939833236397
mers_71.pdb,rec_14_mol71.pdb,4.305417578921257,1.2388771114070043
mers_72.pdb,rec_14_mol72.pdb,4.431195428834328,1.274977387002839
mers_73.pdb,rec_14_mol73.pdb,4.16611514176614,1.2713273661191515
mers_74.pdb,rec_14_mol74.pdb,3.9606603381571786,1.2181717825054934
mers_75.pdb,rec_14_mol75.pdb,5.711229217203394,1.245664750991846
mers_76.pdb,rec_14_mol76.pdb,4.983889323712673,1.2462113410652635
mers_77.pdb,rec_14_mol77.pdb,4.273622551363172,1.2320024337137379
mers_79.pdb,rec_14_mol79.pdb,2.5504912948876153,1.3242080582860845
mers_8.pdb,rec_14_mol8.pdb,5.605073452782828,1.2166877123505475
mers_80.pdb,rec_14_mol80.pdb,4.214447460921868,1.2022354783633453
mers_81.pdb,rec_14_mol81.pdb,4.075563402768835,1.2574372704817418
mers_82.pdb,rec_14_mol82.pdb,5.206564109788397,1.228401424271801
mers_83.pdb,rec_14_mol83.pdb,4.025910206414977,1.2789298388254784
mers_84.pdb,rec_14_mol84.pdb,5.721103211438963,1.289480211132579
mers_85.pdb,rec_14_mol85.pdb,4.033943031286334,1.23226874594551
mers_86.pdb,rec_14_mol86.pdb,4.789477791746214,1.204230568849631
mers_87.pdb,rec_14_mol87.pdb,4.535938629856054,1.2536274071066085
mers_88.pdb,rec_14_mol88.pdb,4.3819245133189435,1.1627386526157362
mers_89.pdb,rec_14_mol89.pdb,2.320176628180365,1.3012215027670857
mers_9.pdb,rec_14_mol9.pdb,4.646341767645804,1.2349599611048443
mers_90.pdb,rec_14_mol90.pdb,5.145774881637594,1.5927483965426377
mers_91.pdb,rec_14_mol91.pdb,4.625854503080331,1.2578591728830395
mers_92.pdb,rec_14_mol92.pdb,2.459131580636638,1.4287535461885252
mers_93.pdb,rec_14_mol93.pdb,2.277895821891799,1.3394022698146058
mers_94.pdb,rec_14_mol94.pdb,6.225183526581344,1.4107639593633694
mers_95.pdb,rec_14_mol95.pdb,6.259093623493743,1.2335209443122432
mers_96.pdb,rec_14_mol96.pdb,5.345084924179413,1.1806767393306143
mers_0.pdb,rec_15_mol0.pdb,5.607702540778886,1.16760491032236
mers_1.pdb,rec_15_mol1.pdb,4.42708184425736,1.1209458590241903
mers_10.pdb,rec_15_mol10.pdb,4.074228465466105,1.1602568579246255
mers_11.pdb,rec_15_mol11.pdb,3.9610156112987713,1.4952567243648767
mers_12.pdb,rec_15_mol12.pdb,3.5204372691696326,1.2019021389088984
mers_13.pdb,rec_15_mol13.pdb,4.093464455587391,1.1572019370558868
mers_14.pdb,rec_15_mol14.pdb,4.444648970715113,1.2934877441985362
mers_15.pdb,rec_15_mol15.pdb,3.966554382139833,1.212027176496211
mers_16.pdb,rec_15_mol16.pdb,3.9207564508029025,1.2007176400730577
mers_17.pdb,rec_15_mol17.pdb,4.232488081180277,1.1407408174570548
mers_18.pdb,rec_15_mol18.pdb,5.688759018108389,1.1735520282249428
mers_19.pdb,rec_15_mol19.pdb,9.787980579195528,1.2511567559108805
mers_2.pdb,rec_15_mol2.pdb,3.559500504298543,1.2252489714021972
mers_20.pdb,rec_15_mol20.pdb,5.7881995522437295,1.1342594164510234
mers_21.pdb,rec_15_mol21.pdb,3.857768240473173,1.1980375341714185
mers_22.pdb,rec_15_mol22.pdb,3.195518240319027,1.204473212264247
mers_23.pdb,rec_15_mol23.pdb,3.967897671370191,1.1849502070761424
mers_24.pdb,rec_15_mol24.pdb,4.442389595005815,1.2350038338413907
mers_25.pdb,rec_15_mol25.pdb,5.03005824658469,1.2470683662508633
mers_26.pdb,rec_15_mol26.pdb,4.1112987763751585,1.1354384770451587
mers_27.pdb,rec_15_mol27.pdb,4.820930557084604,1.2480375279364357
mers_28.pdb,rec_15_mol28.pdb,4.354148702511228,1.1779005404196703
mers_29.pdb,rec_15_mol29.pdb,4.864510297390869,1.263200523329348
mers_3.pdb,rec_15_mol3.pdb,4.966517642087736,1.1372428211855525
mers_30.pdb,rec_15_mol30.pdb,3.3277967548060485,1.138531541330443
mers_31.pdb,rec_15_mol31.pdb,4.969082611632554,1.1309676765467378
mers_32.pdb,rec_15_mol32.pdb,4.3199429288329885,1.1793728113791613
mers_33.pdb,rec_15_mol33.pdb,4.4157234928537195,1.3018008128111354
mers_34.pdb,rec_15_mol34.pdb,4.060646720092204,1.209139452790929
mers_35.pdb,rec_15_mol35.pdb,4.620545694200847,1.2188329267005709
mers_36.pdb,rec_15_mol36.pdb,3.910322486807229,1.1811175829191898
mers_37.pdb,rec_15_mol37.pdb,3.6823086036421384,1.2101590362574222
mers_38.pdb,rec_15_mol38.pdb,6.336085235606404,1.3246183948441579
mers_39.pdb,rec_15_mol39.pdb,4.857609732836737,1.1951481545813578
mers_4.pdb,rec_15_mol4.pdb,4.343774478370983,1.3522661993216332
mers_40.pdb,rec_15_mol40.pdb,4.144295102654827,1.1706963431850415
mers_41.pdb,rec_15_mol41.pdb,4.819224635921638,1.168005476831046
mers_42.pdb,rec_15_mol42.pdb,4.722906600358492,1.1919380990770305
mers_43.pdb,rec_15_mol43.pdb,2.829632060833898,1.1575537167857655
mers_44.pdb,rec_15_mol44.pdb,4.135085164372458,1.2150217344392715
mers_45.pdb,rec_15_mol45.pdb,3.981468562172434,1.1457607854923089
mers_46.pdb,rec_15_mol46.pdb,5.714078435605432,1.1622089590381095
mers_47.pdb,rec_15_mol47.pdb,3.535609975959452,1.258521024131056
mers_48.pdb,rec_15_mol48.pdb,3.126495226598377,1.2008428911012003
mers_49.pdb,rec_15_mol49.pdb,3.697845125484957,1.1913625110225254
mers_5.pdb,rec_15_mol5.pdb,3.6382685573636104,1.2067597184402459
mers_50.pdb,rec_15_mol50.pdb,3.586386606896158,1.1954977978674353
mers_51.pdb,rec_15_mol51.pdb,6.974020685871806,1.4107138841289297
mers_52.pdb,rec_15_mol52.pdb,4.886871107096106,1.1528859716250093
mers_53.pdb,rec_15_mol53.pdb,5.313757194512251,1.1818508065840327
mers_54.pdb,rec_15_mol54.pdb,4.925451049478624,1.091756450318659
mers_55.pdb,rec_15_mol55.pdb,4.131051429160962,1.1054832160025643
mers_56.pdb,rec_15_mol56.pdb,2.3352198581066905,1.1709008370238798
mers_57.pdb,rec_15_mol57.pdb,4.707801486641264,1.1409851058504137
mers_58.pdb,rec_15_mol58.pdb,3.8875868854339157,1.2456516548329761
mers_59.pdb,rec_15_mol59.pdb,4.533698668973563,1.2809904483081103
mers_6.pdb,rec_15_mol6.pdb,5.676985838379338,1.1425705657592962
mers_60.pdb,rec_15_mol60.pdb,3.5499635875794042,1.1417440269855372
mers_61.pdb,rec_15_mol61.pdb,4.846946208195207,1.183762419710974
mers_62.pdb,rec_15_mol62.pdb,4.7170824541601855,1.2346032346383553
mers_63.pdb,rec_15_mol63.pdb,4.098442143844765,1.164254173251887
mers_64.pdb,rec_15_mol64.pdb,4.495952600403079,1.2465816308647157
mers_66.pdb,rec_15_mol66.pdb,2.1068765121998028,1.1583005005499458
mers_67.pdb,rec_15_mol67.pdb,3.8760540543659485,1.1592322237150998
mers_68.pdb,rec_15_mol68.pdb,4.283528937488492,1.1496694824003377
mers_69.pdb,rec_15_mol69.pdb,4.533254465652367,1.239710561991355
mers_7.pdb,rec_15_mol7.pdb,4.020458222695097,1.3460971776844093
mers_70.pdb,rec_15_mol70.pdb,4.220595217217322,1.1762175195522109
mers_71.pdb,rec_15_mol71.pdb,4.139389470422415,1.1382451077997275
mers_72.pdb,rec_15_mol72.pdb,4.439961524592688,1.1839367755240784
mers_73.pdb,rec_15_mol73.pdb,4.172437148621759,1.1211562077838668
mers_74.pdb,rec_15_mol74.pdb,3.9639176824955435,1.1972853032599875
mers_75.pdb,rec_15_mol75.pdb,4.500491468753524,1.1762190272246105
mers_76.pdb,rec_15_mol76.pdb,4.113299803199697,1.1670093819476854
mers_77.pdb,rec_15_mol77.pdb,4.416896458764665,1.1607410524367352
mers_79.pdb,rec_15_mol79.pdb,2.552301208124729,1.3008721147104234
mers_8.pdb,rec_15_mol8.pdb,4.708427954048234,1.1178687506422635
mers_80.pdb,rec_15_mol80.pdb,4.066321310241089,1.1725966385649982
mers_81.pdb,rec_15_mol81.pdb,2.922102630608583,1.2058842749484349
mers_82.pdb,rec_15_mol82.pdb,4.031470448813821,1.1638634432912258
mers_83.pdb,rec_15_mol83.pdb,4.026830067596275,1.2466415703342402
mers_84.pdb,rec_15_mol84.pdb,3.1668677802659744,1.2303206972417235
mers_85.pdb,rec_15_mol85.pdb,4.021946867436841,1.2125620576865497
mers_86.pdb,rec_15_mol86.pdb,4.770377453739575,1.1453387199101277
mers_87.pdb,rec_15_mol87.pdb,4.142726925412114,1.2075640241731356
mers_88.pdb,rec_15_mol88.pdb,4.328713355554359,1.1360304164043737
mers_89.pdb,rec_15_mol89.pdb,3.571590236242599,1.2990431272552565
mers_9.pdb,rec_15_mol9.pdb,4.000716274919884,1.1783993614166268
mers_90.pdb,rec_15_mol90.pdb,4.179251857842654,1.4767295261335436
mers_91.pdb,rec_15_mol91.pdb,3.8234305435530125,1.2348973591957648
mers_92.pdb,rec_15_mol92.pdb,3.771872596358871,1.4478676616936756
mers_93.pdb,rec_15_mol93.pdb,2.1663016487422797,1.3808627937182112
mers_94.pdb,rec_15_mol94.pdb,5.73650160815,1.437278672154537
mers_95.pdb,rec_15_mol95.pdb,6.409385192290169,1.1095255175522156
mers_96.pdb,rec_15_mol96.pdb,3.3070854367533196,1.2069261113136314
mers_0.pdb,rec_16_mol0.pdb,5.73927860498081,1.2761812742714491
mers_1.pdb,rec_16_mol1.pdb,3.925916723483981,1.2047562243649477
mers_10.pdb,rec_16_mol10.pdb,4.143656961704824,1.2041102194997584
mers_11.pdb,rec_16_mol11.pdb,3.9609417428143048,1.4992932790337532
mers_12.pdb,rec_16_mol12.pdb,3.52005234238584,1.257648847688862
mers_13.pdb,rec_16_mol13.pdb,4.022198033438965,1.1991160509084313
mers_14.pdb,rec_16_mol14.pdb,4.402655426424662,1.375479821547447
mers_15.pdb,rec_16_mol15.pdb,4.001989905841237,1.2935242049049696
mers_16.pdb,rec_16_mol16.pdb,3.524362695422295,1.2388021629118866
mers_17.pdb,rec_16_mol17.pdb,4.234051251892434,1.2621674353781318
mers_18.pdb,rec_16_mol18.pdb,4.73718591635266,1.2486629751040446
mers_19.pdb,rec_16_mol19.pdb,5.667979563926428,1.3040522937020238
mers_2.pdb,rec_16_mol2.pdb,5.614695734012207,1.318938958932608
mers_20.pdb,rec_16_mol20.pdb,5.740494801968725,1.185327681120449
mers_21.pdb,rec_16_mol21.pdb,3.8571891712465534,1.289293746073462
mers_22.pdb,rec_16_mol22.pdb,3.201196615587006,1.2423797254335902
mers_23.pdb,rec_16_mol23.pdb,3.959874046969381,1.2338964285828526
mers_24.pdb,rec_16_mol24.pdb,4.451683018801119,1.282140588724867
mers_25.pdb,rec_16_mol25.pdb,5.026754986762952,1.2890532690730443
mers_26.pdb,rec_16_mol26.pdb,4.385791623845766,1.1780833902432903
mers_27.pdb,rec_16_mol27.pdb,4.819886861548922,1.2968058901278114
mers_28.pdb,rec_16_mol28.pdb,4.3546065110097585,1.209252193180507
mers_29.pdb,rec_16_mol29.pdb,4.9237226078787035,1.3349349843429117
mers_3.pdb,rec_16_mol3.pdb,4.970228700353103,1.2504413497240476
mers_30.pdb,rec_16_mol30.pdb,3.211659450740699,1.2229258499857534
mers_31.pdb,rec_16_mol31.pdb,4.910630326661208,1.2542728476935796
mers_32.pdb,rec_16_mol32.pdb,4.3262368209991555,1.2361948498601676
mers_33.pdb,rec_16_mol33.pdb,4.415615156211887,1.3698706291972438
mers_34.pdb,rec_16_mol34.pdb,4.060305467169328,1.2750012142456715
mers_35.pdb,rec_16_mol35.pdb,3.998074985058316,1.3066858647374748
mers_36.pdb,rec_16_mol36.pdb,4.306206090986447,1.2536301731102597
mers_37.pdb,rec_16_mol37.pdb,4.057513917987495,1.2720719717416726
mers_38.pdb,rec_16_mol38.pdb,6.327051187213794,1.385901176738241
mers_39.pdb,rec_16_mol39.pdb,4.8568185204739835,1.2517639326684562
mers_4.pdb,rec_16_mol4.pdb,3.2587571230686025,1.4067542529443466
mers_40.pdb,rec_16_mol40.pdb,4.1300205362499405,1.2163933615946942
mers_41.pdb,rec_16_mol41.pdb,4.6914531344428685,1.276592301725529
mers_42.pdb,rec_16_mol42.pdb,4.8515820540801595,1.3175957552960962
mers_43.pdb,rec_16_mol43.pdb,2.830619938567727,1.2873976474973847
mers_44.pdb,rec_16_mol44.pdb,4.141095350093393,1.2684233866784087
mers_45.pdb,rec_16_mol45.pdb,4.242121065681746,1.2316018001353397
mers_46.pdb,rec_16_mol46.pdb,4.773062581459966,1.2171056935089468
mers_47.pdb,rec_16_mol47.pdb,3.536432752566094,1.3481312150713038
mers_48.pdb,rec_16_mol48.pdb,3.1885906468938847,1.2768244923101737
mers_49.pdb,rec_16_mol49.pdb,3.689185190210819,1.2822191450817886
mers_5.pdb,rec_16_mol5.pdb,5.159278634822105,1.2544769912854354
mers_50.pdb,rec_16_mol50.pdb,3.7813432835775553,1.2906524135773136
mers_51.pdb,rec_16_mol51.pdb,5.123145319061151,1.5079823555856082
mers_52.pdb,rec_16_mol52.pdb,4.866456914122416,1.2785685779278193
mers_53.pdb,rec_16_mol53.pdb,5.7490845623399665,1.3140184168271585
mers_54.pdb,rec_16_mol54.pdb,4.914360045839943,1.1786546008305132
mers_55.pdb,rec_16_mol55.pdb,5.4567244596771545,1.2455447478057486
mers_56.pdb,rec_16_mol56.pdb,2.7052422479526386,1.232442138059334
mers_57.pdb,rec_16_mol57.pdb,4.723450159286297,1.2802978232695843
mers_58.pdb,rec_16_mol58.pdb,4.13741113320686,1.2843770741525933
mers_59.pdb,rec_16_mol59.pdb,4.525499962781845,1.2801660950440863
mers_6.pdb,rec_16_mol6.pdb,5.578704126348941,1.2499991609559797
mers_60.pdb,rec_16_mol60.pdb,3.9224229657060574,1.26094427527078
mers_61.pdb,rec_16_mol61.pdb,5.001557380737314,1.2885702943860198
mers_62.pdb,rec_16_mol62.pdb,4.6621420556902935,1.3358804228038648
mers_63.pdb,rec_16_mol63.pdb,5.426238037598574,1.2924157727151777
mers_64.pdb,rec_16_mol64.pdb,4.471045125492903,1.3695867955335672
mers_65.pdb,rec_16_mol65.pdb,5.613851448599428,1.2157608879416149
mers_66.pdb,rec_16_mol66.pdb,4.421453350247781,1.2051477624890699
mers_67.pdb,rec_16_mol67.pdb,4.089310940946671,1.21434020920967
mers_68.pdb,rec_16_mol68.pdb,4.281440720407973,1.2588421487445873
mers_69.pdb,rec_16_mol69.pdb,4.682603522415597,1.3079168090267717
mers_7.pdb,rec_16_mol7.pdb,3.1177509175116738,1.4176868100461237
mers_70.pdb,rec_16_mol70.pdb,4.49052012565175,1.2689776187359794
mers_71.pdb,rec_16_mol71.pdb,4.142257836713018,1.2456683066471994
mers_72.pdb,rec_16_mol72.pdb,4.553079785519917,1.1954297149552218
mers_73.pdb,rec_16_mol73.pdb,5.618875482427284,1.2647157494861505
mers_74.pdb,rec_16_mol74.pdb,4.255668698540916,1.2793160563043908
mers_75.pdb,rec_16_mol75.pdb,4.538630864919709,1.2702431637154286
mers_76.pdb,rec_16_mol76.pdb,4.090755179584665,1.263556441428471
mers_77.pdb,rec_16_mol77.pdb,4.421268521494187,1.2473464128461211
mers_79.pdb,rec_16_mol79.pdb,3.5707198616643736,1.3252727349555338
mers_8.pdb,rec_16_mol8.pdb,4.707847735172097,1.2091122886133638
mers_80.pdb,rec_16_mol80.pdb,4.06896584088778,1.2335560508308954
mers_81.pdb,rec_16_mol81.pdb,2.920525182486267,1.299433914188487
mers_82.pdb,rec_16_mol82.pdb,4.048380837799214,1.2643360668790347
mers_83.pdb,rec_16_mol83.pdb,4.04455907464085,1.3174422050705532
mers_84.pdb,rec_16_mol84.pdb,5.677443641606164,1.2965945473337934
mers_85.pdb,rec_16_mol85.pdb,4.028934713477625,1.2647340859907554
mers_86.pdb,rec_16_mol86.pdb,6.391641311996235,1.2394394147111196
mers_87.pdb,rec_16_mol87.pdb,4.13769011193285,1.3061606090555269
mers_88.pdb,rec_16_mol88.pdb,4.209656210263825,1.211261700973303
mers_89.pdb,rec_16_mol89.pdb,2.3201993887174686,1.3222153687335922
mers_9.pdb,rec_16_mol9.pdb,4.59093772326969,1.2673601955837137
mers_90.pdb,rec_16_mol90.pdb,4.103458217171369,1.5459144463478804
mers_91.pdb,rec_16_mol91.pdb,3.821860440472624,1.2962022406860814
mers_92.pdb,rec_16_mol92.pdb,2.4262182717299368,1.456133737477614
mers_93.pdb,rec_16_mol93.pdb,2.167646648577347,1.4025392443036224
mers_94.pdb,rec_16_mol94.pdb,6.345608441404662,1.490454799598869
mers_95.pdb,rec_16_mol95.pdb,4.419940229019472,1.217913872167078
mers_96.pdb,rec_16_mol96.pdb,3.308852266810417,1.234932988809966
mers_0.pdb,rec_18_mol0.pdb,6.046353671958562,1.2253345061359657
mers_1.pdb,rec_18_mol1.pdb,4.4788188343502915,1.1751032306736777
mers_10.pdb,rec_18_mol10.pdb,6.038237929387279,1.2478727137741765
mers_11.pdb,rec_18_mol11.pdb,4.0541978440274455,1.472653983251447
mers_12.pdb,rec_18_mol12.pdb,3.850208932412326,1.1960902668416786
mers_13.pdb,rec_18_mol13.pdb,4.495831940838182,1.16381232378106
mers_14.pdb,rec_18_mol14.pdb,4.445229642919724,1.3745633666324004
mers_15.pdb,rec_18_mol15.pdb,3.9816615248611495,1.3319200353456222
mers_16.pdb,rec_18_mol16.pdb,3.5763862255866377,1.2580866067271357
mers_17.pdb,rec_18_mol17.pdb,5.927700242295355,1.2446997180861052
mers_18.pdb,rec_18_mol18.pdb,5.684945764689154,1.147288081471566
mers_19.pdb,rec_18_mol19.pdb,9.39019745131795,1.2930893220686717
mers_2.pdb,rec_18_mol2.pdb,6.015292285659183,1.3336014107863137
mers_20.pdb,rec_18_mol20.pdb,5.38384428768894,1.1875031276746382
mers_21.pdb,rec_18_mol21.pdb,6.2725289513276685,1.2778203519774867
mers_22.pdb,rec_18_mol22.pdb,3.674976341061362,1.292405819561097
mers_23.pdb,rec_18_mol23.pdb,4.03241074258427,1.2481500123067755
mers_24.pdb,rec_18_mol24.pdb,6.095352647558786,1.2861636043472875
mers_25.pdb,rec_18_mol25.pdb,6.183975475096428,1.3202045867619103
mers_26.pdb,rec_18_mol26.pdb,4.534661512290903,1.0906673270965657
mers_27.pdb,rec_18_mol27.pdb,4.963997198005362,1.2786587940823972
mers_28.pdb,rec_18_mol28.pdb,4.330008686786331,1.13777086531388
mers_29.pdb,rec_18_mol29.pdb,6.419567002067431,1.3155268508150373
mers_3.pdb,rec_18_mol3.pdb,5.010399590565325,1.2516537896193707
mers_30.pdb,rec_18_mol30.pdb,3.942364161453985,1.166690860129226
mers_31.pdb,rec_18_mol31.pdb,5.331247953123095,1.2012755225984353
mers_32.pdb,rec_18_mol32.pdb,7.09357738579898,1.2666893291170627
mers_33.pdb,rec_18_mol33.pdb,3.3080936522954136,1.28659637239835
mers_34.pdb,rec_18_mol34.pdb,4.067331725941334,1.2571103377917336
mers_35.pdb,rec_18_mol35.pdb,4.654038668989633,1.2349496510096347
mers_37.pdb,rec_18_mol37.pdb,4.995200818658332,1.2533576460904994
mers_38.pdb,rec_18_mol38.pdb,6.290270056535266,1.3664326733079295
mers_39.pdb,rec_18_mol39.pdb,5.947537184688638,1.2037723607517594
mers_4.pdb,rec_18_mol4.pdb,3.3915483637651342,1.4034823834227113
mers_40.pdb,rec_18_mol40.pdb,5.647722325853892,1.2261040753697867
mers_41.pdb,rec_18_mol41.pdb,5.520982321549174,1.2443240462749245
mers_42.pdb,rec_18_mol42.pdb,5.324228227840769,1.267392551447984
mers_43.pdb,rec_18_mol43.pdb,6.107426597328884,1.2493242634501704
mers_44.pdb,rec_18_mol44.pdb,5.628824662848703,1.2718652525189575
mers_45.pdb,rec_18_mol45.pdb,5.711474882160027,1.1809812278473106
mers_46.pdb,rec_18_mol46.pdb,5.881321306256163,1.2014832086600675
mers_47.pdb,rec_18_mol47.pdb,6.445264572805102,1.2481969785696292
mers_48.pdb,rec_18_mol48.pdb,3.125875174927243,1.2365400968501632
mers_49.pdb,rec_18_mol49.pdb,3.696930080254223,1.2528278463455016
mers_5.pdb,rec_18_mol5.pdb,5.269142434945322,1.2648972021356715
mers_50.pdb,rec_18_mol50.pdb,2.3734467841520015,1.28847480478628
mers_51.pdb,rec_18_mol51.pdb,6.8503594627092035,1.503601079735515
mers_52.pdb,rec_18_mol52.pdb,6.624387849724113,1.2153000774111615
mers_53.pdb,rec_18_mol53.pdb,6.421146639574022,1.2694053145742512
mers_54.pdb,rec_18_mol54.pdb,6.432802799710401,1.1431614389026779
mers_55.pdb,rec_18_mol55.pdb,4.128865163558612,1.210675885375245
mers_56.pdb,rec_18_mol56.pdb,2.3359179494452302,1.2067836077712437
mers_57.pdb,rec_18_mol57.pdb,4.939854826918609,1.163577686718488
mers_58.pdb,rec_18_mol58.pdb,5.158453812516112,1.3135813034916257
mers_59.pdb,rec_18_mol59.pdb,4.5387874320101975,1.3232200736785504
mers_6.pdb,rec_18_mol6.pdb,5.493114086546821,1.1903291843263424
mers_60.pdb,rec_18_mol60.pdb,2.395478833132985,1.2369965300965988
mers_61.pdb,rec_18_mol61.pdb,4.8524510127967835,1.2869363479604932
mers_62.pdb,rec_18_mol62.pdb,7.188444137043356,1.320837953611353
mers_63.pdb,rec_18_mol63.pdb,4.094877538454245,1.2683483969109524
mers_64.pdb,rec_18_mol64.pdb,4.564421094235047,1.3555259748979334
mers_65.pdb,rec_18_mol65.pdb,5.719482017615174,1.2337262116348733
mers_66.pdb,rec_18_mol66.pdb,4.421623279784987,1.2175548196971195
mers_67.pdb,rec_18_mol67.pdb,4.574882966342294,1.1316636149242587
mers_68.pdb,rec_18_mol68.pdb,6.3321360638497675,1.2215783859526474
mers_69.pdb,rec_18_mol69.pdb,5.376616788376037,1.2643509116937723
mers_7.pdb,rec_18_mol7.pdb,2.466894330744539,1.4085675097520378
mers_70.pdb,rec_18_mol70.pdb,6.340452721626709,1.240906358093072
mers_71.pdb,rec_18_mol71.pdb,3.992146117187459,1.2703346343230169
mers_72.pdb,rec_18_mol72.pdb,5.930233280427592,1.2471132480902207
mers_73.pdb,rec_18_mol73.pdb,4.16207866763374,1.2244814202103025
mers_74.pdb,rec_18_mol74.pdb,5.9667370306872245,1.2783987036975402
mers_75.pdb,rec_18_mol75.pdb,5.8535625454098925,1.2636917143826676
mers_76.pdb,rec_18_mol76.pdb,5.870986375218251,1.2516311660709554
mers_77.pdb,rec_18_mol77.pdb,5.590822189521596,1.1989035984265064
mers_79.pdb,rec_18_mol79.pdb,2.405221289045555,1.3538053118587896
mers_80.pdb,rec_18_mol80.pdb,5.922244781290713,1.2860795734496566
mers_81.pdb,rec_18_mol81.pdb,6.1985140210097995,1.2707336892293941
mers_82.pdb,rec_18_mol82.pdb,4.036691006422274,1.2420808570487825
mers_83.pdb,rec_18_mol83.pdb,4.027005868370164,1.3253634846509341
mers_84.pdb,rec_18_mol84.pdb,5.99304909353202,1.3129522804962075
mers_85.pdb,rec_18_mol85.pdb,5.902359735290676,1.281631126002531
mers_86.pdb,rec_18_mol86.pdb,6.491013727916839,1.226599705648019
mers_87.pdb,rec_18_mol87.pdb,4.744575022814742,1.3032928761258133
mers_88.pdb,rec_18_mol88.pdb,4.302579829795321,1.1640402101412974
mers_89.pdb,rec_18_mol89.pdb,2.3201509148225368,1.3353465647406784
mers_9.pdb,rec_18_mol9.pdb,6.447331923010584,1.258180629660371
mers_90.pdb,rec_18_mol90.pdb,6.305519196476712,1.555632503912567
mers_91.pdb,rec_18_mol91.pdb,5.765033724968082,1.3254864615894228
mers_92.pdb,rec_18_mol92.pdb,2.4590045751128726,1.4232099547872887
mers_93.pdb,rec_18_mol93.pdb,5.061308934504471,1.4028137054694063
mers_94.pdb,rec_18_mol94.pdb,5.817357107233581,1.4035714998774758
mers_95.pdb,rec_18_mol95.pdb,6.411001699950924,1.1862463056957553
mers_0.pdb,rec_19_mol0.pdb,5.608270722727147,1.2679727389402895
mers_1.pdb,rec_19_mol1.pdb,4.75817908981253,1.2232362906888785
mers_10.pdb,rec_19_mol10.pdb,4.082061545623882,1.243295989628606
mers_11.pdb,rec_19_mol11.pdb,3.960691346311617,1.503533593650689
mers_12.pdb,rec_19_mol12.pdb,3.104155852748155,1.2401304417252237
mers_13.pdb,rec_19_mol13.pdb,4.462853661534348,1.2284534498604587
mers_14.pdb,rec_19_mol14.pdb,4.462636272156414,1.4099050764435792
mers_15.pdb,rec_19_mol15.pdb,4.000870557547991,1.3794028428645975
mers_16.pdb,rec_19_mol16.pdb,3.5841288409154726,1.292715923699273
mers_17.pdb,rec_19_mol17.pdb,4.157902967629788,1.2889688583832524
mers_18.pdb,rec_19_mol18.pdb,4.779535155380554,1.1807518234652217
mers_19.pdb,rec_19_mol19.pdb,9.790225519833053,1.3262150288590764
mers_2.pdb,rec_19_mol2.pdb,3.5634986646914446,1.377299464465375
mers_20.pdb,rec_19_mol20.pdb,5.542232032534872,1.2079634960920087
mers_21.pdb,rec_19_mol21.pdb,3.82845096700639,1.2924118296182956
mers_22.pdb,rec_19_mol22.pdb,3.5046577129588,1.2819640826693484
mers_23.pdb,rec_19_mol23.pdb,4.057423361040238,1.2764978278800845
mers_24.pdb,rec_19_mol24.pdb,4.916038695557794,1.3096757967984471
mers_25.pdb,rec_19_mol25.pdb,5.043168852324905,1.3358852286709384
mers_26.pdb,rec_19_mol26.pdb,4.384250522506302,1.1459496933643585
mers_27.pdb,rec_19_mol27.pdb,4.82140580204977,1.3496012838542684
mers_28.pdb,rec_19_mol28.pdb,4.581594949853425,1.2017353454026332
mers_29.pdb,rec_19_mol29.pdb,4.890662767546945,1.3877076314506676
mers_3.pdb,rec_19_mol3.pdb,4.935179891702061,1.3049943783968394
mers_30.pdb,rec_19_mol30.pdb,3.940746085068435,1.2212558683526835
mers_31.pdb,rec_19_mol31.pdb,4.900206008088024,1.2503239085958995
mers_32.pdb,rec_19_mol32.pdb,4.516259372355003,1.2848094227677327
mers_33.pdb,rec_19_mol33.pdb,4.416014834559795,1.3875148957304475
mers_34.pdb,rec_19_mol34.pdb,4.0596695493334485,1.2789217243132445
mers_35.pdb,rec_19_mol35.pdb,4.608144394721425,1.2592401864421794
mers_36.pdb,rec_19_mol36.pdb,4.967052765829287,1.2401378143201582
mers_37.pdb,rec_19_mol37.pdb,4.955280934396146,1.2949659635665742
mers_38.pdb,rec_19_mol38.pdb,6.241181022828813,1.3985386400145072
mers_39.pdb,rec_19_mol39.pdb,4.856385871546135,1.2325436871137565
mers_4.pdb,rec_19_mol4.pdb,3.3910595678258724,1.3616341255748485
mers_40.pdb,rec_19_mol40.pdb,4.156871908639687,1.2065572688410295
mers_41.pdb,rec_19_mol41.pdb,4.68416202542845,1.3254756973361894
mers_42.pdb,rec_19_mol42.pdb,4.730043795225334,1.3624126014040574
mers_43.pdb,rec_19_mol43.pdb,2.8115614979725776,1.2887588167802055
mers_44.pdb,rec_19_mol44.pdb,4.146387481773897,1.2628307235641103
mers_45.pdb,rec_19_mol45.pdb,4.2488872547078005,1.2283619944726376
mers_46.pdb,rec_19_mol46.pdb,4.714749452079479,1.2053391865386558
mers_47.pdb,rec_19_mol47.pdb,3.5347900611818197,1.334630582218583
mers_48.pdb,rec_19_mol48.pdb,3.1268598021324534,1.3155648036853111
mers_49.pdb,rec_19_mol49.pdb,3.74119345190831,1.2886716602636177
mers_5.pdb,rec_19_mol5.pdb,5.287288219207404,1.22159051470015
mers_50.pdb,rec_19_mol50.pdb,2.373108951487749,1.2805592865720001
mers_51.pdb,rec_19_mol51.pdb,5.213144880791645,1.541544132847539
mers_52.pdb,rec_19_mol52.pdb,4.699131945721555,1.2824480230487565
mers_53.pdb,rec_19_mol53.pdb,5.790403529376704,1.3067355065404571
mers_54.pdb,rec_19_mol54.pdb,4.9356804920854485,1.1602288515894785
mers_55.pdb,rec_19_mol55.pdb,4.13215765136773,1.2617153012800668
mers_56.pdb,rec_19_mol56.pdb,2.7052346923148014,1.2093178334552988
mers_57.pdb,rec_19_mol57.pdb,4.5874878088093585,1.1501066668226614
mers_58.pdb,rec_19_mol58.pdb,3.8953985792999446,1.2892821417183054
mers_59.pdb,rec_19_mol59.pdb,4.9630204277641,1.3494625266935694
mers_6.pdb,rec_19_mol6.pdb,5.132822443395018,1.2439228574268288
mers_60.pdb,rec_19_mol60.pdb,2.3952230328438424,1.2816439138816238
mers_61.pdb,rec_19_mol61.pdb,4.846060629683912,1.3252293848625096
mers_62.pdb,rec_19_mol62.pdb,4.7213982519469315,1.3793932209086757
mers_63.pdb,rec_19_mol63.pdb,4.099744449748505,1.332100017503532
mers_64.pdb,rec_19_mol64.pdb,4.468540347578346,1.3502720798646206
mers_65.pdb,rec_19_mol65.pdb,5.660843493227552,1.2510043427631996
mers_66.pdb,rec_19_mol66.pdb,4.120547874972785,1.268205070985367
mers_67.pdb,rec_19_mol67.pdb,3.869418727660829,1.15051669385337
mers_68.pdb,rec_19_mol68.pdb,4.660223743104518,1.2389392898750038
mers_69.pdb,rec_19_mol69.pdb,4.530485684620269,1.3018546561832156
mers_7.pdb,rec_19_mol7.pdb,3.118522298476076,1.4779995067860243
mers_70.pdb,rec_19_mol70.pdb,4.237155669891149,1.2378903871624891
mers_71.pdb,rec_19_mol71.pdb,4.018617558076539,1.2716686331730749
mers_72.pdb,rec_19_mol72.pdb,4.585727972010453,1.1997776165768024
mers_73.pdb,rec_19_mol73.pdb,4.582007303679232,1.3087272448872058
mers_74.pdb,rec_19_mol74.pdb,3.9639188286414346,1.269769161808468
mers_75.pdb,rec_19_mol75.pdb,4.516649433147624,1.304713373150334
mers_76.pdb,rec_19_mol76.pdb,4.103693458458425,1.3172952954874508
mers_77.pdb,rec_19_mol77.pdb,4.3191312702405025,1.2561160783771848
mers_79.pdb,rec_19_mol79.pdb,3.4712211709912926,1.3759514230736392
mers_8.pdb,rec_19_mol8.pdb,4.706163181666123,1.204193776207638
mers_80.pdb,rec_19_mol80.pdb,3.8815332401333658,1.2544356074091725
mers_81.pdb,rec_19_mol81.pdb,4.61401993262318,1.3263886328428538
mers_82.pdb,rec_19_mol82.pdb,4.032559951158969,1.2901974992745424
mers_83.pdb,rec_19_mol83.pdb,4.069275034169301,1.3548568330965087
mers_84.pdb,rec_19_mol84.pdb,3.4363163841742344,1.275120988384583
mers_85.pdb,rec_19_mol85.pdb,4.022163864304804,1.2712997335189464
mers_86.pdb,rec_19_mol86.pdb,4.856499358724632,1.2376624659985642
mers_87.pdb,rec_19_mol87.pdb,4.149568941776255,1.3502939795579747
mers_88.pdb,rec_19_mol88.pdb,4.230243512235499,1.213093356122921
mers_89.pdb,rec_19_mol89.pdb,2.3202993499678866,1.4073700044476645
mers_9.pdb,rec_19_mol9.pdb,4.470526088848889,1.2812656786543073
mers_90.pdb,rec_19_mol90.pdb,4.1580045685086,1.6116668823183882
mers_91.pdb,rec_19_mol91.pdb,4.623710371038595,1.345607192710369
mers_92.pdb,rec_19_mol92.pdb,3.3570966446122465,1.4674927342566224
mers_93.pdb,rec_19_mol93.pdb,2.1652542061179307,1.4026180870881808
mers_94.pdb,rec_19_mol94.pdb,5.817521324388376,1.4462425667295473
mers_95.pdb,rec_19_mol95.pdb,4.304721825280462,1.222109223778788
mers_0.pdb,rec_1_mol0.pdb,5.66851256139823,1.2211125969862113
mers_1.pdb,rec_1_mol1.pdb,4.659228578804744,1.16957806398473
mers_10.pdb,rec_1_mol10.pdb,4.090411608086779,1.171826499171681
mers_13.pdb,rec_1_mol13.pdb,4.387414091859416,1.2066526461242153
mers_14.pdb,rec_1_mol14.pdb,4.560178603847415,1.3347084859126719
mers_15.pdb,rec_1_mol15.pdb,6.0872039993091835,1.2846644829644405
mers_17.pdb,rec_1_mol17.pdb,5.134950874934967,1.1917287647934536
mers_19.pdb,rec_1_mol19.pdb,5.777388676713663,1.224565412292481
mers_2.pdb,rec_1_mol2.pdb,3.974660219045948,1.2788265548931386
mers_21.pdb,rec_1_mol21.pdb,4.958665144735089,1.2437062989435441
mers_22.pdb,rec_1_mol22.pdb,3.215526946673405,1.2430649252729067
mers_23.pdb,rec_1_mol23.pdb,4.314076045843559,1.2169346526452287
mers_24.pdb,rec_1_mol24.pdb,4.513580061836582,1.2827944839821899
mers_25.pdb,rec_1_mol25.pdb,4.944160116366321,1.3006902698532137
mers_28.pdb,rec_1_mol28.pdb,4.684528709186854,1.23586373094114
mers_29.pdb,rec_1_mol29.pdb,5.255935030507141,1.2713500102228994
mers_3.pdb,rec_1_mol3.pdb,5.176305517591861,1.2242099982270116
mers_30.pdb,rec_1_mol30.pdb,3.4722540759086407,1.182921380327758
mers_31.pdb,rec_1_mol31.pdb,4.7248549519291805,1.1915974453125122
mers_32.pdb,rec_1_mol32.pdb,5.2782316000003835,1.212607818299147
mers_34.pdb,rec_1_mol34.pdb,5.080152049727607,1.2329115751236515
mers_36.pdb,rec_1_mol36.pdb,6.422636652412406,1.2177259856942897
mers_38.pdb,rec_1_mol38.pdb,5.05531003075686,1.3167972523357525
mers_39.pdb,rec_1_mol39.pdb,5.020508996294533,1.1777265018131942
mers_40.pdb,rec_1_mol40.pdb,3.946738498514684,1.1829517055175782
mers_41.pdb,rec_1_mol41.pdb,5.865536916137588,1.2241263815198558
mers_42.pdb,rec_1_mol42.pdb,4.885443557942738,1.2446413182130718
mers_43.pdb,rec_1_mol43.pdb,3.565104327013942,1.2086126079938209
mers_45.pdb,rec_1_mol45.pdb,3.9321604227986797,1.1822947912669248
mers_47.pdb,rec_1_mol47.pdb,4.6851542874832415,1.2494059045241572
mers_48.pdb,rec_1_mol48.pdb,3.4484641067614357,1.2344603024474774
mers_5.pdb,rec_1_mol5.pdb,4.015312516084384,1.230435398405599
mers_50.pdb,rec_1_mol50.pdb,4.741877296500987,1.2428997553538326
mers_51.pdb,rec_1_mol51.pdb,5.250678696682245,1.4359736058580153
mers_52.pdb,rec_1_mol52.pdb,5.383026137150188,1.2015608706030863
mers_53.pdb,rec_1_mol53.pdb,5.449904795766436,1.2285195075620148
mers_54.pdb,rec_1_mol54.pdb,5.308696294344919,1.124241815249807
mers_55.pdb,rec_1_mol55.pdb,4.160315513408515,1.1494479885503976
mers_56.pdb,rec_1_mol56.pdb,4.691925646080356,1.1703108789206533
mers_58.pdb,rec_1_mol58.pdb,4.877524952461286,1.2633352398254072
mers_59.pdb,rec_1_mol59.pdb,5.015303338184231,1.3225210834207415
mers_6.pdb,rec_1_mol6.pdb,5.486468186225058,1.2158877980065332
mers_60.pdb,rec_1_mol60.pdb,4.847464462002113,1.2163596921529547
mers_61.pdb,rec_1_mol61.pdb,4.98565675091559,1.2506529290387998
mers_62.pdb,rec_1_mol62.pdb,6.143223513034376,1.2625208557506338
mers_63.pdb,rec_1_mol63.pdb,4.12285511637608,1.2480728309932847
mers_64.pdb,rec_1_mol64.pdb,5.774015855080452,1.2830691626167265
mers_65.pdb,rec_1_mol65.pdb,5.7295154860935265,1.191718830144288
mers_66.pdb,rec_1_mol66.pdb,2.5225974790433114,1.200928254201677
mers_67.pdb,rec_1_mol67.pdb,5.757868936480193,1.2019488715045252
mers_68.pdb,rec_1_mol68.pdb,4.2978941673454925,1.2290164846861182
mers_69.pdb,rec_1_mol69.pdb,5.3105176556221885,1.2670339055469302
mers_70.pdb,rec_1_mol70.pdb,4.3333934152583895,1.209860697235722
mers_71.pdb,rec_1_mol71.pdb,5.071767661747321,1.1927840465644461
mers_72.pdb,rec_1_mol72.pdb,4.686264484224085,1.2129841996668134
mers_73.pdb,rec_1_mol73.pdb,4.5833597396611125,1.2175494896801613
mers_74.pdb,rec_1_mol74.pdb,4.851800209848097,1.248894220197719
mers_76.pdb,rec_1_mol76.pdb,4.690626647299672,1.184617273997983
mers_79.pdb,rec_1_mol79.pdb,2.822126151702854,1.2925307341180223
mers_8.pdb,rec_1_mol8.pdb,4.862650084346236,1.152151231402185
mers_80.pdb,rec_1_mol80.pdb,4.817383669516334,1.237860459306786
mers_81.pdb,rec_1_mol81.pdb,2.970314105179542,1.267866871602195
mers_82.pdb,rec_1_mol82.pdb,5.234993799702446,1.22129795581233
mers_83.pdb,rec_1_mol83.pdb,4.919306996699025,1.2760119780073413
mers_84.pdb,rec_1_mol84.pdb,3.442966347240797,1.2649941552904882
mers_86.pdb,rec_1_mol86.pdb,5.463279913033577,1.179202836064544
mers_87.pdb,rec_1_mol87.pdb,4.421152917568352,1.2793409959547088
mers_88.pdb,rec_1_mol88.pdb,5.420883502565059,1.1983442005550604
mers_89.pdb,rec_1_mol89.pdb,3.959586379021078,1.300684592552946
mers_9.pdb,rec_1_mol9.pdb,6.519803781761161,1.2389578341013905
mers_90.pdb,rec_1_mol90.pdb,5.096926580567219,1.4874238441604106
mers_91.pdb,rec_1_mol91.pdb,6.1054354688006285,1.260857318398505
mers_93.pdb,rec_1_mol93.pdb,3.373395780847385,1.367541125475174
mers_95.pdb,rec_1_mol95.pdb,6.247775519056569,1.1488015299106886
mers_0.pdb,rec_20_mol0.pdb,5.594215091971984,1.1925329965945173
mers_1.pdb,rec_20_mol1.pdb,4.475977304516595,1.1350969772502766
mers_10.pdb,rec_20_mol10.pdb,4.07611257578833,1.1584441307106688
mers_11.pdb,rec_20_mol11.pdb,3.9541921650556673,1.4534484724935255
mers_12.pdb,rec_20_mol12.pdb,3.6301798112515016,1.1847964828764168
mers_13.pdb,rec_20_mol13.pdb,4.093362505011322,1.1490253556011345
mers_14.pdb,rec_20_mol14.pdb,4.494531456731525,1.282104629164855
mers_15.pdb,rec_20_mol15.pdb,4.026987977276507,1.2243560811546077
mers_16.pdb,rec_20_mol16.pdb,3.5859575984545122,1.219532355146907
mers_17.pdb,rec_20_mol17.pdb,4.308751233994285,1.172206715458457
mers_18.pdb,rec_20_mol18.pdb,5.213482508127074,1.1806220101395701
mers_19.pdb,rec_20_mol19.pdb,7.114811999235075,1.1793559090766206
mers_2.pdb,rec_20_mol2.pdb,3.578450713260886,1.207967589574018
mers_20.pdb,rec_20_mol20.pdb,5.784613517936522,1.1281420642808777
mers_22.pdb,rec_20_mol22.pdb,4.425080427590474,1.1642782370332432
mers_23.pdb,rec_20_mol23.pdb,4.2518773921560475,1.1449225588531158
mers_24.pdb,rec_20_mol24.pdb,4.447930557614087,1.1822264228760926
mers_25.pdb,rec_20_mol25.pdb,4.986374387414818,1.244326808186427
mers_26.pdb,rec_20_mol26.pdb,4.400793713456469,1.06181943434686
mers_27.pdb,rec_20_mol27.pdb,4.807880722235316,1.2126313311016093
mers_28.pdb,rec_20_mol28.pdb,4.592888010292241,1.1479369095785867
mers_29.pdb,rec_20_mol29.pdb,5.095937705710833,1.2523963608289377
mers_3.pdb,rec_20_mol3.pdb,5.249905604100195,1.1307930917922002
mers_30.pdb,rec_20_mol30.pdb,3.324938984272759,1.1316201235254864
mers_31.pdb,rec_20_mol31.pdb,4.911019673581299,1.1617472844612464
mers_32.pdb,rec_20_mol32.pdb,4.321094013841335,1.1461375278764594
mers_33.pdb,rec_20_mol33.pdb,4.415966322978795,1.3094000224300757
mers_35.pdb,rec_20_mol35.pdb,4.67950032295694,1.1782769521474403
mers_36.pdb,rec_20_mol36.pdb,4.182564678365393,1.1561480204655796
mers_37.pdb,rec_20_mol37.pdb,4.990458490090822,1.1888271778674746
mers_38.pdb,rec_20_mol38.pdb,4.9683254064292734,1.3074722816069737
mers_39.pdb,rec_20_mol39.pdb,4.824913398067802,1.1874428165633193
mers_4.pdb,rec_20_mol4.pdb,4.357296613818236,1.2973641193713303
mers_40.pdb,rec_20_mol40.pdb,4.064934394443165,1.1256242374776673
mers_41.pdb,rec_20_mol41.pdb,4.7157890821246005,1.172712135024019
mers_42.pdb,rec_20_mol42.pdb,4.8126576685369855,1.2327220570032003
mers_43.pdb,rec_20_mol43.pdb,2.831706034538192,1.168804576243601
mers_44.pdb,rec_20_mol44.pdb,4.042152110768302,1.2119348348896881
mers_45.pdb,rec_20_mol45.pdb,4.15455478655518,1.146557716400486
mers_46.pdb,rec_20_mol46.pdb,4.628083781166781,1.1538808331868673
mers_47.pdb,rec_20_mol47.pdb,3.55803281822528,1.2942946506124267
mers_48.pdb,rec_20_mol48.pdb,3.700208999724353,1.182159361509524
mers_49.pdb,rec_20_mol49.pdb,3.8324219442456857,1.1963142295278193
mers_50.pdb,rec_20_mol50.pdb,3.588251033027078,1.162281140787842
mers_51.pdb,rec_20_mol51.pdb,5.212490641662009,1.39778647408248
mers_52.pdb,rec_20_mol52.pdb,4.7397298091559,1.1863214743392572
mers_53.pdb,rec_20_mol53.pdb,5.953746178240875,1.1880666502497645
mers_54.pdb,rec_20_mol54.pdb,4.867248347093904,1.0916013281922894
mers_56.pdb,rec_20_mol56.pdb,3.4901210465005152,1.143078349526749
mers_57.pdb,rec_20_mol57.pdb,4.662073116994755,1.1726340450726904
mers_6.pdb,rec_20_mol6.pdb,5.533764512914728,1.158860559351233
mers_60.pdb,rec_20_mol60.pdb,3.554105242283975,1.149705409051892
mers_61.pdb,rec_20_mol61.pdb,4.90216643756488,1.173708687832548
mers_62.pdb,rec_20_mol62.pdb,4.99398540858297,1.2372013103173063
mers_64.pdb,rec_20_mol64.pdb,4.521652470085869,1.2498748656240892
mers_65.pdb,rec_20_mol65.pdb,5.698667845345403,1.1369849989577492
mers_66.pdb,rec_20_mol66.pdb,4.458418252771464,1.1517146806645733
mers_67.pdb,rec_20_mol67.pdb,4.106792905936079,1.1292504432916057
mers_68.pdb,rec_20_mol68.pdb,6.379108677092307,1.1652627817764432
mers_69.pdb,rec_20_mol69.pdb,4.608317484854061,1.2173484975129842
mers_7.pdb,rec_20_mol7.pdb,3.117242544059242,1.3684738563011452
mers_70.pdb,rec_20_mol70.pdb,6.174066390342948,1.1675752571204137
mers_71.pdb,rec_20_mol71.pdb,4.030878245565302,1.1537005162741056
mers_72.pdb,rec_20_mol72.pdb,4.477125548044276,1.1512741374041504
mers_73.pdb,rec_20_mol73.pdb,4.240743213267849,1.1474656555302316
mers_74.pdb,rec_20_mol74.pdb,4.019223709512719,1.1723783434939392
mers_75.pdb,rec_20_mol75.pdb,6.088329648498304,1.1678453338636423
mers_76.pdb,rec_20_mol76.pdb,4.147154917471257,1.185008830735106
mers_77.pdb,rec_20_mol77.pdb,6.188575486902757,1.1764419429651607
mers_79.pdb,rec_20_mol79.pdb,3.470968734242548,1.266838903338622
mers_8.pdb,rec_20_mol8.pdb,5.269792890910538,1.1119278821455734
mers_80.pdb,rec_20_mol80.pdb,3.8947427723138017,1.1537267845613137
mers_82.pdb,rec_20_mol82.pdb,4.066477975669759,1.1800484236876787
mers_83.pdb,rec_20_mol83.pdb,4.023624645569684,1.2405876783175382
mers_84.pdb,rec_20_mol84.pdb,3.428310997440874,1.2055814849284274
mers_85.pdb,rec_20_mol85.pdb,4.069838266707038,1.164538062072989
mers_86.pdb,rec_20_mol86.pdb,4.834727166650098,1.1473377343342848
mers_87.pdb,rec_20_mol87.pdb,4.154482042258805,1.2123603511112582
mers_88.pdb,rec_20_mol88.pdb,4.804395008496938,1.1168876807614725
mers_89.pdb,rec_20_mol89.pdb,3.2813778117099353,1.2738164182653302
mers_9.pdb,rec_20_mol9.pdb,4.475545947792319,1.145948850045901
mers_90.pdb,rec_20_mol90.pdb,4.219745536688425,1.4601374225033217
mers_92.pdb,rec_20_mol92.pdb,3.4781332257514537,1.4156770173825832
mers_93.pdb,rec_20_mol93.pdb,2.2889078216972534,1.3389693109990277
mers_94.pdb,rec_20_mol94.pdb,5.7652595219086225,1.4242640309073222
mers_95.pdb,rec_20_mol95.pdb,4.446704026185376,1.1455775241966748
mers_96.pdb,rec_20_mol96.pdb,4.868657790684558,1.1919710810284807
mers_0.pdb,rec_2_mol0.pdb,5.752943243237357,1.245749022625246
mers_1.pdb,rec_2_mol1.pdb,4.7996256451149915,1.1350215983187868
mers_10.pdb,rec_2_mol10.pdb,4.1441933589549835,1.200680613044783
mers_11.pdb,rec_2_mol11.pdb,3.9606145933646597,1.427523636079899
mers_12.pdb,rec_2_mol12.pdb,4.181908268831884,1.1841989169171772
mers_13.pdb,rec_2_mol13.pdb,4.099085127475223,1.123823930151113
mers_14.pdb,rec_2_mol14.pdb,4.387604972408189,1.294342739710143
mers_15.pdb,rec_2_mol15.pdb,3.9900022335360203,1.2166973989628724
mers_16.pdb,rec_2_mol16.pdb,3.5233372584355336,1.2184410615774366
mers_17.pdb,rec_2_mol17.pdb,4.116528963737956,1.1567841218196717
mers_18.pdb,rec_2_mol18.pdb,5.6883932399275485,1.1877711466065108
mers_19.pdb,rec_2_mol19.pdb,9.786839535084509,1.2379789241381827
mers_2.pdb,rec_2_mol2.pdb,5.973931175609316,1.2457635751156042
mers_20.pdb,rec_2_mol20.pdb,5.781288217830034,1.152875492987226
mers_21.pdb,rec_2_mol21.pdb,3.8557803051850152,1.190797462002528
mers_22.pdb,rec_2_mol22.pdb,3.2133386539999016,1.2131035059800888
mers_23.pdb,rec_2_mol23.pdb,3.949750432249414,1.1623795809303668
mers_24.pdb,rec_2_mol24.pdb,4.435627777209527,1.2195084619565306
mers_25.pdb,rec_2_mol25.pdb,5.001266659071169,1.283552173523628
mers_26.pdb,rec_2_mol26.pdb,4.3661689339476055,1.144472836234993
mers_27.pdb,rec_2_mol27.pdb,4.870336953333661,1.21252928889046
mers_28.pdb,rec_2_mol28.pdb,4.346191962793693,1.1527999025452493
mers_29.pdb,rec_2_mol29.pdb,4.866578502178431,1.2480637906566585
mers_3.pdb,rec_2_mol3.pdb,5.111192688349324,1.2234511335001044
mers_30.pdb,rec_2_mol30.pdb,3.3212390160291956,1.1406369895082094
mers_31.pdb,rec_2_mol31.pdb,5.068403111728529,1.253041284933989
mers_32.pdb,rec_2_mol32.pdb,4.4987544871261065,1.190197439721995
mers_33.pdb,rec_2_mol33.pdb,3.275252879015931,1.284752667548471
mers_34.pdb,rec_2_mol34.pdb,4.055634889523862,1.1908834830169035
mers_35.pdb,rec_2_mol35.pdb,4.6919811363648956,1.193209957250998
mers_36.pdb,rec_2_mol36.pdb,3.869822100973974,1.1684091010937996
mers_37.pdb,rec_2_mol37.pdb,4.995821930493873,1.1877069436522483
mers_38.pdb,rec_2_mol38.pdb,6.338189257837193,1.2755128940158362
mers_39.pdb,rec_2_mol39.pdb,5.917109405871754,1.2268349676991945
mers_4.pdb,rec_2_mol4.pdb,3.286110463055837,1.3344889333500876
mers_40.pdb,rec_2_mol40.pdb,5.603887001470975,1.2216040397108299
mers_41.pdb,rec_2_mol41.pdb,4.678479230780715,1.184967025500548
mers_42.pdb,rec_2_mol42.pdb,4.803108614504022,1.20908838033198
mers_43.pdb,rec_2_mol43.pdb,2.7989336215593847,1.147283657076358
mers_44.pdb,rec_2_mol44.pdb,4.2055489675685305,1.2361691625138214
mers_45.pdb,rec_2_mol45.pdb,5.673641646445149,1.170082776921812
mers_46.pdb,rec_2_mol46.pdb,4.717313388855813,1.2113977220066356
mers_47.pdb,rec_2_mol47.pdb,6.385373444308105,1.2618086610617754
mers_48.pdb,rec_2_mol48.pdb,3.188626247838394,1.1983105637172102
mers_49.pdb,rec_2_mol49.pdb,3.6883113684721764,1.1787642395311313
mers_5.pdb,rec_2_mol5.pdb,5.250981625524177,1.1861412780460032
mers_50.pdb,rec_2_mol50.pdb,2.3797729470515887,1.2024080798856305
mers_51.pdb,rec_2_mol51.pdb,5.539424283067612,1.4861464631703347
mers_52.pdb,rec_2_mol52.pdb,4.660918303974632,1.2363194385937153
mers_53.pdb,rec_2_mol53.pdb,5.7531862201320765,1.1957214804933953
mers_54.pdb,rec_2_mol54.pdb,4.888394009815355,1.1783337051207516
mers_55.pdb,rec_2_mol55.pdb,4.13078775978934,1.1621597457539217
mers_56.pdb,rec_2_mol56.pdb,2.3350471974202196,1.1926408908944535
mers_57.pdb,rec_2_mol57.pdb,4.589375728045993,1.1645153214247304
mers_58.pdb,rec_2_mol58.pdb,6.512498249751514,1.2331064741067153
mers_59.pdb,rec_2_mol59.pdb,5.955232722567187,1.2803081270765522
mers_6.pdb,rec_2_mol6.pdb,5.570684658050693,1.1698153291134599
mers_60.pdb,rec_2_mol60.pdb,2.3594028865915395,1.1707798201933364
mers_61.pdb,rec_2_mol61.pdb,5.0215454384407145,1.2217316770607827
mers_62.pdb,rec_2_mol62.pdb,5.026597434627933,1.2287074731604828
mers_63.pdb,rec_2_mol63.pdb,4.098709710941056,1.1904763450149982
mers_64.pdb,rec_2_mol64.pdb,4.449588804321524,1.2803238547452411
mers_65.pdb,rec_2_mol65.pdb,5.70512718495358,1.1447435813965674
mers_66.pdb,rec_2_mol66.pdb,5.176753436428809,1.1278267710418275
mers_67.pdb,rec_2_mol67.pdb,6.060363712342574,1.152521847461834
mers_68.pdb,rec_2_mol68.pdb,4.2881699453926085,1.2005306313135946
mers_69.pdb,rec_2_mol69.pdb,4.715426609966129,1.2003799232028352
mers_7.pdb,rec_2_mol7.pdb,3.9405091797205896,1.3186394617264052
mers_70.pdb,rec_2_mol70.pdb,4.693520107316082,1.184701127318748
mers_71.pdb,rec_2_mol71.pdb,4.068325258222062,1.138663142191507
mers_72.pdb,rec_2_mol72.pdb,5.8918460026528745,1.2445049709133966
mers_73.pdb,rec_2_mol73.pdb,4.111440388642727,1.239307271042867
mers_74.pdb,rec_2_mol74.pdb,3.9521527957504,1.2006448729291104
mers_75.pdb,rec_2_mol75.pdb,7.478878352477002,1.1922835579765283
mers_76.pdb,rec_2_mol76.pdb,4.090903200100642,1.2064400053160977
mers_77.pdb,rec_2_mol77.pdb,6.231822663336882,1.1811552172473219
mers_79.pdb,rec_2_mol79.pdb,2.5952206003981138,1.2510364642750889
mers_8.pdb,rec_2_mol8.pdb,5.215174723435634,1.1432504797616156
mers_80.pdb,rec_2_mol80.pdb,3.8597999055373013,1.1926316243439308
mers_81.pdb,rec_2_mol81.pdb,2.918680105213889,1.200364745263434
mers_82.pdb,rec_2_mol82.pdb,4.018421847843966,1.1544692263203538
mers_83.pdb,rec_2_mol83.pdb,4.007684325273375,1.242017193429452
mers_84.pdb,rec_2_mol84.pdb,5.947677658760022,1.2641086814215516
mers_85.pdb,rec_2_mol85.pdb,3.988073965114416,1.2017987281530558
mers_86.pdb,rec_2_mol86.pdb,5.442736334484254,1.1941179325947353
mers_87.pdb,rec_2_mol87.pdb,6.120173824332688,1.20596336707835
mers_88.pdb,rec_2_mol88.pdb,3.9161476071160086,1.1459547432229436
mers_89.pdb,rec_2_mol89.pdb,2.3201954408108354,1.2421520827953692
mers_9.pdb,rec_2_mol9.pdb,3.9996144463348413,1.1896882505611315
mers_90.pdb,rec_2_mol90.pdb,4.0532304890919155,1.5166772542653053
mers_91.pdb,rec_2_mol91.pdb,5.213609224188963,1.2220325594369061
mers_92.pdb,rec_2_mol92.pdb,3.5251455585687657,1.370277827715738
mers_93.pdb,rec_2_mol93.pdb,2.1638347537882168,1.3133016277048069
mers_94.pdb,rec_2_mol94.pdb,5.278565331089707,1.360693241137746
mers_95.pdb,rec_2_mol95.pdb,6.376991031674156,1.153163661561145
mers_96.pdb,rec_2_mol96.pdb,4.735032135193794,1.1790121624289531
mers_0.pdb,rec_4_mol0.pdb,5.624337711518868,1.1491034230192962
mers_1.pdb,rec_4_mol1.pdb,4.546531549986977,1.184173211214567
mers_10.pdb,rec_4_mol10.pdb,4.150091358019899,1.205536533679288
mers_11.pdb,rec_4_mol11.pdb,3.9590062543344566,1.4510411880581062
mers_12.pdb,rec_4_mol12.pdb,3.9504397092401446,1.182595713967449
mers_13.pdb,rec_4_mol13.pdb,4.13068366405881,1.1764764801409182
mers_14.pdb,rec_4_mol14.pdb,4.405876718323219,1.3510006564578831
mers_15.pdb,rec_4_mol15.pdb,4.100222749317936,1.2772112923614407
mers_16.pdb,rec_4_mol16.pdb,3.5248568893534835,1.254307902124909
mers_17.pdb,rec_4_mol17.pdb,4.214536118041401,1.213827010096843
mers_18.pdb,rec_4_mol18.pdb,5.688971453166685,1.147497754170987
mers_19.pdb,rec_4_mol19.pdb,9.387588606522492,1.1921258502893657
mers_2.pdb,rec_4_mol2.pdb,5.678948976747595,1.263279120661315
mers_20.pdb,rec_4_mol20.pdb,4.7844388068294466,1.1510893450123874
mers_21.pdb,rec_4_mol21.pdb,3.8588573088992555,1.2227359095453862
mers_22.pdb,rec_4_mol22.pdb,3.2049136900491852,1.2068990882979733
mers_23.pdb,rec_4_mol23.pdb,3.9796121709884402,1.2396505623653629
mers_24.pdb,rec_4_mol24.pdb,6.075851206941342,1.23628734875309
mers_25.pdb,rec_4_mol25.pdb,4.933034688853692,1.302384956772209
mers_26.pdb,rec_4_mol26.pdb,4.534509429303405,1.181364825229533
mers_27.pdb,rec_4_mol27.pdb,4.817402820909771,1.2406048795310045
mers_28.pdb,rec_4_mol28.pdb,4.35987899212762,1.17122305729399
mers_29.pdb,rec_4_mol29.pdb,4.843909996530421,1.2543000469697507
mers_3.pdb,rec_4_mol3.pdb,4.899871441978069,1.1999163323231106
mers_30.pdb,rec_4_mol30.pdb,3.328314941535212,1.1667568149599472
mers_31.pdb,rec_4_mol31.pdb,5.001203123526773,1.1786807547196845
mers_32.pdb,rec_4_mol32.pdb,4.513074419702677,1.2574383768324924
mers_33.pdb,rec_4_mol33.pdb,4.415882330110932,1.2885302178623181
mers_34.pdb,rec_4_mol34.pdb,4.060795869466538,1.2201132301873474
mers_35.pdb,rec_4_mol35.pdb,4.679883012542712,1.2530918700673512
mers_36.pdb,rec_4_mol36.pdb,3.9153148262608086,1.2219518866685046
mers_37.pdb,rec_4_mol37.pdb,4.996342377896521,1.2074789526099745
mers_38.pdb,rec_4_mol38.pdb,6.275807507195677,1.317441097567657
mers_39.pdb,rec_4_mol39.pdb,4.859910412790695,1.1574976049648211
mers_4.pdb,rec_4_mol4.pdb,3.286136926862231,1.3148370847345165
mers_40.pdb,rec_4_mol40.pdb,4.147440255674912,1.110902708297211
mers_41.pdb,rec_4_mol41.pdb,4.6996588393075465,1.2022349279745093
mers_42.pdb,rec_4_mol42.pdb,4.66596806072995,1.2400166021435868
mers_43.pdb,rec_4_mol43.pdb,3.0572019224378946,1.2217224773154396
mers_44.pdb,rec_4_mol44.pdb,5.62240187673398,1.1911551919805032
mers_45.pdb,rec_4_mol45.pdb,5.709084412811038,1.1172053993749786
mers_46.pdb,rec_4_mol46.pdb,4.779656749063065,1.1122063901709784
mers_47.pdb,rec_4_mol47.pdb,6.419749662492527,1.2419650411435568
mers_48.pdb,rec_4_mol48.pdb,3.188787207402185,1.198784731735755
mers_49.pdb,rec_4_mol49.pdb,3.144472451232104,1.192270126746327
mers_5.pdb,rec_4_mol5.pdb,5.269199113708414,1.227575299177968
mers_50.pdb,rec_4_mol50.pdb,3.587086735696053,1.1970067570070597
mers_51.pdb,rec_4_mol51.pdb,5.177634036831206,1.4380691406906791
mers_52.pdb,rec_4_mol52.pdb,4.760900310635888,1.1633260024677408
mers_53.pdb,rec_4_mol53.pdb,5.431843138517947,1.2406671771116788
mers_54.pdb,rec_4_mol54.pdb,4.8987584469965055,1.0683054036933757
mers_55.pdb,rec_4_mol55.pdb,4.132845259377723,1.1864901725395773
mers_56.pdb,rec_4_mol56.pdb,2.688522596928863,1.1492958470456096
mers_57.pdb,rec_4_mol57.pdb,4.719908835929275,1.1324715073331748
mers_58.pdb,rec_4_mol58.pdb,3.8968221642393566,1.2574791550823057
mers_59.pdb,rec_4_mol59.pdb,4.524468615506885,1.2658203579058431
mers_6.pdb,rec_4_mol6.pdb,5.396164215208787,1.1969290188472121
mers_60.pdb,rec_4_mol60.pdb,3.5509925858828373,1.1737318392196445
mers_61.pdb,rec_4_mol61.pdb,4.841551169129561,1.2023408999878396
mers_62.pdb,rec_4_mol62.pdb,4.600184502719466,1.2853060001471885
mers_63.pdb,rec_4_mol63.pdb,4.100323198847533,1.2244627892072684
mers_64.pdb,rec_4_mol64.pdb,4.473911794405642,1.2914890576516884
mers_65.pdb,rec_4_mol65.pdb,5.616232465761352,1.206485076880175
mers_66.pdb,rec_4_mol66.pdb,5.1773224304692675,1.203630302109278
mers_67.pdb,rec_4_mol67.pdb,4.0621626161363285,1.1764066058815494
mers_68.pdb,rec_4_mol68.pdb,4.28512392979636,1.1780815176078956
mers_69.pdb,rec_4_mol69.pdb,4.531818318416997,1.2580472007143644
mers_7.pdb,rec_4_mol7.pdb,2.3960396742158068,1.3896142426477531
mers_70.pdb,rec_4_mol70.pdb,4.238793893219892,1.2022935097128795
mers_71.pdb,rec_4_mol71.pdb,3.99452603748677,1.2208875292159171
mers_72.pdb,rec_4_mol72.pdb,4.5509555575367955,1.1681908483755783
mers_73.pdb,rec_4_mol73.pdb,4.12769087046292,1.2008442856418784
mers_74.pdb,rec_4_mol74.pdb,3.9680250025593877,1.2410464782152626
mers_75.pdb,rec_4_mol75.pdb,6.090554222933302,1.2039762161354517
mers_76.pdb,rec_4_mol76.pdb,4.106142394909512,1.2188021623771457
mers_77.pdb,rec_4_mol77.pdb,4.226660196676841,1.2005902866520244
mers_79.pdb,rec_4_mol79.pdb,4.248008762633305,1.29424434943494
mers_8.pdb,rec_4_mol8.pdb,5.279483107293485,1.1438945886851244
mers_80.pdb,rec_4_mol80.pdb,6.259914511136276,1.2248148057860766
mers_81.pdb,rec_4_mol81.pdb,2.9237217428927975,1.2420366958002844
mers_82.pdb,rec_4_mol82.pdb,4.045577706686634,1.2175100160005694
mers_83.pdb,rec_4_mol83.pdb,4.030178064236024,1.3067294598791726
mers_84.pdb,rec_4_mol84.pdb,3.4370939602474664,1.2367666130868793
mers_85.pdb,rec_4_mol85.pdb,4.003472387173504,1.2480594674015617
mers_86.pdb,rec_4_mol86.pdb,6.445867466577863,1.1821629669410423
mers_87.pdb,rec_4_mol87.pdb,6.154341675709466,1.2418850525038339
mers_88.pdb,rec_4_mol88.pdb,4.102812803164737,1.1763741286145695
mers_89.pdb,rec_4_mol89.pdb,2.3203821477211424,1.291367974668058
mers_9.pdb,rec_4_mol9.pdb,4.010000061969991,1.2279082923613096
mers_90.pdb,rec_4_mol90.pdb,4.154836545803542,1.5210893667569383
mers_91.pdb,rec_4_mol91.pdb,3.8353473607011677,1.2620253139454072
mers_92.pdb,rec_4_mol92.pdb,3.5254837507138963,1.435879997879387
mers_93.pdb,rec_4_mol93.pdb,2.16752730895878,1.3542192469761318
mers_94.pdb,rec_4_mol94.pdb,5.81465974669631,1.4202834524130505
mers_95.pdb,rec_4_mol95.pdb,6.2371370905914585,1.1330842610775305
mers_96.pdb,rec_4_mol96.pdb,5.345156368362352,1.18545881808386
mers_0.pdb,rec_5_mol0.pdb,5.903793621589606,1.245221746156188
mers_1.pdb,rec_5_mol1.pdb,3.9018738444174677,1.1801249608826754
mers_10.pdb,rec_5_mol10.pdb,4.143149345961224,1.1648285262215048
mers_11.pdb,rec_5_mol11.pdb,3.96083980124691,1.395912918609735
mers_12.pdb,rec_5_mol12.pdb,3.7194645825662325,1.1932378526938465
mers_13.pdb,rec_5_mol13.pdb,5.954009526915944,1.1827388521344349
mers_14.pdb,rec_5_mol14.pdb,4.457629910518765,1.3144891245250625
mers_15.pdb,rec_5_mol15.pdb,3.9934898485674686,1.258217610314693
mers_16.pdb,rec_5_mol16.pdb,3.5245570775401074,1.227199590484193
mers_17.pdb,rec_5_mol17.pdb,4.203962665103709,1.1981218441296446
mers_18.pdb,rec_5_mol18.pdb,5.687517318449313,1.1647890857344616
mers_19.pdb,rec_5_mol19.pdb,9.788839956590241,1.2456205396080602
mers_2.pdb,rec_5_mol2.pdb,5.0898610864092095,1.3184506290701306
mers_20.pdb,rec_5_mol20.pdb,5.057457511542837,1.161182335684324
mers_21.pdb,rec_5_mol21.pdb,3.855925737983024,1.204079447208136
mers_22.pdb,rec_5_mol22.pdb,5.1220226367582775,1.1946175703742326
mers_23.pdb,rec_5_mol23.pdb,4.064349721401819,1.1802881495666298
mers_24.pdb,rec_5_mol24.pdb,6.04758479285285,1.1981247962246548
mers_25.pdb,rec_5_mol25.pdb,5.024047652388674,1.2980568561247927
mers_26.pdb,rec_5_mol26.pdb,4.374711550807605,1.1999248351795413
mers_27.pdb,rec_5_mol27.pdb,4.870244302566141,1.253320210257985
mers_28.pdb,rec_5_mol28.pdb,4.3485775504845545,1.2019661824340133
mers_29.pdb,rec_5_mol29.pdb,6.666258539550217,1.2572520793719726
mers_3.pdb,rec_5_mol3.pdb,5.166305213006273,1.2224248461256322
mers_30.pdb,rec_5_mol30.pdb,5.910850944547351,1.2180042675363043
mers_31.pdb,rec_5_mol31.pdb,4.948009456125247,1.2535906628361133
mers_32.pdb,rec_5_mol32.pdb,4.304231415228241,1.2119476829963667
mers_33.pdb,rec_5_mol33.pdb,4.41590185862404,1.2851907259100122
mers_34.pdb,rec_5_mol34.pdb,4.060509700698708,1.1551042964139109
mers_35.pdb,rec_5_mol35.pdb,4.679427681320919,1.2117210979989608
mers_36.pdb,rec_5_mol36.pdb,3.8722790694846267,1.1362665023978795
mers_37.pdb,rec_5_mol37.pdb,4.990230739592311,1.234847148133389
mers_38.pdb,rec_5_mol38.pdb,6.351027500297398,1.3142649632500754
mers_39.pdb,rec_5_mol39.pdb,5.954213122067272,1.2121833019853359
mers_4.pdb,rec_5_mol4.pdb,3.2862583252310085,1.3063291250000542
mers_40.pdb,rec_5_mol40.pdb,5.630137332187235,1.137980263920826
mers_41.pdb,rec_5_mol41.pdb,4.692180461740835,1.2165465898002674
mers_42.pdb,rec_5_mol42.pdb,5.819949750161532,1.2960214439298094
mers_43.pdb,rec_5_mol43.pdb,2.8306855697901385,1.2215801356033875
mers_44.pdb,rec_5_mol44.pdb,5.62481998783146,1.190015811648715
mers_45.pdb,rec_5_mol45.pdb,5.706958661470042,1.136278271789845
mers_46.pdb,rec_5_mol46.pdb,5.749741065773481,1.1698859397638823
mers_47.pdb,rec_5_mol47.pdb,6.440987946841027,1.3721938153692521
mers_48.pdb,rec_5_mol48.pdb,3.1883341456173544,1.240198123450397
mers_49.pdb,rec_5_mol49.pdb,3.7953245153677786,1.1700243532024661
mers_5.pdb,rec_5_mol5.pdb,5.1052036012057735,1.1318791960000978
mers_50.pdb,rec_5_mol50.pdb,3.451891502789319,1.2025396083228077
mers_51.pdb,rec_5_mol51.pdb,5.334949323223415,1.5315341255790818
mers_52.pdb,rec_5_mol52.pdb,4.884103834023487,1.2455617106022103
mers_53.pdb,rec_5_mol53.pdb,5.767398300518301,1.2361650567983071
mers_54.pdb,rec_5_mol54.pdb,6.480083007219863,1.0731995626939423
mers_55.pdb,rec_5_mol55.pdb,5.561622430306546,1.1859653008622746
mers_56.pdb,rec_5_mol56.pdb,2.335046579314376,1.1494011568129563
mers_57.pdb,rec_5_mol57.pdb,4.725803518657091,1.1176993417176635
mers_58.pdb,rec_5_mol58.pdb,3.892441651321568,1.1740180211318516
mers_59.pdb,rec_5_mol59.pdb,4.51076465729006,1.2553530537427413
mers_6.pdb,rec_5_mol6.pdb,5.400809638254146,1.1847569279627377
mers_60.pdb,rec_5_mol60.pdb,3.568338343016469,1.2221952169891224
mers_61.pdb,rec_5_mol61.pdb,5.019693087356629,1.227332659506762
mers_62.pdb,rec_5_mol62.pdb,7.1298756345347805,1.3133510575890537
mers_63.pdb,rec_5_mol63.pdb,5.531219977680177,1.2365427553717436
mers_64.pdb,rec_5_mol64.pdb,4.4673814506447815,1.3747886656776611
mers_65.pdb,rec_5_mol65.pdb,5.24032002843547,1.1817639069109773
mers_66.pdb,rec_5_mol66.pdb,5.164418294233552,1.1980855297389754
mers_67.pdb,rec_5_mol67.pdb,5.840475696751294,1.1921022979250908
mers_68.pdb,rec_5_mol68.pdb,4.282067484003485,1.175191328954866
mers_69.pdb,rec_5_mol69.pdb,4.817409467267254,1.2205862862312338
mers_7.pdb,rec_5_mol7.pdb,2.465691202415574,1.4080317535541205
mers_70.pdb,rec_5_mol70.pdb,4.2199527809724,1.144090439882447
mers_71.pdb,rec_5_mol71.pdb,3.9677006623127684,1.15760955481466
mers_72.pdb,rec_5_mol72.pdb,5.924400738524803,1.1759831356206971
mers_73.pdb,rec_5_mol73.pdb,5.636419298991249,1.2620807356524208
mers_74.pdb,rec_5_mol74.pdb,3.967468390933874,1.1678577053767523
mers_75.pdb,rec_5_mol75.pdb,4.526694954005766,1.2148949843912744
mers_76.pdb,rec_5_mol76.pdb,4.089075656802351,1.2547231675269488
mers_77.pdb,rec_5_mol77.pdb,4.275626162946475,1.1946853939339266
mers_79.pdb,rec_5_mol79.pdb,2.5925315755256433,1.2934836752068575
mers_8.pdb,rec_5_mol8.pdb,5.4906134762988135,1.1651612803064284
mers_80.pdb,rec_5_mol80.pdb,6.2542711707589955,1.1623540205011391
mers_81.pdb,rec_5_mol81.pdb,2.920841094325475,1.2446081496143997
mers_82.pdb,rec_5_mol82.pdb,4.031571455802872,1.2107305484737718
mers_83.pdb,rec_5_mol83.pdb,4.019483092611088,1.2637652243502127
mers_84.pdb,rec_5_mol84.pdb,5.990563490352909,1.214419768067521
mers_85.pdb,rec_5_mol85.pdb,4.027652510955802,1.1682363654665984
mers_86.pdb,rec_5_mol86.pdb,6.431270537040962,1.1498775371916174
mers_87.pdb,rec_5_mol87.pdb,4.170787931817871,1.2386896400231828
mers_88.pdb,rec_5_mol88.pdb,4.71735226234021,1.1664380680694135
mers_89.pdb,rec_5_mol89.pdb,2.31998479238297,1.2822239089347747
mers_9.pdb,rec_5_mol9.pdb,4.0002555274916896,1.1932091726757297
mers_90.pdb,rec_5_mol90.pdb,6.314440975915489,1.5776770947723775
mers_91.pdb,rec_5_mol91.pdb,3.8219268452555304,1.218496963621498
mers_92.pdb,rec_5_mol92.pdb,2.3886181567924387,1.3513863921734184
mers_93.pdb,rec_5_mol93.pdb,2.161045233343636,1.2781638982027128
mers_94.pdb,rec_5_mol94.pdb,5.333540359541655,1.3388419413780674
mers_95.pdb,rec_5_mol95.pdb,4.350816682774536,1.1279252938741775
mers_96.pdb,rec_5_mol96.pdb,3.297047454992749,1.1142017760113594
mers_0.pdb,rec_6_mol0.pdb,6.068650747730233,1.232726348752661
mers_1.pdb,rec_6_mol1.pdb,4.799142479555137,1.1001062989592862
mers_10.pdb,rec_6_mol10.pdb,5.347616120963238,1.148464244802475
mers_11.pdb,rec_6_mol11.pdb,3.9688595570245826,1.430336210336468
mers_12.pdb,rec_6_mol12.pdb,3.5926686697696484,1.1661458101969095
mers_13.pdb,rec_6_mol13.pdb,5.957705547823407,1.1174834034503525
mers_14.pdb,rec_6_mol14.pdb,7.227975483828898,1.2921390540702336
mers_15.pdb,rec_6_mol15.pdb,5.52329544508112,1.259216906264429
mers_16.pdb,rec_6_mol16.pdb,3.586354204405182,1.2121690231738738
mers_17.pdb,rec_6_mol17.pdb,6.081524694077706,1.1359122076772539
mers_18.pdb,rec_6_mol18.pdb,5.68880553557561,1.1468266719987934
mers_19.pdb,rec_6_mol19.pdb,9.807756749547371,1.2405752335806894
mers_2.pdb,rec_6_mol2.pdb,6.025506436811581,1.2101339191580502
mers_20.pdb,rec_6_mol20.pdb,4.968041536201647,1.1566609238188106
mers_21.pdb,rec_6_mol21.pdb,6.130434352230358,1.1849049581114748
mers_22.pdb,rec_6_mol22.pdb,5.085531339119406,1.1792894207046127
mers_23.pdb,rec_6_mol23.pdb,4.187679400263263,1.1389924998938652
mers_24.pdb,rec_6_mol24.pdb,6.0616626962285185,1.1966625916818836
mers_25.pdb,rec_6_mol25.pdb,6.172199147871695,1.2485187432537204
mers_26.pdb,rec_6_mol26.pdb,4.375059460567982,1.0790045476217234
mers_27.pdb,rec_6_mol27.pdb,4.870987140096837,1.153537760314247
mers_28.pdb,rec_6_mol28.pdb,5.792116684383553,1.1523911228445214
mers_29.pdb,rec_6_mol29.pdb,6.399432503319023,1.238612959213003
mers_3.pdb,rec_6_mol3.pdb,5.080715262179044,1.16710017392061
mers_30.pdb,rec_6_mol30.pdb,5.9504679333129005,1.1514297727738076
mers_31.pdb,rec_6_mol31.pdb,5.673477777750209,1.1367924803495686
mers_32.pdb,rec_6_mol32.pdb,7.417079650289146,1.1546041423310605
mers_33.pdb,rec_6_mol33.pdb,3.2763407403877256,1.251347047669666
mers_34.pdb,rec_6_mol34.pdb,6.088881981755266,1.182611458478687
mers_35.pdb,rec_6_mol35.pdb,4.693297410489801,1.1577735389168
mers_36.pdb,rec_6_mol36.pdb,4.981708549931792,1.1558545385546448
mers_37.pdb,rec_6_mol37.pdb,4.989443714365767,1.1838072085553415
mers_38.pdb,rec_6_mol38.pdb,6.291725382140374,1.299627482513992
mers_39.pdb,rec_6_mol39.pdb,5.954461703902877,1.210959051142647
mers_4.pdb,rec_6_mol4.pdb,4.336193324796344,1.332496722645396
mers_40.pdb,rec_6_mol40.pdb,5.629587274928967,1.1558302435424959
mers_41.pdb,rec_6_mol41.pdb,5.864935267860942,1.1579526199638885
mers_42.pdb,rec_6_mol42.pdb,6.6653290484611265,1.1909721587449675
mers_43.pdb,rec_6_mol43.pdb,6.1188090781746585,1.1615438056707108
mers_44.pdb,rec_6_mol44.pdb,5.62151732725604,1.1856279897468465
mers_45.pdb,rec_6_mol45.pdb,5.710295107367643,1.1632683784725693
mers_46.pdb,rec_6_mol46.pdb,5.886461071694396,1.1846460823011864
mers_47.pdb,rec_6_mol47.pdb,6.441519656673572,1.211443818379883
mers_48.pdb,rec_6_mol48.pdb,4.156828911583258,1.1656657905309795
mers_49.pdb,rec_6_mol49.pdb,3.6623144641557017,1.1660022276040576
mers_5.pdb,rec_6_mol5.pdb,5.27031217912581,1.1881016592949007
mers_50.pdb,rec_6_mol50.pdb,3.8805064125304027,1.186015705719614
mers_51.pdb,rec_6_mol51.pdb,6.911551963682019,1.3917235498230343
mers_52.pdb,rec_6_mol52.pdb,6.616754022090657,1.153940664610598
mers_53.pdb,rec_6_mol53.pdb,6.555851481454234,1.1597455415804212
mers_54.pdb,rec_6_mol54.pdb,6.410445146528559,1.1154224046194074
mers_55.pdb,rec_6_mol55.pdb,5.481408636787628,1.0822198735184188
mers_56.pdb,rec_6_mol56.pdb,3.986350000390681,1.1416784785523553
mers_57.pdb,rec_6_mol57.pdb,4.7920325950490925,1.1506916904642441
mers_58.pdb,rec_6_mol58.pdb,4.813360893948266,1.2009010910127387
mers_59.pdb,rec_6_mol59.pdb,4.969771358355252,1.2602786492711673
mers_6.pdb,rec_6_mol6.pdb,5.548868797926149,1.1346990933392906
mers_60.pdb,rec_6_mol60.pdb,4.020762285020946,1.1183480831975476
mers_61.pdb,rec_6_mol61.pdb,5.026101511008843,1.187690184139657
mers_62.pdb,rec_6_mol62.pdb,6.539454394430005,1.2287360367527813
mers_63.pdb,rec_6_mol63.pdb,5.4509092799836045,1.1429444178740225
mers_64.pdb,rec_6_mol64.pdb,5.073885882797608,1.2335439981939715
mers_65.pdb,rec_6_mol65.pdb,5.3382864766736695,1.118480212222483
mers_66.pdb,rec_6_mol66.pdb,5.17750227763702,1.1150019533707494
mers_67.pdb,rec_6_mol67.pdb,5.856680883692349,1.1378730262637713
mers_68.pdb,rec_6_mol68.pdb,6.241085942767108,1.1576732400585068
mers_69.pdb,rec_6_mol69.pdb,4.531898877576945,1.2038008096251993
mers_7.pdb,rec_6_mol7.pdb,2.4248250668546705,1.2782669039285475
mers_70.pdb,rec_6_mol70.pdb,6.055041656742407,1.1568120781584261
mers_71.pdb,rec_6_mol71.pdb,6.194692253294247,1.1838085219020087
mers_72.pdb,rec_6_mol72.pdb,5.9277730995750355,1.212206614452508
mers_73.pdb,rec_6_mol73.pdb,5.618506955607024,1.142692424842077
mers_74.pdb,rec_6_mol74.pdb,6.1873727749053336,1.166974792149479
mers_75.pdb,rec_6_mol75.pdb,6.962949454749878,1.1203270459353436
mers_76.pdb,rec_6_mol76.pdb,5.688815079321285,1.0948006108320174
mers_77.pdb,rec_6_mol77.pdb,4.327967555799784,1.1213784637785231
mers_79.pdb,rec_6_mol79.pdb,3.798793236123278,1.2682368249131626
mers_8.pdb,rec_6_mol8.pdb,6.157159977224993,1.1055120009646242
mers_80.pdb,rec_6_mol80.pdb,6.246455815590216,1.1750474333031262
mers_81.pdb,rec_6_mol81.pdb,4.589438514064985,1.182944214829061
mers_82.pdb,rec_6_mol82.pdb,4.931310714651119,1.122739013401803
mers_83.pdb,rec_6_mol83.pdb,5.3869311230464625,1.24273709636544
mers_84.pdb,rec_6_mol84.pdb,5.985156871518742,1.2036123958210805
mers_85.pdb,rec_6_mol85.pdb,5.930514861836868,1.1887139710020889
mers_86.pdb,rec_6_mol86.pdb,6.427862942181941,1.1375610858940919
mers_87.pdb,rec_6_mol87.pdb,6.161328486737431,1.1807128454759754
mers_88.pdb,rec_6_mol88.pdb,4.233116286012373,1.091360624860614
mers_89.pdb,rec_6_mol89.pdb,2.358217163902347,1.2551566167692279
mers_9.pdb,rec_6_mol9.pdb,6.380049145260402,1.1579665769685623
mers_90.pdb,rec_6_mol90.pdb,6.284622872654113,1.4565549035921141
mers_91.pdb,rec_6_mol91.pdb,4.623756402149887,1.2100104024129272
mers_92.pdb,rec_6_mol92.pdb,2.4426851016748565,1.3562171601048298
mers_93.pdb,rec_6_mol93.pdb,5.484179069459946,1.307917309975673
mers_94.pdb,rec_6_mol94.pdb,5.6059647550620735,1.345332494810175
mers_95.pdb,rec_6_mol95.pdb,6.4083331233632626,1.1256303970229986
mers_96.pdb,rec_6_mol96.pdb,4.735625099673614,1.1607632778602666
mers_0.pdb,rec_7_mol0.pdb,6.06733402139846,1.2977767418392963
mers_1.pdb,rec_7_mol1.pdb,4.502599679459428,1.2416621846685394
mers_10.pdb,rec_7_mol10.pdb,4.082278720697274,1.2807328886394873
mers_11.pdb,rec_7_mol11.pdb,4.088460249204249,1.5273935812708719
mers_12.pdb,rec_7_mol12.pdb,3.1085906788399456,1.2873266735205684
mers_13.pdb,rec_7_mol13.pdb,5.889750826063911,1.269262953430942
mers_14.pdb,rec_7_mol14.pdb,4.753024255521935,1.3904273170739216
mers_15.pdb,rec_7_mol15.pdb,4.032964897289314,1.3617847204184381
mers_16.pdb,rec_7_mol16.pdb,4.406240222428279,1.3136332678635725
mers_17.pdb,rec_7_mol17.pdb,5.087443105445197,1.2665910147368804
mers_18.pdb,rec_7_mol18.pdb,4.79104405586968,1.2756491485971475
mers_19.pdb,rec_7_mol19.pdb,9.773829575180343,1.3054856619038677
mers_2.pdb,rec_7_mol2.pdb,4.55273000042917,1.3325527957991414
mers_20.pdb,rec_7_mol20.pdb,5.8425854229087415,1.267144376394703
mers_21.pdb,rec_7_mol21.pdb,4.45344635459183,1.296486187683906
mers_22.pdb,rec_7_mol22.pdb,3.2011348631016405,1.2773714882321976
mers_23.pdb,rec_7_mol23.pdb,4.057552584722124,1.2525635432886337
mers_24.pdb,rec_7_mol24.pdb,4.5100307362791865,1.3325001318514178
mers_25.pdb,rec_7_mol25.pdb,6.162907855879523,1.3293797176011635
mers_26.pdb,rec_7_mol26.pdb,4.372933440438281,1.2259221860293243
mers_27.pdb,rec_7_mol27.pdb,4.660502470427372,1.291668384147536
mers_28.pdb,rec_7_mol28.pdb,5.850319144221692,1.287498219850809
mers_29.pdb,rec_7_mol29.pdb,4.965382472411102,1.3692829447918875
mers_3.pdb,rec_7_mol3.pdb,5.037458233865471,1.2991589293454273
mers_30.pdb,rec_7_mol30.pdb,5.991242549568921,1.2282630744844476
mers_31.pdb,rec_7_mol31.pdb,5.722900032452089,1.2797095663741194
mers_32.pdb,rec_7_mol32.pdb,5.52527479828519,1.2865402833332
mers_33.pdb,rec_7_mol33.pdb,2.604839505640711,1.3821967817621474
mers_34.pdb,rec_7_mol34.pdb,4.99482485718808,1.300060073519786
mers_35.pdb,rec_7_mol35.pdb,4.805488018052121,1.2958995126417456
mers_36.pdb,rec_7_mol36.pdb,4.992764818172503,1.2831307552958542
mers_37.pdb,rec_7_mol37.pdb,5.009821716210372,1.2958781824770946
mers_38.pdb,rec_7_mol38.pdb,6.418384010178924,1.4068515453674686
mers_39.pdb,rec_7_mol39.pdb,4.997237817171103,1.2938386464593896
mers_4.pdb,rec_7_mol4.pdb,3.283132447301517,1.4132570074297217
mers_40.pdb,rec_7_mol40.pdb,5.6438899804893765,1.2970222312100714
mers_41.pdb,rec_7_mol41.pdb,4.7756811877217995,1.2923763092773028
mers_42.pdb,rec_7_mol42.pdb,5.432851373510932,1.2802442672425445
mers_43.pdb,rec_7_mol43.pdb,2.942668076683778,1.2637278993083296
mers_44.pdb,rec_7_mol44.pdb,5.635066997338498,1.3182930102426662
mers_45.pdb,rec_7_mol45.pdb,5.715537264413894,1.245507728189565
mers_46.pdb,rec_7_mol46.pdb,5.713665646791806,1.2968759829971588
mers_47.pdb,rec_7_mol47.pdb,6.472466859578613,1.3443519523382854
mers_48.pdb,rec_7_mol48.pdb,3.165754901876047,1.2832924271290669
mers_49.pdb,rec_7_mol49.pdb,3.665925521643425,1.292709540579045
mers_5.pdb,rec_7_mol5.pdb,4.027347911667074,1.284967805257665
mers_50.pdb,rec_7_mol50.pdb,3.801728071766021,1.2800030035115124
mers_51.pdb,rec_7_mol51.pdb,5.5929024805670196,1.5095243479481317
mers_52.pdb,rec_7_mol52.pdb,6.611192363818782,1.3195035024438906
mers_53.pdb,rec_7_mol53.pdb,5.626319510339537,1.2743312669916065
mers_54.pdb,rec_7_mol54.pdb,6.392318236823641,1.2587180039556034
mers_55.pdb,rec_7_mol55.pdb,5.532931395482771,1.2311662327039459
mers_56.pdb,rec_7_mol56.pdb,2.7341369215005384,1.2680815018820972
mers_57.pdb,rec_7_mol57.pdb,6.148981038264642,1.2209614306687848
mers_58.pdb,rec_7_mol58.pdb,4.840896363436004,1.30843393211578
mers_59.pdb,rec_7_mol59.pdb,4.992534907713662,1.3457886866505573
mers_6.pdb,rec_7_mol6.pdb,5.6932066474454945,1.2769246565584083
mers_60.pdb,rec_7_mol60.pdb,3.951650477585585,1.2481584060249598
mers_61.pdb,rec_7_mol61.pdb,6.143752065955398,1.3222862061925111
mers_62.pdb,rec_7_mol62.pdb,4.995530483202033,1.3265542281671168
mers_63.pdb,rec_7_mol63.pdb,5.500758737408331,1.3010419418517076
mers_64.pdb,rec_7_mol64.pdb,4.512151019034242,1.3417071757007513
mers_65.pdb,rec_7_mol65.pdb,5.334876420412108,1.236398619395429
mers_66.pdb,rec_7_mol66.pdb,2.180792276524085,1.248151180031415
mers_67.pdb,rec_7_mol67.pdb,4.155296391585002,1.2465154726765126
mers_68.pdb,rec_7_mol68.pdb,4.68418022099743,1.280190462691889
mers_69.pdb,rec_7_mol69.pdb,5.00128054794438,1.3172712640525313
mers_7.pdb,rec_7_mol7.pdb,3.433083135014524,1.426104272333516
mers_70.pdb,rec_7_mol70.pdb,5.199145168248473,1.2760363331807583
mers_71.pdb,rec_7_mol71.pdb,4.824404059654886,1.2796236083406616
mers_72.pdb,rec_7_mol72.pdb,5.934500962183609,1.3011851576444244
mers_73.pdb,rec_7_mol73.pdb,4.442445600948484,1.30091546705999
mers_74.pdb,rec_7_mol74.pdb,4.831406710198116,1.301083357343384
mers_75.pdb,rec_7_mol75.pdb,6.649630346696069,1.2860258437817926
mers_76.pdb,rec_7_mol76.pdb,4.521306866275307,1.3022112482348467
mers_77.pdb,rec_7_mol77.pdb,4.320094465212604,1.2488276923550212
mers_79.pdb,rec_7_mol79.pdb,3.845547997725263,1.3570061716686839
mers_8.pdb,rec_7_mol8.pdb,4.810582373162702,1.2065097273943672
mers_80.pdb,rec_7_mol80.pdb,5.452469231053223,1.2851367772040299
mers_81.pdb,rec_7_mol81.pdb,4.583557132655469,1.2968724971416108
mers_82.pdb,rec_7_mol82.pdb,4.942976857270874,1.2568120726381777
mers_83.pdb,rec_7_mol83.pdb,4.057263194622627,1.3527376533838706
mers_84.pdb,rec_7_mol84.pdb,5.9919256733022355,1.3092201994587354
mers_85.pdb,rec_7_mol85.pdb,4.808637033449398,1.2974981240126622
mers_86.pdb,rec_7_mol86.pdb,5.21052091799137,1.2986667778545646
mers_87.pdb,rec_7_mol87.pdb,5.88495637513515,1.3203530671100387
mers_88.pdb,rec_7_mol88.pdb,5.166866903733337,1.2748592843611415
mers_89.pdb,rec_7_mol89.pdb,2.3916485102944995,1.3724360104052724
mers_9.pdb,rec_7_mol9.pdb,4.7317236986646485,1.2768972703964059
mers_90.pdb,rec_7_mol90.pdb,4.1130504492711415,1.553346661274556
mers_91.pdb,rec_7_mol91.pdb,4.642931993292192,1.3119389803090364
mers_92.pdb,rec_7_mol92.pdb,3.7810607007813166,1.480194125035489
mers_93.pdb,rec_7_mol93.pdb,2.2910574581470002,1.4113428721960484
mers_94.pdb,rec_7_mol94.pdb,5.612191098138377,1.475939826704677
mers_95.pdb,rec_7_mol95.pdb,6.4361046785631935,1.263416201511959
mers_96.pdb,rec_7_mol96.pdb,3.247591738997635,1.305332446075175
mers_34.pdb,rec_8_mol34.pdb,4.189771515677075,1.3850874033907772
mers_38.pdb,rec_8_mol38.pdb,4.799061136823301,1.4755202007785644
mers_43.pdb,rec_8_mol43.pdb,5.3128288221703475,1.4009038475481699
mers_62.pdb,rec_8_mol62.pdb,6.25779969336841,1.4449393596684572
mers_72.pdb,rec_8_mol72.pdb,5.549517735611525,1.2687839111480983
mers_87.pdb,rec_8_mol87.pdb,4.587480566144636,1.3749218066862021
mers_88.pdb,rec_8_mol88.pdb,4.211166462741475,1.322414386877817
mers_0.pdb,rec_9_mol0.pdb,6.069894002332781,1.177106791995708
mers_1.pdb,rec_9_mol1.pdb,4.7914085419594565,1.1018427229236079
mers_11.pdb,rec_9_mol11.pdb,4.162931411692918,1.3742447325207865
mers_12.pdb,rec_9_mol12.pdb,4.144354574821117,1.1536277605231895
mers_13.pdb,rec_9_mol13.pdb,5.951387744141177,1.1236542190736127
mers_15.pdb,rec_9_mol15.pdb,4.046204131256343,1.1752536094821995
mers_16.pdb,rec_9_mol16.pdb,3.5862893605651283,1.2022637336985482
mers_17.pdb,rec_9_mol17.pdb,6.130618716886643,1.1422757297042292
mers_18.pdb,rec_9_mol18.pdb,5.214343326737503,1.1440404701151643
mers_19.pdb,rec_9_mol19.pdb,9.979667341930003,1.1713405794069962
mers_2.pdb,rec_9_mol2.pdb,5.08508544331161,1.2112849905124314
mers_20.pdb,rec_9_mol20.pdb,5.072273440539729,1.1244753995047858
mers_22.pdb,rec_9_mol22.pdb,5.123746363966082,1.131116315556407
mers_23.pdb,rec_9_mol23.pdb,7.234837591914652,1.1064046627452633
mers_24.pdb,rec_9_mol24.pdb,6.184150169042235,1.1467304163086478
mers_25.pdb,rec_9_mol25.pdb,6.171854016573538,1.2266723226854839
mers_26.pdb,rec_9_mol26.pdb,4.569983102968399,1.0415998865316953
mers_27.pdb,rec_9_mol27.pdb,5.004525138163126,1.1518582505604533
mers_28.pdb,rec_9_mol28.pdb,6.0322260142990745,1.1200196142302388
mers_29.pdb,rec_9_mol29.pdb,5.3624818708159205,1.178567354458262
mers_31.pdb,rec_9_mol31.pdb,4.931118477899278,1.1468245215395765
mers_32.pdb,rec_9_mol32.pdb,6.950593048027124,1.1300341237960072
mers_33.pdb,rec_9_mol33.pdb,3.27530595695254,1.2283025919477877
mers_35.pdb,rec_9_mol35.pdb,4.749786374406319,1.1444578403982353
mers_37.pdb,rec_9_mol37.pdb,4.995872681132808,1.1412407512512517
mers_38.pdb,rec_9_mol38.pdb,6.324222251890236,1.2265614019340303
mers_39.pdb,rec_9_mol39.pdb,5.954228714307655,1.168908312404867
mers_4.pdb,rec_9_mol4.pdb,4.358215616606933,1.2651025069794335
mers_40.pdb,rec_9_mol40.pdb,5.632694160222209,1.1180303689209443
mers_42.pdb,rec_9_mol42.pdb,5.324535169021067,1.1794495146183899
mers_44.pdb,rec_9_mol44.pdb,5.61979352627942,1.1841156136477182
mers_45.pdb,rec_9_mol45.pdb,5.682540060251816,1.114030828764662
mers_46.pdb,rec_9_mol46.pdb,5.707031208073126,1.1401728534256077
mers_47.pdb,rec_9_mol47.pdb,6.436365921846288,1.245475853848027
mers_48.pdb,rec_9_mol48.pdb,4.156819558123475,1.1278501580063576
mers_49.pdb,rec_9_mol49.pdb,4.335708324915916,1.1113362422794302
mers_5.pdb,rec_9_mol5.pdb,5.159114135381539,1.123946659113924
mers_50.pdb,rec_9_mol50.pdb,3.882867522151946,1.1306491047254523
mers_51.pdb,rec_9_mol51.pdb,5.155012379610321,1.4358812367506886
mers_52.pdb,rec_9_mol52.pdb,6.616770085606703,1.1551363000685386
mers_54.pdb,rec_9_mol54.pdb,6.428565808982378,1.0401503740447045
mers_56.pdb,rec_9_mol56.pdb,3.632162064078801,1.1134511636201379
mers_57.pdb,rec_9_mol57.pdb,6.15057105552907,1.112075455471842
mers_59.pdb,rec_9_mol59.pdb,4.68403942546277,1.2319584534301797
mers_6.pdb,rec_9_mol6.pdb,5.599131637444132,1.1320385568659457
mers_60.pdb,rec_9_mol60.pdb,4.022812619401509,1.1371164578496569
mers_62.pdb,rec_9_mol62.pdb,7.198605539906133,1.187507842940062
mers_64.pdb,rec_9_mol64.pdb,6.937044485509565,1.2220437065793
mers_65.pdb,rec_9_mol65.pdb,5.33658784496578,1.0990269679268054
mers_66.pdb,rec_9_mol66.pdb,5.177221570134393,1.1008134358872754
mers_67.pdb,rec_9_mol67.pdb,5.877783850822326,1.117774391366031
mers_69.pdb,rec_9_mol69.pdb,4.90073314506214,1.1471630138904352
mers_7.pdb,rec_9_mol7.pdb,3.3804396621923307,1.3026513179684025
mers_72.pdb,rec_9_mol72.pdb,5.924412712876807,1.175895057809302
mers_73.pdb,rec_9_mol73.pdb,4.216587741262384,1.1100340506737336
mers_76.pdb,rec_9_mol76.pdb,5.880207979250872,1.1369637994533808
mers_77.pdb,rec_9_mol77.pdb,5.4082267404920366,1.134450289759217
mers_79.pdb,rec_9_mol79.pdb,3.8015116045416564,1.2243455913358114
mers_80.pdb,rec_9_mol80.pdb,6.248338539295102,1.1356633115078911
mers_83.pdb,rec_9_mol83.pdb,7.253979428484724,1.189841548613142
mers_84.pdb,rec_9_mol84.pdb,5.62337323965905,1.1569584487480182
mers_86.pdb,rec_9_mol86.pdb,5.21327395169898,1.0967740892458946
mers_88.pdb,rec_9_mol88.pdb,5.036464898792015,1.066036709583069
mers_89.pdb,rec_9_mol89.pdb,3.744851040277125,1.2031921635576508
mers_90.pdb,rec_9_mol90.pdb,6.282098387784018,1.488034943026589
mers_92.pdb,rec_9_mol92.pdb,3.524512670021642,1.3307572962209153
mers_93.pdb,rec_9_mol93.pdb,5.06182487719901,1.259915539923435
mers_94.pdb,rec_9_mol94.pdb,5.775442040018036,1.3269599060757424
mers_95.pdb,rec_9_mol95.pdb,6.392937910991551,1.1199999094033652
mers_96.pdb,rec_9_mol96.pdb,4.9628828011473365,1.1143120574084733
