mol_id,ligand,receptor,score
mol0,rec_5_mol0.sdf,rec_final_5-noH.pdb,29.6362
mol0,rec_16_mol0.sdf,rec_final_16-noH.pdb,27.6372
mol0,rec_6_mol0.sdf,rec_final_6-noH.pdb,27.1888
mol0,rec_20_mol0.sdf,rec_final_20-noH.pdb,26.3126
mol0,rec_9_mol0.sdf,rec_final_9-noH.pdb,26.1339
mol0,rec_11_mol0.sdf,rec_final_11-noH.pdb,25.1219
mol0,rec_1_mol0.sdf,rec_final_1-noH.pdb,24.9099
mol0,rec_4_mol0.sdf,rec_final_4-noH.pdb,24.0787
mol0,rec_19_mol0.sdf,rec_final_19-noH.pdb,24.0269
mol0,rec_7_mol0.sdf,rec_final_7-noH.pdb,23.9473
mol0,rec_14_mol0.sdf,rec_final_14-noH.pdb,23.6553
mol0,rec_18_mol0.sdf,rec_final_18-noH.pdb,22.9444
mol0,rec_2_mol0.sdf,rec_final_2-noH.pdb,22.8499
mol0,rec_15_mol0.sdf,rec_final_15-noH.pdb,22.2794
mol0,rec_12_mol0.sdf,rec_final_12-noH.pdb,21.8362
mol1,rec_14_mol1.sdf,rec_final_14-noH.pdb,21.8326
mol1,rec_20_mol1.sdf,rec_final_20-noH.pdb,21.4706
mol1,rec_5_mol1.sdf,rec_final_5-noH.pdb,21.3093
mol1,rec_2_mol1.sdf,rec_final_2-noH.pdb,19.7379
mol1,rec_16_mol1.sdf,rec_final_16-noH.pdb,19.4695
mol1,rec_9_mol1.sdf,rec_final_9-noH.pdb,18.9045
mol1,rec_15_mol1.sdf,rec_final_15-noH.pdb,18.7115
mol1,rec_13_mol1.sdf,rec_final_13-noH.pdb,18.5032
mol1,rec_12_mol1.sdf,rec_final_12-noH.pdb,18.3735
mol1,rec_18_mol1.sdf,rec_final_18-noH.pdb,18.0980
mol1,rec_6_mol1.sdf,rec_final_6-noH.pdb,17.8864
mol1,rec_11_mol1.sdf,rec_final_11-noH.pdb,17.7409
mol1,rec_7_mol1.sdf,rec_final_7-noH.pdb,17.4711
mol1,rec_19_mol1.sdf,rec_final_19-noH.pdb,17.3922
mol1,rec_4_mol1.sdf,rec_final_4-noH.pdb,15.3267
mol1,rec_1_mol1.sdf,rec_final_1-noH.pdb,13.5790
mol2,rec_14_mol2.sdf,rec_final_14-noH.pdb,25.5393
mol2,rec_9_mol2.sdf,rec_final_9-noH.pdb,24.7146
mol2,rec_12_mol2.sdf,rec_final_12-noH.pdb,23.6123
mol2,rec_5_mol2.sdf,rec_final_5-noH.pdb,23.1669
mol2,rec_11_mol2.sdf,rec_final_11-noH.pdb,19.5892
mol2,rec_20_mol2.sdf,rec_final_20-noH.pdb,19.5343
mol2,rec_19_mol2.sdf,rec_final_19-noH.pdb,18.3055
mol2,rec_15_mol2.sdf,rec_final_15-noH.pdb,17.9615
mol2,rec_2_mol2.sdf,rec_final_2-noH.pdb,17.7407
mol2,rec_1_mol2.sdf,rec_final_1-noH.pdb,16.7968
mol2,rec_6_mol2.sdf,rec_final_6-noH.pdb,16.7567
mol2,rec_18_mol2.sdf,rec_final_18-noH.pdb,16.1160
mol2,rec_7_mol2.sdf,rec_final_7-noH.pdb,16.0514
mol2,rec_16_mol2.sdf,rec_final_16-noH.pdb,15.9393
mol2,rec_4_mol2.sdf,rec_final_4-noH.pdb,14.4284
mol3,rec_20_mol3.sdf,rec_final_20-noH.pdb,29.7012
mol3,rec_5_mol3.sdf,rec_final_5-noH.pdb,28.4203
mol3,rec_16_mol3.sdf,rec_final_16-noH.pdb,26.1230
mol3,rec_15_mol3.sdf,rec_final_15-noH.pdb,25.9075
mol3,rec_2_mol3.sdf,rec_final_2-noH.pdb,25.5167
mol3,rec_19_mol3.sdf,rec_final_19-noH.pdb,25.2403
mol3,rec_11_mol3.sdf,rec_final_11-noH.pdb,24.9353
mol3,rec_14_mol3.sdf,rec_final_14-noH.pdb,24.7538
mol3,rec_4_mol3.sdf,rec_final_4-noH.pdb,24.2026
mol3,rec_6_mol3.sdf,rec_final_6-noH.pdb,23.6839
mol3,rec_12_mol3.sdf,rec_final_12-noH.pdb,23.4083
mol3,rec_18_mol3.sdf,rec_final_18-noH.pdb,23.1034
mol3,rec_13_mol3.sdf,rec_final_13-noH.pdb,22.4105
mol3,rec_7_mol3.sdf,rec_final_7-noH.pdb,20.7383
mol3,rec_1_mol3.sdf,rec_final_1-noH.pdb,20.6510
mol4,rec_16_mol4.sdf,rec_final_16-noH.pdb,18.2605
mol4,rec_2_mol4.sdf,rec_final_2-noH.pdb,17.9769
mol4,rec_12_mol4.sdf,rec_final_12-noH.pdb,17.6276
mol4,rec_11_mol4.sdf,rec_final_11-noH.pdb,17.5989
mol4,rec_5_mol4.sdf,rec_final_5-noH.pdb,17.2134
mol4,rec_4_mol4.sdf,rec_final_4-noH.pdb,16.9939
mol4,rec_18_mol4.sdf,rec_final_18-noH.pdb,16.9467
mol4,rec_13_mol4.sdf,rec_final_13-noH.pdb,16.6215
mol4,rec_20_mol4.sdf,rec_final_20-noH.pdb,16.1827
mol4,rec_19_mol4.sdf,rec_final_19-noH.pdb,15.6976
mol4,rec_7_mol4.sdf,rec_final_7-noH.pdb,15.6027
mol4,rec_9_mol4.sdf,rec_final_9-noH.pdb,15.2017
mol4,rec_14_mol4.sdf,rec_final_14-noH.pdb,14.5059
mol4,rec_6_mol4.sdf,rec_final_6-noH.pdb,13.7218
mol4,rec_15_mol4.sdf,rec_final_15-noH.pdb,12.7253
mol5,rec_14_mol5.sdf,rec_final_14-noH.pdb,25.1725
mol5,rec_19_mol5.sdf,rec_final_19-noH.pdb,20.4928
mol5,rec_2_mol5.sdf,rec_final_2-noH.pdb,20.3452
mol5,rec_18_mol5.sdf,rec_final_18-noH.pdb,20.2675
mol5,rec_12_mol5.sdf,rec_final_12-noH.pdb,20.1509
mol5,rec_15_mol5.sdf,rec_final_15-noH.pdb,19.3311
mol5,rec_6_mol5.sdf,rec_final_6-noH.pdb,19.0326
mol5,rec_4_mol5.sdf,rec_final_4-noH.pdb,18.6953
mol5,rec_5_mol5.sdf,rec_final_5-noH.pdb,18.3836
mol5,rec_9_mol5.sdf,rec_final_9-noH.pdb,17.5135
mol5,rec_7_mol5.sdf,rec_final_7-noH.pdb,17.3982
mol5,rec_16_mol5.sdf,rec_final_16-noH.pdb,17.3304
mol5,rec_1_mol5.sdf,rec_final_1-noH.pdb,16.8582
mol5,rec_11_mol5.sdf,rec_final_11-noH.pdb,16.6417
mol5,rec_13_mol5.sdf,rec_final_13-noH.pdb,16.0242
mol6,rec_12_mol6.sdf,rec_final_12-noH.pdb,26.0124
mol6,rec_18_mol6.sdf,rec_final_18-noH.pdb,22.8037
mol6,rec_13_mol6.sdf,rec_final_13-noH.pdb,22.5226
mol6,rec_5_mol6.sdf,rec_final_5-noH.pdb,21.8290
mol6,rec_2_mol6.sdf,rec_final_2-noH.pdb,21.2282
mol6,rec_11_mol6.sdf,rec_final_11-noH.pdb,20.9035
mol6,rec_20_mol6.sdf,rec_final_20-noH.pdb,20.1742
mol6,rec_9_mol6.sdf,rec_final_9-noH.pdb,19.5121
mol6,rec_4_mol6.sdf,rec_final_4-noH.pdb,19.5007
mol6,rec_14_mol6.sdf,rec_final_14-noH.pdb,19.2233
mol6,rec_7_mol6.sdf,rec_final_7-noH.pdb,19.1649
mol6,rec_16_mol6.sdf,rec_final_16-noH.pdb,18.9968
mol6,rec_6_mol6.sdf,rec_final_6-noH.pdb,17.9762
mol6,rec_15_mol6.sdf,rec_final_15-noH.pdb,17.9578
mol6,rec_19_mol6.sdf,rec_final_19-noH.pdb,16.5881
mol6,rec_1_mol6.sdf,rec_final_1-noH.pdb,12.7839
mol7,rec_6_mol7.sdf,rec_final_6-noH.pdb,15.3855
mol7,rec_4_mol7.sdf,rec_final_4-noH.pdb,14.5495
mol7,rec_5_mol7.sdf,rec_final_5-noH.pdb,13.6473
mol7,rec_11_mol7.sdf,rec_final_11-noH.pdb,12.7469
mol7,rec_18_mol7.sdf,rec_final_18-noH.pdb,12.6666
mol7,rec_13_mol7.sdf,rec_final_13-noH.pdb,12.5690
mol7,rec_20_mol7.sdf,rec_final_20-noH.pdb,11.6127
mol7,rec_9_mol7.sdf,rec_final_9-noH.pdb,11.0660
mol7,rec_19_mol7.sdf,rec_final_19-noH.pdb,10.6624
mol7,rec_16_mol7.sdf,rec_final_16-noH.pdb,10.5729
mol7,rec_2_mol7.sdf,rec_final_2-noH.pdb,9.9430
mol7,rec_14_mol7.sdf,rec_final_14-noH.pdb,9.8111
mol7,rec_12_mol7.sdf,rec_final_12-noH.pdb,9.3793
mol7,rec_15_mol7.sdf,rec_final_15-noH.pdb,8.9156
mol7,rec_7_mol7.sdf,rec_final_7-noH.pdb,8.8143
mol8,rec_6_mol8.sdf,rec_final_6-noH.pdb,25.0466
mol8,rec_13_mol8.sdf,rec_final_13-noH.pdb,25.0016
mol8,rec_15_mol8.sdf,rec_final_15-noH.pdb,23.3811
mol8,rec_16_mol8.sdf,rec_final_16-noH.pdb,22.3316
mol8,rec_19_mol8.sdf,rec_final_19-noH.pdb,21.8706
mol8,rec_11_mol8.sdf,rec_final_11-noH.pdb,21.5927
mol8,rec_5_mol8.sdf,rec_final_5-noH.pdb,21.3862
mol8,rec_14_mol8.sdf,rec_final_14-noH.pdb,20.6258
mol8,rec_20_mol8.sdf,rec_final_20-noH.pdb,20.3856
mol8,rec_12_mol8.sdf,rec_final_12-noH.pdb,20.2897
mol8,rec_4_mol8.sdf,rec_final_4-noH.pdb,19.0177
mol8,rec_7_mol8.sdf,rec_final_7-noH.pdb,17.7026
mol8,rec_1_mol8.sdf,rec_final_1-noH.pdb,17.3087
mol8,rec_2_mol8.sdf,rec_final_2-noH.pdb,16.8115
mol9,rec_16_mol9.sdf,rec_final_16-noH.pdb,22.9243
mol9,rec_5_mol9.sdf,rec_final_5-noH.pdb,22.8968
mol9,rec_20_mol9.sdf,rec_final_20-noH.pdb,22.6269
mol9,rec_4_mol9.sdf,rec_final_4-noH.pdb,21.7792
mol9,rec_2_mol9.sdf,rec_final_2-noH.pdb,21.3422
mol9,rec_12_mol9.sdf,rec_final_12-noH.pdb,21.3402
mol9,rec_18_mol9.sdf,rec_final_18-noH.pdb,20.8944
mol9,rec_15_mol9.sdf,rec_final_15-noH.pdb,20.8506
mol9,rec_6_mol9.sdf,rec_final_6-noH.pdb,20.7479
mol9,rec_1_mol9.sdf,rec_final_1-noH.pdb,20.7201
mol9,rec_19_mol9.sdf,rec_final_19-noH.pdb,20.5991
mol9,rec_11_mol9.sdf,rec_final_11-noH.pdb,19.0383
mol9,rec_14_mol9.sdf,rec_final_14-noH.pdb,18.6683
mol9,rec_7_mol9.sdf,rec_final_7-noH.pdb,17.8007
mol10,rec_20_mol10.sdf,rec_final_20-noH.pdb,22.7757
mol10,rec_16_mol10.sdf,rec_final_16-noH.pdb,22.6399
mol10,rec_5_mol10.sdf,rec_final_5-noH.pdb,21.6910
mol10,rec_12_mol10.sdf,rec_final_12-noH.pdb,21.3661
mol10,rec_18_mol10.sdf,rec_final_18-noH.pdb,20.9208
mol10,rec_2_mol10.sdf,rec_final_2-noH.pdb,20.4909
mol10,rec_4_mol10.sdf,rec_final_4-noH.pdb,20.2402
mol10,rec_14_mol10.sdf,rec_final_14-noH.pdb,20.0800
mol10,rec_6_mol10.sdf,rec_final_6-noH.pdb,19.9665
mol10,rec_19_mol10.sdf,rec_final_19-noH.pdb,19.9489
mol10,rec_15_mol10.sdf,rec_final_15-noH.pdb,19.6286
mol10,rec_1_mol10.sdf,rec_final_1-noH.pdb,19.2134
mol10,rec_11_mol10.sdf,rec_final_11-noH.pdb,19.1775
mol10,rec_7_mol10.sdf,rec_final_7-noH.pdb,18.5204
mol11,rec_14_mol11.sdf,rec_final_14-noH.pdb,18.3299
mol11,rec_12_mol11.sdf,rec_final_12-noH.pdb,18.2064
mol11,rec_11_mol11.sdf,rec_final_11-noH.pdb,17.7869
mol11,rec_2_mol11.sdf,rec_final_2-noH.pdb,17.5975
mol11,rec_6_mol11.sdf,rec_final_6-noH.pdb,17.5693
mol11,rec_5_mol11.sdf,rec_final_5-noH.pdb,17.2830
mol11,rec_16_mol11.sdf,rec_final_16-noH.pdb,17.1953
mol11,rec_4_mol11.sdf,rec_final_4-noH.pdb,16.9403
mol11,rec_20_mol11.sdf,rec_final_20-noH.pdb,16.6659
mol11,rec_15_mol11.sdf,rec_final_15-noH.pdb,15.5942
mol11,rec_19_mol11.sdf,rec_final_19-noH.pdb,15.1668
mol11,rec_18_mol11.sdf,rec_final_18-noH.pdb,13.2944
mol11,rec_13_mol11.sdf,rec_final_13-noH.pdb,12.0277
mol11,rec_9_mol11.sdf,rec_final_9-noH.pdb,11.7622
mol11,rec_7_mol11.sdf,rec_final_7-noH.pdb,11.4968
mol12,rec_18_mol12.sdf,rec_final_18-noH.pdb,14.6144
mol12,rec_5_mol12.sdf,rec_final_5-noH.pdb,14.2794
mol12,rec_20_mol12.sdf,rec_final_20-noH.pdb,13.8924
mol12,rec_19_mol12.sdf,rec_final_19-noH.pdb,13.8635
mol12,rec_6_mol12.sdf,rec_final_6-noH.pdb,13.6032
mol12,rec_16_mol12.sdf,rec_final_16-noH.pdb,12.3714
mol12,rec_7_mol12.sdf,rec_final_7-noH.pdb,12.2192
mol12,rec_4_mol12.sdf,rec_final_4-noH.pdb,12.1729
mol12,rec_14_mol12.sdf,rec_final_14-noH.pdb,12.0622
mol12,rec_11_mol12.sdf,rec_final_11-noH.pdb,12.0348
mol12,rec_13_mol12.sdf,rec_final_13-noH.pdb,11.3689
mol12,rec_2_mol12.sdf,rec_final_2-noH.pdb,11.3522
mol12,rec_15_mol12.sdf,rec_final_15-noH.pdb,11.1804
mol12,rec_12_mol12.sdf,rec_final_12-noH.pdb,10.9075
mol12,rec_9_mol12.sdf,rec_final_9-noH.pdb,10.8007
mol13,rec_14_mol13.sdf,rec_final_14-noH.pdb,24.1329
mol13,rec_2_mol13.sdf,rec_final_2-noH.pdb,24.0952
mol13,rec_20_mol13.sdf,rec_final_20-noH.pdb,24.0199
mol13,rec_9_mol13.sdf,rec_final_9-noH.pdb,23.7265
mol13,rec_16_mol13.sdf,rec_final_16-noH.pdb,23.6221
mol13,rec_5_mol13.sdf,rec_final_5-noH.pdb,23.4314
mol13,rec_4_mol13.sdf,rec_final_4-noH.pdb,22.8871
mol13,rec_6_mol13.sdf,rec_final_6-noH.pdb,22.7371
mol13,rec_15_mol13.sdf,rec_final_15-noH.pdb,21.6434
mol13,rec_11_mol13.sdf,rec_final_11-noH.pdb,21.4604
mol13,rec_1_mol13.sdf,rec_final_1-noH.pdb,21.4174
mol13,rec_12_mol13.sdf,rec_final_12-noH.pdb,21.2431
mol13,rec_19_mol13.sdf,rec_final_19-noH.pdb,20.1879
mol13,rec_7_mol13.sdf,rec_final_7-noH.pdb,19.8343
mol13,rec_18_mol13.sdf,rec_final_18-noH.pdb,19.4861
mol14,rec_6_mol14.sdf,rec_final_6-noH.pdb,22.7082
mol14,rec_20_mol14.sdf,rec_final_20-noH.pdb,22.2829
mol14,rec_14_mol14.sdf,rec_final_14-noH.pdb,22.2641
mol14,rec_13_mol14.sdf,rec_final_13-noH.pdb,21.6499
mol14,rec_12_mol14.sdf,rec_final_12-noH.pdb,21.3261
mol14,rec_5_mol14.sdf,rec_final_5-noH.pdb,21.2562
mol14,rec_16_mol14.sdf,rec_final_16-noH.pdb,21.1400
mol14,rec_15_mol14.sdf,rec_final_15-noH.pdb,20.9661
mol14,rec_4_mol14.sdf,rec_final_4-noH.pdb,20.9319
mol14,rec_11_mol14.sdf,rec_final_11-noH.pdb,20.7770
mol14,rec_19_mol14.sdf,rec_final_19-noH.pdb,20.5484
mol14,rec_2_mol14.sdf,rec_final_2-noH.pdb,20.2055
mol14,rec_18_mol14.sdf,rec_final_18-noH.pdb,19.3823
mol14,rec_7_mol14.sdf,rec_final_7-noH.pdb,19.3789
mol14,rec_1_mol14.sdf,rec_final_1-noH.pdb,18.9286
mol15,rec_14_mol15.sdf,rec_final_14-noH.pdb,23.1918
mol15,rec_16_mol15.sdf,rec_final_16-noH.pdb,22.4573
mol15,rec_18_mol15.sdf,rec_final_18-noH.pdb,21.9127
mol15,rec_4_mol15.sdf,rec_final_4-noH.pdb,21.7832
mol15,rec_5_mol15.sdf,rec_final_5-noH.pdb,21.7307
mol15,rec_2_mol15.sdf,rec_final_2-noH.pdb,21.6782
mol15,rec_9_mol15.sdf,rec_final_9-noH.pdb,21.5504
mol15,rec_12_mol15.sdf,rec_final_12-noH.pdb,21.4509
mol15,rec_11_mol15.sdf,rec_final_11-noH.pdb,21.2083
mol15,rec_20_mol15.sdf,rec_final_20-noH.pdb,20.7661
mol15,rec_19_mol15.sdf,rec_final_19-noH.pdb,20.5524
mol15,rec_15_mol15.sdf,rec_final_15-noH.pdb,19.6307
mol15,rec_1_mol15.sdf,rec_final_1-noH.pdb,19.6161
mol15,rec_6_mol15.sdf,rec_final_6-noH.pdb,18.8731
mol15,rec_7_mol15.sdf,rec_final_7-noH.pdb,16.3642
mol16,rec_11_mol16.sdf,rec_final_11-noH.pdb,14.0866
mol16,rec_13_mol16.sdf,rec_final_13-noH.pdb,14.0192
mol16,rec_5_mol16.sdf,rec_final_5-noH.pdb,13.7198
mol16,rec_20_mol16.sdf,rec_final_20-noH.pdb,13.5310
mol16,rec_2_mol16.sdf,rec_final_2-noH.pdb,13.1571
mol16,rec_16_mol16.sdf,rec_final_16-noH.pdb,12.8493
mol16,rec_14_mol16.sdf,rec_final_14-noH.pdb,12.4988
mol16,rec_12_mol16.sdf,rec_final_12-noH.pdb,12.4721
mol16,rec_15_mol16.sdf,rec_final_15-noH.pdb,12.1279
mol16,rec_9_mol16.sdf,rec_final_9-noH.pdb,11.9761
mol16,rec_18_mol16.sdf,rec_final_18-noH.pdb,11.2964
mol16,rec_4_mol16.sdf,rec_final_4-noH.pdb,11.1613
mol16,rec_7_mol16.sdf,rec_final_7-noH.pdb,11.1413
mol16,rec_19_mol16.sdf,rec_final_19-noH.pdb,11.0340
mol16,rec_6_mol16.sdf,rec_final_6-noH.pdb,10.9333
mol17,rec_20_mol17.sdf,rec_final_20-noH.pdb,22.5105
mol17,rec_1_mol17.sdf,rec_final_1-noH.pdb,22.2453
mol17,rec_4_mol17.sdf,rec_final_4-noH.pdb,21.8492
mol17,rec_6_mol17.sdf,rec_final_6-noH.pdb,21.2451
mol17,rec_12_mol17.sdf,rec_final_12-noH.pdb,20.8925
mol17,rec_19_mol17.sdf,rec_final_19-noH.pdb,20.5810
mol17,rec_2_mol17.sdf,rec_final_2-noH.pdb,20.3175
mol17,rec_16_mol17.sdf,rec_final_16-noH.pdb,20.0859
mol17,rec_11_mol17.sdf,rec_final_11-noH.pdb,19.9436
mol17,rec_5_mol17.sdf,rec_final_5-noH.pdb,19.1922
mol17,rec_9_mol17.sdf,rec_final_9-noH.pdb,18.9221
mol17,rec_13_mol17.sdf,rec_final_13-noH.pdb,18.7869
mol17,rec_18_mol17.sdf,rec_final_18-noH.pdb,18.7849
mol17,rec_15_mol17.sdf,rec_final_15-noH.pdb,18.7182
mol17,rec_7_mol17.sdf,rec_final_7-noH.pdb,18.6511
mol17,rec_14_mol17.sdf,rec_final_14-noH.pdb,18.2266
mol18,rec_14_mol18.sdf,rec_final_14-noH.pdb,14.3817
mol18,rec_19_mol18.sdf,rec_final_19-noH.pdb,14.1296
mol18,rec_20_mol18.sdf,rec_final_20-noH.pdb,13.9386
mol18,rec_9_mol18.sdf,rec_final_9-noH.pdb,13.4006
mol18,rec_16_mol18.sdf,rec_final_16-noH.pdb,12.9379
mol18,rec_12_mol18.sdf,rec_final_12-noH.pdb,12.7807
mol18,rec_2_mol18.sdf,rec_final_2-noH.pdb,12.6708
mol18,rec_7_mol18.sdf,rec_final_7-noH.pdb,12.4193
mol18,rec_5_mol18.sdf,rec_final_5-noH.pdb,12.3678
mol18,rec_13_mol18.sdf,rec_final_13-noH.pdb,12.1404
mol18,rec_15_mol18.sdf,rec_final_15-noH.pdb,12.0835
mol18,rec_4_mol18.sdf,rec_final_4-noH.pdb,11.8584
mol18,rec_6_mol18.sdf,rec_final_6-noH.pdb,11.7911
mol18,rec_11_mol18.sdf,rec_final_11-noH.pdb,11.6654
mol18,rec_18_mol18.sdf,rec_final_18-noH.pdb,11.5117
mol19,rec_16_mol19.sdf,rec_final_16-noH.pdb,25.8674
mol19,rec_20_mol19.sdf,rec_final_20-noH.pdb,22.2013
mol19,rec_13_mol19.sdf,rec_final_13-noH.pdb,17.5444
mol19,rec_19_mol19.sdf,rec_final_19-noH.pdb,16.7755
mol19,rec_1_mol19.sdf,rec_final_1-noH.pdb,16.7366
mol19,rec_4_mol19.sdf,rec_final_4-noH.pdb,16.7040
mol19,rec_14_mol19.sdf,rec_final_14-noH.pdb,16.1498
mol19,rec_18_mol19.sdf,rec_final_18-noH.pdb,15.8369
mol19,rec_2_mol19.sdf,rec_final_2-noH.pdb,15.7979
mol19,rec_9_mol19.sdf,rec_final_9-noH.pdb,15.6254
mol19,rec_5_mol19.sdf,rec_final_5-noH.pdb,15.6018
mol19,rec_6_mol19.sdf,rec_final_6-noH.pdb,14.9671
mol19,rec_12_mol19.sdf,rec_final_12-noH.pdb,14.7605
mol19,rec_15_mol19.sdf,rec_final_15-noH.pdb,14.4941
mol19,rec_11_mol19.sdf,rec_final_11-noH.pdb,14.3447
mol19,rec_7_mol19.sdf,rec_final_7-noH.pdb,11.1397
mol20,rec_13_mol20.sdf,rec_final_13-noH.pdb,20.6937
mol20,rec_4_mol20.sdf,rec_final_4-noH.pdb,20.1302
mol20,rec_20_mol20.sdf,rec_final_20-noH.pdb,19.5270
mol20,rec_18_mol20.sdf,rec_final_18-noH.pdb,18.9301
mol20,rec_9_mol20.sdf,rec_final_9-noH.pdb,18.4946
mol20,rec_12_mol20.sdf,rec_final_12-noH.pdb,17.5543
mol20,rec_5_mol20.sdf,rec_final_5-noH.pdb,17.4511
mol20,rec_11_mol20.sdf,rec_final_11-noH.pdb,17.1502
mol20,rec_16_mol20.sdf,rec_final_16-noH.pdb,16.5893
mol20,rec_15_mol20.sdf,rec_final_15-noH.pdb,16.5651
mol20,rec_14_mol20.sdf,rec_final_14-noH.pdb,16.2671
mol20,rec_19_mol20.sdf,rec_final_19-noH.pdb,16.1905
mol20,rec_2_mol20.sdf,rec_final_2-noH.pdb,15.7233
mol20,rec_7_mol20.sdf,rec_final_7-noH.pdb,15.3808
mol20,rec_6_mol20.sdf,rec_final_6-noH.pdb,15.0829
mol21,rec_16_mol21.sdf,rec_final_16-noH.pdb,23.2916
mol21,rec_4_mol21.sdf,rec_final_4-noH.pdb,22.4611
mol21,rec_5_mol21.sdf,rec_final_5-noH.pdb,21.9909
mol21,rec_19_mol21.sdf,rec_final_19-noH.pdb,21.8732
mol21,rec_12_mol21.sdf,rec_final_12-noH.pdb,21.5883
mol21,rec_1_mol21.sdf,rec_final_1-noH.pdb,21.4653
mol21,rec_18_mol21.sdf,rec_final_18-noH.pdb,20.6804
mol21,rec_15_mol21.sdf,rec_final_15-noH.pdb,20.1749
mol21,rec_2_mol21.sdf,rec_final_2-noH.pdb,20.1346
mol21,rec_6_mol21.sdf,rec_final_6-noH.pdb,19.9578
mol21,rec_11_mol21.sdf,rec_final_11-noH.pdb,19.0963
mol21,rec_14_mol21.sdf,rec_final_14-noH.pdb,18.4824
mol21,rec_7_mol21.sdf,rec_final_7-noH.pdb,16.6131
mol22,rec_14_mol22.sdf,rec_final_14-noH.pdb,24.7046
mol22,rec_2_mol22.sdf,rec_final_2-noH.pdb,22.6321
mol22,rec_16_mol22.sdf,rec_final_16-noH.pdb,22.5352
mol22,rec_4_mol22.sdf,rec_final_4-noH.pdb,22.0816
mol22,rec_12_mol22.sdf,rec_final_12-noH.pdb,21.1339
mol22,rec_15_mol22.sdf,rec_final_15-noH.pdb,20.8228
mol22,rec_7_mol22.sdf,rec_final_7-noH.pdb,20.7543
mol22,rec_1_mol22.sdf,rec_final_1-noH.pdb,20.6971
mol22,rec_9_mol22.sdf,rec_final_9-noH.pdb,19.4508
mol22,rec_6_mol22.sdf,rec_final_6-noH.pdb,18.6546
mol22,rec_18_mol22.sdf,rec_final_18-noH.pdb,18.3074
mol22,rec_5_mol22.sdf,rec_final_5-noH.pdb,18.0068
mol22,rec_19_mol22.sdf,rec_final_19-noH.pdb,15.3317
mol22,rec_20_mol22.sdf,rec_final_20-noH.pdb,15.0676
mol22,rec_11_mol22.sdf,rec_final_11-noH.pdb,12.5944
mol22,rec_13_mol22.sdf,rec_final_13-noH.pdb,12.2982
mol23,rec_16_mol23.sdf,rec_final_16-noH.pdb,23.6611
mol23,rec_14_mol23.sdf,rec_final_14-noH.pdb,23.6213
mol23,rec_4_mol23.sdf,rec_final_4-noH.pdb,22.1465
mol23,rec_2_mol23.sdf,rec_final_2-noH.pdb,21.8870
mol23,rec_12_mol23.sdf,rec_final_12-noH.pdb,21.8065
mol23,rec_18_mol23.sdf,rec_final_18-noH.pdb,21.5293
mol23,rec_15_mol23.sdf,rec_final_15-noH.pdb,21.3779
mol23,rec_11_mol23.sdf,rec_final_11-noH.pdb,21.3693
mol23,rec_6_mol23.sdf,rec_final_6-noH.pdb,21.2366
mol23,rec_5_mol23.sdf,rec_final_5-noH.pdb,20.7923
mol23,rec_20_mol23.sdf,rec_final_20-noH.pdb,20.3451
mol23,rec_19_mol23.sdf,rec_final_19-noH.pdb,20.1503
mol23,rec_9_mol23.sdf,rec_final_9-noH.pdb,18.9151
mol23,rec_13_mol23.sdf,rec_final_13-noH.pdb,18.5243
mol23,rec_7_mol23.sdf,rec_final_7-noH.pdb,16.6804
mol23,rec_1_mol23.sdf,rec_final_1-noH.pdb,16.0195
mol24,rec_9_mol24.sdf,rec_final_9-noH.pdb,25.2450
mol24,rec_20_mol24.sdf,rec_final_20-noH.pdb,23.6115
mol24,rec_19_mol24.sdf,rec_final_19-noH.pdb,23.1987
mol24,rec_16_mol24.sdf,rec_final_16-noH.pdb,22.9316
mol24,rec_13_mol24.sdf,rec_final_13-noH.pdb,22.8418
mol24,rec_18_mol24.sdf,rec_final_18-noH.pdb,22.8411
mol24,rec_1_mol24.sdf,rec_final_1-noH.pdb,22.7853
mol24,rec_4_mol24.sdf,rec_final_4-noH.pdb,22.7337
mol24,rec_12_mol24.sdf,rec_final_12-noH.pdb,21.9468
mol24,rec_14_mol24.sdf,rec_final_14-noH.pdb,21.5996
mol24,rec_6_mol24.sdf,rec_final_6-noH.pdb,21.1473
mol24,rec_2_mol24.sdf,rec_final_2-noH.pdb,20.8992
mol24,rec_5_mol24.sdf,rec_final_5-noH.pdb,20.7911
mol24,rec_15_mol24.sdf,rec_final_15-noH.pdb,19.7308
mol24,rec_7_mol24.sdf,rec_final_7-noH.pdb,19.5928
mol24,rec_11_mol24.sdf,rec_final_11-noH.pdb,18.8993
mol25,rec_14_mol25.sdf,rec_final_14-noH.pdb,31.0340
mol25,rec_5_mol25.sdf,rec_final_5-noH.pdb,30.5169
mol25,rec_2_mol25.sdf,rec_final_2-noH.pdb,30.1461
mol25,rec_4_mol25.sdf,rec_final_4-noH.pdb,29.3952
mol25,rec_20_mol25.sdf,rec_final_20-noH.pdb,28.3777
mol25,rec_12_mol25.sdf,rec_final_12-noH.pdb,27.7784
mol25,rec_19_mol25.sdf,rec_final_19-noH.pdb,27.3752
mol25,rec_16_mol25.sdf,rec_final_16-noH.pdb,26.8090
mol25,rec_15_mol25.sdf,rec_final_15-noH.pdb,25.6367
mol25,rec_1_mol25.sdf,rec_final_1-noH.pdb,25.0507
mol25,rec_9_mol25.sdf,rec_final_9-noH.pdb,25.0040
mol25,rec_6_mol25.sdf,rec_final_6-noH.pdb,24.2473
mol25,rec_18_mol25.sdf,rec_final_18-noH.pdb,24.0668
mol25,rec_11_mol25.sdf,rec_final_11-noH.pdb,21.5872
mol25,rec_7_mol25.sdf,rec_final_7-noH.pdb,20.0687
mol26,rec_12_mol26.sdf,rec_final_12-noH.pdb,18.0132
mol26,rec_4_mol26.sdf,rec_final_4-noH.pdb,16.2152
mol26,rec_6_mol26.sdf,rec_final_6-noH.pdb,16.1151
mol26,rec_11_mol26.sdf,rec_final_11-noH.pdb,16.0787
mol26,rec_18_mol26.sdf,rec_final_18-noH.pdb,15.9797
mol26,rec_16_mol26.sdf,rec_final_16-noH.pdb,15.9336
mol26,rec_15_mol26.sdf,rec_final_15-noH.pdb,15.5504
mol26,rec_20_mol26.sdf,rec_final_20-noH.pdb,15.5459
mol26,rec_5_mol26.sdf,rec_final_5-noH.pdb,15.1767
mol26,rec_2_mol26.sdf,rec_final_2-noH.pdb,15.1326
mol26,rec_13_mol26.sdf,rec_final_13-noH.pdb,14.7436
mol26,rec_9_mol26.sdf,rec_final_9-noH.pdb,14.6788
mol26,rec_14_mol26.sdf,rec_final_14-noH.pdb,14.6435
mol26,rec_19_mol26.sdf,rec_final_19-noH.pdb,13.4442
mol26,rec_7_mol26.sdf,rec_final_7-noH.pdb,12.7766
mol27,rec_13_mol27.sdf,rec_final_13-noH.pdb,15.4912
mol27,rec_2_mol27.sdf,rec_final_2-noH.pdb,15.2533
mol27,rec_5_mol27.sdf,rec_final_5-noH.pdb,14.6791
mol27,rec_12_mol27.sdf,rec_final_12-noH.pdb,14.5069
mol27,rec_6_mol27.sdf,rec_final_6-noH.pdb,13.6942
mol27,rec_20_mol27.sdf,rec_final_20-noH.pdb,13.2122
mol27,rec_11_mol27.sdf,rec_final_11-noH.pdb,13.0972
mol27,rec_19_mol27.sdf,rec_final_19-noH.pdb,12.8042
mol27,rec_18_mol27.sdf,rec_final_18-noH.pdb,12.7369
mol27,rec_9_mol27.sdf,rec_final_9-noH.pdb,12.5625
mol27,rec_16_mol27.sdf,rec_final_16-noH.pdb,12.4631
mol27,rec_4_mol27.sdf,rec_final_4-noH.pdb,12.4606
mol27,rec_15_mol27.sdf,rec_final_15-noH.pdb,11.4885
mol27,rec_14_mol27.sdf,rec_final_14-noH.pdb,11.2693
mol27,rec_7_mol27.sdf,rec_final_7-noH.pdb,11.1758
mol28,rec_9_mol28.sdf,rec_final_9-noH.pdb,24.4832
mol28,rec_4_mol28.sdf,rec_final_4-noH.pdb,24.3025
mol28,rec_19_mol28.sdf,rec_final_19-noH.pdb,23.8633
mol28,rec_16_mol28.sdf,rec_final_16-noH.pdb,23.6721
mol28,rec_12_mol28.sdf,rec_final_12-noH.pdb,23.6356
mol28,rec_6_mol28.sdf,rec_final_6-noH.pdb,23.2331
mol28,rec_11_mol28.sdf,rec_final_11-noH.pdb,23.1797
mol28,rec_2_mol28.sdf,rec_final_2-noH.pdb,22.7109
mol28,rec_5_mol28.sdf,rec_final_5-noH.pdb,22.5852
mol28,rec_14_mol28.sdf,rec_final_14-noH.pdb,22.4234
mol28,rec_15_mol28.sdf,rec_final_15-noH.pdb,22.0009
mol28,rec_20_mol28.sdf,rec_final_20-noH.pdb,21.8807
mol28,rec_13_mol28.sdf,rec_final_13-noH.pdb,21.5889
mol28,rec_18_mol28.sdf,rec_final_18-noH.pdb,20.0577
mol28,rec_7_mol28.sdf,rec_final_7-noH.pdb,18.4446
mol28,rec_1_mol28.sdf,rec_final_1-noH.pdb,17.4405
mol29,rec_20_mol29.sdf,rec_final_20-noH.pdb,28.5533
mol29,rec_5_mol29.sdf,rec_final_5-noH.pdb,26.1168
mol29,rec_11_mol29.sdf,rec_final_11-noH.pdb,25.5845
mol29,rec_9_mol29.sdf,rec_final_9-noH.pdb,25.2606
mol29,rec_14_mol29.sdf,rec_final_14-noH.pdb,24.8958
mol29,rec_2_mol29.sdf,rec_final_2-noH.pdb,24.5643
mol29,rec_13_mol29.sdf,rec_final_13-noH.pdb,24.3918
mol29,rec_6_mol29.sdf,rec_final_6-noH.pdb,24.2355
mol29,rec_4_mol29.sdf,rec_final_4-noH.pdb,23.1602
mol29,rec_19_mol29.sdf,rec_final_19-noH.pdb,23.0422
mol29,rec_15_mol29.sdf,rec_final_15-noH.pdb,22.8953
mol29,rec_16_mol29.sdf,rec_final_16-noH.pdb,22.3861
mol29,rec_1_mol29.sdf,rec_final_1-noH.pdb,22.3162
mol29,rec_12_mol29.sdf,rec_final_12-noH.pdb,22.0258
mol29,rec_18_mol29.sdf,rec_final_18-noH.pdb,21.8549
mol29,rec_7_mol29.sdf,rec_final_7-noH.pdb,21.2210
mol30,rec_4_mol30.sdf,rec_final_4-noH.pdb,25.2016
mol30,rec_2_mol30.sdf,rec_final_2-noH.pdb,24.5501
mol30,rec_1_mol30.sdf,rec_final_1-noH.pdb,24.4647
mol30,rec_14_mol30.sdf,rec_final_14-noH.pdb,24.2076
mol30,rec_11_mol30.sdf,rec_final_11-noH.pdb,24.1513
mol30,rec_5_mol30.sdf,rec_final_5-noH.pdb,24.0491
mol30,rec_12_mol30.sdf,rec_final_12-noH.pdb,23.9381
mol30,rec_16_mol30.sdf,rec_final_16-noH.pdb,23.7088
mol30,rec_20_mol30.sdf,rec_final_20-noH.pdb,23.6004
mol30,rec_18_mol30.sdf,rec_final_18-noH.pdb,23.3632
mol30,rec_6_mol30.sdf,rec_final_6-noH.pdb,22.8303
mol30,rec_15_mol30.sdf,rec_final_15-noH.pdb,21.2994
mol30,rec_19_mol30.sdf,rec_final_19-noH.pdb,21.1838
mol30,rec_7_mol30.sdf,rec_final_7-noH.pdb,18.5872
mol31,rec_14_mol31.sdf,rec_final_14-noH.pdb,28.3203
mol31,rec_20_mol31.sdf,rec_final_20-noH.pdb,27.9760
mol31,rec_16_mol31.sdf,rec_final_16-noH.pdb,27.7912
mol31,rec_6_mol31.sdf,rec_final_6-noH.pdb,27.5793
mol31,rec_4_mol31.sdf,rec_final_4-noH.pdb,26.7131
mol31,rec_1_mol31.sdf,rec_final_1-noH.pdb,26.0337
mol31,rec_11_mol31.sdf,rec_final_11-noH.pdb,25.4237
mol31,rec_19_mol31.sdf,rec_final_19-noH.pdb,24.7924
mol31,rec_2_mol31.sdf,rec_final_2-noH.pdb,24.0064
mol31,rec_7_mol31.sdf,rec_final_7-noH.pdb,23.9974
mol31,rec_12_mol31.sdf,rec_final_12-noH.pdb,23.9393
mol31,rec_15_mol31.sdf,rec_final_15-noH.pdb,23.3795
mol31,rec_18_mol31.sdf,rec_final_18-noH.pdb,22.5070
mol31,rec_9_mol31.sdf,rec_final_9-noH.pdb,22.4205
mol31,rec_5_mol31.sdf,rec_final_5-noH.pdb,21.5874
mol32,rec_12_mol32.sdf,rec_final_12-noH.pdb,21.3587
mol32,rec_20_mol32.sdf,rec_final_20-noH.pdb,20.1114
mol32,rec_14_mol32.sdf,rec_final_14-noH.pdb,19.7071
mol32,rec_6_mol32.sdf,rec_final_6-noH.pdb,19.6401
mol32,rec_19_mol32.sdf,rec_final_19-noH.pdb,19.6141
mol32,rec_4_mol32.sdf,rec_final_4-noH.pdb,18.9331
mol32,rec_2_mol32.sdf,rec_final_2-noH.pdb,18.9003
mol32,rec_16_mol32.sdf,rec_final_16-noH.pdb,18.5425
mol32,rec_1_mol32.sdf,rec_final_1-noH.pdb,17.9557
mol32,rec_9_mol32.sdf,rec_final_9-noH.pdb,17.7568
mol32,rec_18_mol32.sdf,rec_final_18-noH.pdb,17.7140
mol32,rec_5_mol32.sdf,rec_final_5-noH.pdb,17.5126
mol32,rec_11_mol32.sdf,rec_final_11-noH.pdb,17.1357
mol32,rec_15_mol32.sdf,rec_final_15-noH.pdb,17.0567
mol32,rec_7_mol32.sdf,rec_final_7-noH.pdb,17.0330
mol32,rec_13_mol32.sdf,rec_final_13-noH.pdb,16.8355
mol33,rec_20_mol33.sdf,rec_final_20-noH.pdb,14.5820
mol33,rec_4_mol33.sdf,rec_final_4-noH.pdb,14.3203
mol33,rec_5_mol33.sdf,rec_final_5-noH.pdb,13.4938
mol33,rec_13_mol33.sdf,rec_final_13-noH.pdb,13.1394
mol33,rec_16_mol33.sdf,rec_final_16-noH.pdb,12.8438
mol33,rec_19_mol33.sdf,rec_final_19-noH.pdb,12.4642
mol33,rec_2_mol33.sdf,rec_final_2-noH.pdb,12.4292
mol33,rec_15_mol33.sdf,rec_final_15-noH.pdb,12.0761
mol33,rec_12_mol33.sdf,rec_final_12-noH.pdb,12.0663
mol33,rec_14_mol33.sdf,rec_final_14-noH.pdb,11.6716
mol33,rec_7_mol33.sdf,rec_final_7-noH.pdb,11.4516
mol33,rec_18_mol33.sdf,rec_final_18-noH.pdb,11.4048
mol33,rec_11_mol33.sdf,rec_final_11-noH.pdb,11.2745
mol33,rec_9_mol33.sdf,rec_final_9-noH.pdb,11.1372
mol33,rec_6_mol33.sdf,rec_final_6-noH.pdb,10.4967
mol34,rec_14_mol34.sdf,rec_final_14-noH.pdb,25.4047
mol34,rec_16_mol34.sdf,rec_final_16-noH.pdb,23.0036
mol34,rec_4_mol34.sdf,rec_final_4-noH.pdb,21.4983
mol34,rec_5_mol34.sdf,rec_final_5-noH.pdb,21.3681
mol34,rec_12_mol34.sdf,rec_final_12-noH.pdb,21.2914
mol34,rec_6_mol34.sdf,rec_final_6-noH.pdb,21.1423
mol34,rec_19_mol34.sdf,rec_final_19-noH.pdb,21.0179
mol34,rec_2_mol34.sdf,rec_final_2-noH.pdb,20.6483
mol34,rec_8_mol34.sdf,rec_final_8-noH.pdb,20.3124
mol34,rec_15_mol34.sdf,rec_final_15-noH.pdb,19.9930
mol34,rec_11_mol34.sdf,rec_final_11-noH.pdb,19.8788
mol34,rec_1_mol34.sdf,rec_final_1-noH.pdb,19.5196
mol34,rec_7_mol34.sdf,rec_final_7-noH.pdb,19.1659
mol34,rec_18_mol34.sdf,rec_final_18-noH.pdb,19.0512
mol35,rec_2_mol35.sdf,rec_final_2-noH.pdb,23.4548
mol35,rec_20_mol35.sdf,rec_final_20-noH.pdb,22.9812
mol35,rec_5_mol35.sdf,rec_final_5-noH.pdb,21.8539
mol35,rec_19_mol35.sdf,rec_final_19-noH.pdb,21.4769
mol35,rec_14_mol35.sdf,rec_final_14-noH.pdb,21.4133
mol35,rec_15_mol35.sdf,rec_final_15-noH.pdb,21.2788
mol35,rec_12_mol35.sdf,rec_final_12-noH.pdb,21.2451
mol35,rec_6_mol35.sdf,rec_final_6-noH.pdb,20.9398
mol35,rec_16_mol35.sdf,rec_final_16-noH.pdb,20.8508
mol35,rec_9_mol35.sdf,rec_final_9-noH.pdb,20.4643
mol35,rec_11_mol35.sdf,rec_final_11-noH.pdb,20.4201
mol35,rec_4_mol35.sdf,rec_final_4-noH.pdb,20.3673
mol35,rec_13_mol35.sdf,rec_final_13-noH.pdb,20.3042
mol35,rec_18_mol35.sdf,rec_final_18-noH.pdb,18.9192
mol35,rec_7_mol35.sdf,rec_final_7-noH.pdb,17.4883
mol36,rec_20_mol36.sdf,rec_final_20-noH.pdb,22.7148
mol36,rec_4_mol36.sdf,rec_final_4-noH.pdb,22.2292
mol36,rec_5_mol36.sdf,rec_final_5-noH.pdb,21.9915
mol36,rec_12_mol36.sdf,rec_final_12-noH.pdb,21.8885
mol36,rec_19_mol36.sdf,rec_final_19-noH.pdb,21.1286
mol36,rec_6_mol36.sdf,rec_final_6-noH.pdb,21.0138
mol36,rec_16_mol36.sdf,rec_final_16-noH.pdb,20.7766
mol36,rec_2_mol36.sdf,rec_final_2-noH.pdb,20.4623
mol36,rec_15_mol36.sdf,rec_final_15-noH.pdb,19.6143
mol36,rec_7_mol36.sdf,rec_final_7-noH.pdb,19.5302
mol36,rec_11_mol36.sdf,rec_final_11-noH.pdb,18.9058
mol36,rec_1_mol36.sdf,rec_final_1-noH.pdb,18.5823
mol36,rec_14_mol36.sdf,rec_final_14-noH.pdb,18.4525
mol37,rec_15_mol37.sdf,rec_final_15-noH.pdb,21.0553
mol37,rec_16_mol37.sdf,rec_final_16-noH.pdb,20.5380
mol37,rec_20_mol37.sdf,rec_final_20-noH.pdb,20.1697
mol37,rec_14_mol37.sdf,rec_final_14-noH.pdb,19.9681
mol37,rec_2_mol37.sdf,rec_final_2-noH.pdb,19.9005
mol37,rec_9_mol37.sdf,rec_final_9-noH.pdb,19.0416
mol37,rec_5_mol37.sdf,rec_final_5-noH.pdb,19.0034
mol37,rec_12_mol37.sdf,rec_final_12-noH.pdb,18.4777
mol37,rec_13_mol37.sdf,rec_final_13-noH.pdb,18.4487
mol37,rec_19_mol37.sdf,rec_final_19-noH.pdb,17.9861
mol37,rec_4_mol37.sdf,rec_final_4-noH.pdb,17.8553
mol37,rec_6_mol37.sdf,rec_final_6-noH.pdb,17.8358
mol37,rec_11_mol37.sdf,rec_final_11-noH.pdb,17.6760
mol37,rec_18_mol37.sdf,rec_final_18-noH.pdb,17.2899
mol37,rec_7_mol37.sdf,rec_final_7-noH.pdb,15.8040
mol38,rec_9_mol38.sdf,rec_final_9-noH.pdb,26.8430
mol38,rec_16_mol38.sdf,rec_final_16-noH.pdb,26.8261
mol38,rec_2_mol38.sdf,rec_final_2-noH.pdb,25.8492
mol38,rec_5_mol38.sdf,rec_final_5-noH.pdb,25.4929
mol38,rec_18_mol38.sdf,rec_final_18-noH.pdb,24.3786
mol38,rec_12_mol38.sdf,rec_final_12-noH.pdb,24.3668
mol38,rec_13_mol38.sdf,rec_final_13-noH.pdb,24.3216
mol38,rec_19_mol38.sdf,rec_final_19-noH.pdb,23.9736
mol38,rec_20_mol38.sdf,rec_final_20-noH.pdb,23.8783
mol38,rec_15_mol38.sdf,rec_final_15-noH.pdb,23.8180
mol38,rec_11_mol38.sdf,rec_final_11-noH.pdb,23.5303
mol38,rec_6_mol38.sdf,rec_final_6-noH.pdb,23.3008
mol38,rec_4_mol38.sdf,rec_final_4-noH.pdb,22.6864
mol38,rec_8_mol38.sdf,rec_final_8-noH.pdb,21.9365
mol38,rec_14_mol38.sdf,rec_final_14-noH.pdb,21.0814
mol38,rec_7_mol38.sdf,rec_final_7-noH.pdb,20.8778
mol38,rec_1_mol38.sdf,rec_final_1-noH.pdb,17.9394
mol39,rec_14_mol39.sdf,rec_final_14-noH.pdb,26.1652
mol39,rec_4_mol39.sdf,rec_final_4-noH.pdb,22.8929
mol39,rec_16_mol39.sdf,rec_final_16-noH.pdb,22.5682
mol39,rec_20_mol39.sdf,rec_final_20-noH.pdb,21.4370
mol39,rec_2_mol39.sdf,rec_final_2-noH.pdb,21.0476
mol39,rec_9_mol39.sdf,rec_final_9-noH.pdb,20.7967
mol39,rec_19_mol39.sdf,rec_final_19-noH.pdb,20.0963
mol39,rec_18_mol39.sdf,rec_final_18-noH.pdb,19.8914
mol39,rec_15_mol39.sdf,rec_final_15-noH.pdb,19.7558
mol39,rec_6_mol39.sdf,rec_final_6-noH.pdb,19.5922
mol39,rec_5_mol39.sdf,rec_final_5-noH.pdb,19.5544
mol39,rec_12_mol39.sdf,rec_final_12-noH.pdb,19.2475
mol39,rec_13_mol39.sdf,rec_final_13-noH.pdb,17.9815
mol39,rec_1_mol39.sdf,rec_final_1-noH.pdb,17.7424
mol39,rec_11_mol39.sdf,rec_final_11-noH.pdb,16.9984
mol39,rec_7_mol39.sdf,rec_final_7-noH.pdb,16.8112
mol40,rec_2_mol40.sdf,rec_final_2-noH.pdb,22.9677
mol40,rec_16_mol40.sdf,rec_final_16-noH.pdb,22.5678
mol40,rec_9_mol40.sdf,rec_final_9-noH.pdb,22.2735
mol40,rec_5_mol40.sdf,rec_final_5-noH.pdb,21.6212
mol40,rec_6_mol40.sdf,rec_final_6-noH.pdb,21.5895
mol40,rec_14_mol40.sdf,rec_final_14-noH.pdb,21.5721
mol40,rec_19_mol40.sdf,rec_final_19-noH.pdb,21.2904
mol40,rec_12_mol40.sdf,rec_final_12-noH.pdb,21.1030
mol40,rec_20_mol40.sdf,rec_final_20-noH.pdb,21.0845
mol40,rec_4_mol40.sdf,rec_final_4-noH.pdb,20.9413
mol40,rec_18_mol40.sdf,rec_final_18-noH.pdb,20.5659
mol40,rec_1_mol40.sdf,rec_final_1-noH.pdb,20.5537
mol40,rec_11_mol40.sdf,rec_final_11-noH.pdb,19.6479
mol40,rec_15_mol40.sdf,rec_final_15-noH.pdb,19.5330
mol40,rec_7_mol40.sdf,rec_final_7-noH.pdb,16.4954
mol41,rec_16_mol41.sdf,rec_final_16-noH.pdb,21.6717
mol41,rec_5_mol41.sdf,rec_final_5-noH.pdb,21.6707
mol41,rec_12_mol41.sdf,rec_final_12-noH.pdb,21.5526
mol41,rec_14_mol41.sdf,rec_final_14-noH.pdb,21.3099
mol41,rec_4_mol41.sdf,rec_final_4-noH.pdb,21.2900
mol41,rec_2_mol41.sdf,rec_final_2-noH.pdb,21.0478
mol41,rec_19_mol41.sdf,rec_final_19-noH.pdb,20.6424
mol41,rec_20_mol41.sdf,rec_final_20-noH.pdb,20.1208
mol41,rec_18_mol41.sdf,rec_final_18-noH.pdb,20.0842
mol41,rec_11_mol41.sdf,rec_final_11-noH.pdb,19.9546
mol41,rec_6_mol41.sdf,rec_final_6-noH.pdb,18.7436
mol41,rec_7_mol41.sdf,rec_final_7-noH.pdb,17.3970
mol41,rec_15_mol41.sdf,rec_final_15-noH.pdb,17.1362
mol41,rec_1_mol41.sdf,rec_final_1-noH.pdb,15.5643
mol42,rec_14_mol42.sdf,rec_final_14-noH.pdb,27.4011
mol42,rec_5_mol42.sdf,rec_final_5-noH.pdb,27.0215
mol42,rec_20_mol42.sdf,rec_final_20-noH.pdb,25.1401
mol42,rec_2_mol42.sdf,rec_final_2-noH.pdb,24.0754
mol42,rec_16_mol42.sdf,rec_final_16-noH.pdb,23.9268
mol42,rec_11_mol42.sdf,rec_final_11-noH.pdb,23.8904
mol42,rec_19_mol42.sdf,rec_final_19-noH.pdb,23.7006
mol42,rec_12_mol42.sdf,rec_final_12-noH.pdb,23.6584
mol42,rec_6_mol42.sdf,rec_final_6-noH.pdb,23.1554
mol42,rec_1_mol42.sdf,rec_final_1-noH.pdb,22.0523
mol42,rec_15_mol42.sdf,rec_final_15-noH.pdb,21.9150
mol42,rec_18_mol42.sdf,rec_final_18-noH.pdb,21.4820
mol42,rec_4_mol42.sdf,rec_final_4-noH.pdb,21.1352
mol42,rec_7_mol42.sdf,rec_final_7-noH.pdb,19.4709
mol42,rec_9_mol42.sdf,rec_final_9-noH.pdb,17.7994
mol43,rec_14_mol43.sdf,rec_final_14-noH.pdb,23.0757
mol43,rec_20_mol43.sdf,rec_final_20-noH.pdb,22.5184
mol43,rec_12_mol43.sdf,rec_final_12-noH.pdb,21.9775
mol43,rec_6_mol43.sdf,rec_final_6-noH.pdb,21.8323
mol43,rec_19_mol43.sdf,rec_final_19-noH.pdb,21.5291
mol43,rec_18_mol43.sdf,rec_final_18-noH.pdb,21.4057
mol43,rec_13_mol43.sdf,rec_final_13-noH.pdb,20.8320
mol43,rec_8_mol43.sdf,rec_final_8-noH.pdb,20.7670
mol43,rec_4_mol43.sdf,rec_final_4-noH.pdb,20.7420
mol43,rec_7_mol43.sdf,rec_final_7-noH.pdb,20.5464
mol43,rec_16_mol43.sdf,rec_final_16-noH.pdb,19.8378
mol43,rec_11_mol43.sdf,rec_final_11-noH.pdb,19.2974
mol43,rec_5_mol43.sdf,rec_final_5-noH.pdb,18.9740
mol43,rec_15_mol43.sdf,rec_final_15-noH.pdb,18.6255
mol43,rec_2_mol43.sdf,rec_final_2-noH.pdb,17.5189
mol43,rec_1_mol43.sdf,rec_final_1-noH.pdb,17.2559
mol44,rec_14_mol44.sdf,rec_final_14-noH.pdb,21.6016
mol44,rec_20_mol44.sdf,rec_final_20-noH.pdb,21.3137
mol44,rec_16_mol44.sdf,rec_final_16-noH.pdb,21.0995
mol44,rec_9_mol44.sdf,rec_final_9-noH.pdb,20.4696
mol44,rec_2_mol44.sdf,rec_final_2-noH.pdb,20.3057
mol44,rec_12_mol44.sdf,rec_final_12-noH.pdb,19.9614
mol44,rec_5_mol44.sdf,rec_final_5-noH.pdb,19.7126
mol44,rec_19_mol44.sdf,rec_final_19-noH.pdb,19.3331
mol44,rec_15_mol44.sdf,rec_final_15-noH.pdb,19.1828
mol44,rec_18_mol44.sdf,rec_final_18-noH.pdb,18.9603
mol44,rec_4_mol44.sdf,rec_final_4-noH.pdb,18.6268
mol44,rec_6_mol44.sdf,rec_final_6-noH.pdb,18.2974
mol44,rec_11_mol44.sdf,rec_final_11-noH.pdb,18.0002
mol44,rec_7_mol44.sdf,rec_final_7-noH.pdb,15.1902
mol45,rec_20_mol45.sdf,rec_final_20-noH.pdb,22.6563
mol45,rec_2_mol45.sdf,rec_final_2-noH.pdb,22.5811
mol45,rec_14_mol45.sdf,rec_final_14-noH.pdb,21.9587
mol45,rec_16_mol45.sdf,rec_final_16-noH.pdb,21.4764
mol45,rec_6_mol45.sdf,rec_final_6-noH.pdb,20.2275
mol45,rec_18_mol45.sdf,rec_final_18-noH.pdb,20.2027
mol45,rec_5_mol45.sdf,rec_final_5-noH.pdb,19.9453
mol45,rec_11_mol45.sdf,rec_final_11-noH.pdb,19.6885
mol45,rec_4_mol45.sdf,rec_final_4-noH.pdb,19.6663
mol45,rec_12_mol45.sdf,rec_final_12-noH.pdb,19.3187
mol45,rec_9_mol45.sdf,rec_final_9-noH.pdb,19.3127
mol45,rec_19_mol45.sdf,rec_final_19-noH.pdb,19.1302
mol45,rec_15_mol45.sdf,rec_final_15-noH.pdb,19.0552
mol45,rec_1_mol45.sdf,rec_final_1-noH.pdb,18.0870
mol45,rec_7_mol45.sdf,rec_final_7-noH.pdb,16.1061
mol46,rec_14_mol46.sdf,rec_final_14-noH.pdb,28.9625
mol46,rec_5_mol46.sdf,rec_final_5-noH.pdb,28.8359
mol46,rec_6_mol46.sdf,rec_final_6-noH.pdb,23.3566
mol46,rec_11_mol46.sdf,rec_final_11-noH.pdb,23.2420
mol46,rec_2_mol46.sdf,rec_final_2-noH.pdb,22.6282
mol46,rec_20_mol46.sdf,rec_final_20-noH.pdb,22.5617
mol46,rec_16_mol46.sdf,rec_final_16-noH.pdb,22.2232
mol46,rec_4_mol46.sdf,rec_final_4-noH.pdb,22.0379
mol46,rec_18_mol46.sdf,rec_final_18-noH.pdb,21.9870
mol46,rec_12_mol46.sdf,rec_final_12-noH.pdb,21.4769
mol46,rec_19_mol46.sdf,rec_final_19-noH.pdb,20.7707
mol46,rec_9_mol46.sdf,rec_final_9-noH.pdb,20.4663
mol46,rec_15_mol46.sdf,rec_final_15-noH.pdb,19.3444
mol46,rec_7_mol46.sdf,rec_final_7-noH.pdb,18.5098
mol47,rec_16_mol47.sdf,rec_final_16-noH.pdb,22.6303
mol47,rec_14_mol47.sdf,rec_final_14-noH.pdb,22.5766
mol47,rec_20_mol47.sdf,rec_final_20-noH.pdb,21.7809
mol47,rec_19_mol47.sdf,rec_final_19-noH.pdb,20.3808
mol47,rec_2_mol47.sdf,rec_final_2-noH.pdb,19.8186
mol47,rec_15_mol47.sdf,rec_final_15-noH.pdb,19.4641
mol47,rec_9_mol47.sdf,rec_final_9-noH.pdb,19.3785
mol47,rec_5_mol47.sdf,rec_final_5-noH.pdb,18.8510
mol47,rec_6_mol47.sdf,rec_final_6-noH.pdb,18.8172
mol47,rec_18_mol47.sdf,rec_final_18-noH.pdb,18.6035
mol47,rec_1_mol47.sdf,rec_final_1-noH.pdb,18.4473
mol47,rec_12_mol47.sdf,rec_final_12-noH.pdb,18.3205
mol47,rec_4_mol47.sdf,rec_final_4-noH.pdb,17.5989
mol47,rec_11_mol47.sdf,rec_final_11-noH.pdb,17.5671
mol47,rec_13_mol47.sdf,rec_final_13-noH.pdb,17.4118
mol47,rec_7_mol47.sdf,rec_final_7-noH.pdb,14.4967
mol48,rec_12_mol48.sdf,rec_final_12-noH.pdb,15.9696
mol48,rec_2_mol48.sdf,rec_final_2-noH.pdb,15.7637
mol48,rec_14_mol48.sdf,rec_final_14-noH.pdb,15.4132
mol48,rec_18_mol48.sdf,rec_final_18-noH.pdb,15.1113
mol48,rec_5_mol48.sdf,rec_final_5-noH.pdb,14.9217
mol48,rec_16_mol48.sdf,rec_final_16-noH.pdb,14.6761
mol48,rec_15_mol48.sdf,rec_final_15-noH.pdb,14.4945
mol48,rec_4_mol48.sdf,rec_final_4-noH.pdb,14.4728
mol48,rec_19_mol48.sdf,rec_final_19-noH.pdb,14.2982
mol48,rec_11_mol48.sdf,rec_final_11-noH.pdb,14.1192
mol48,rec_7_mol48.sdf,rec_final_7-noH.pdb,13.6857
mol48,rec_20_mol48.sdf,rec_final_20-noH.pdb,12.1736
mol48,rec_13_mol48.sdf,rec_final_13-noH.pdb,11.4512
mol48,rec_1_mol48.sdf,rec_final_1-noH.pdb,11.1526
mol48,rec_9_mol48.sdf,rec_final_9-noH.pdb,10.6450
mol48,rec_6_mol48.sdf,rec_final_6-noH.pdb,9.3143
mol49,rec_2_mol49.sdf,rec_final_2-noH.pdb,19.2174
mol49,rec_15_mol49.sdf,rec_final_15-noH.pdb,18.3570
mol49,rec_18_mol49.sdf,rec_final_18-noH.pdb,18.1387
mol49,rec_20_mol49.sdf,rec_final_20-noH.pdb,17.2095
mol49,rec_16_mol49.sdf,rec_final_16-noH.pdb,17.1341
mol49,rec_19_mol49.sdf,rec_final_19-noH.pdb,15.4321
mol49,rec_12_mol49.sdf,rec_final_12-noH.pdb,15.4054
mol49,rec_14_mol49.sdf,rec_final_14-noH.pdb,15.0813
mol49,rec_11_mol49.sdf,rec_final_11-noH.pdb,15.0538
mol49,rec_4_mol49.sdf,rec_final_4-noH.pdb,14.3250
mol49,rec_6_mol49.sdf,rec_final_6-noH.pdb,13.8903
mol49,rec_5_mol49.sdf,rec_final_5-noH.pdb,13.6542
mol49,rec_7_mol49.sdf,rec_final_7-noH.pdb,13.6411
mol49,rec_13_mol49.sdf,rec_final_13-noH.pdb,12.8425
mol49,rec_9_mol49.sdf,rec_final_9-noH.pdb,11.2471
mol50,rec_13_mol50.sdf,rec_final_13-noH.pdb,18.0193
mol50,rec_9_mol50.sdf,rec_final_9-noH.pdb,17.1706
mol50,rec_5_mol50.sdf,rec_final_5-noH.pdb,17.1095
mol50,rec_18_mol50.sdf,rec_final_18-noH.pdb,17.0542
mol50,rec_6_mol50.sdf,rec_final_6-noH.pdb,16.6088
mol50,rec_12_mol50.sdf,rec_final_12-noH.pdb,16.4328
mol50,rec_11_mol50.sdf,rec_final_11-noH.pdb,16.3839
mol50,rec_2_mol50.sdf,rec_final_2-noH.pdb,15.9010
mol50,rec_19_mol50.sdf,rec_final_19-noH.pdb,15.4719
mol50,rec_16_mol50.sdf,rec_final_16-noH.pdb,15.4229
mol50,rec_7_mol50.sdf,rec_final_7-noH.pdb,14.5393
mol50,rec_14_mol50.sdf,rec_final_14-noH.pdb,14.2655
mol50,rec_20_mol50.sdf,rec_final_20-noH.pdb,14.2111
mol50,rec_1_mol50.sdf,rec_final_1-noH.pdb,13.4538
mol50,rec_4_mol50.sdf,rec_final_4-noH.pdb,12.8260
mol50,rec_15_mol50.sdf,rec_final_15-noH.pdb,11.8401
mol51,rec_6_mol51.sdf,rec_final_6-noH.pdb,28.0711
mol51,rec_20_mol51.sdf,rec_final_20-noH.pdb,27.1519
mol51,rec_19_mol51.sdf,rec_final_19-noH.pdb,26.9256
mol51,rec_4_mol51.sdf,rec_final_4-noH.pdb,26.1139
mol51,rec_1_mol51.sdf,rec_final_1-noH.pdb,25.7959
mol51,rec_11_mol51.sdf,rec_final_11-noH.pdb,25.7344
mol51,rec_14_mol51.sdf,rec_final_14-noH.pdb,25.5838
mol51,rec_18_mol51.sdf,rec_final_18-noH.pdb,24.2525
mol51,rec_9_mol51.sdf,rec_final_9-noH.pdb,23.9544
mol51,rec_16_mol51.sdf,rec_final_16-noH.pdb,23.1879
mol51,rec_15_mol51.sdf,rec_final_15-noH.pdb,22.9551
mol51,rec_5_mol51.sdf,rec_final_5-noH.pdb,22.4409
mol51,rec_2_mol51.sdf,rec_final_2-noH.pdb,22.1782
mol51,rec_7_mol51.sdf,rec_final_7-noH.pdb,22.0689
mol51,rec_12_mol51.sdf,rec_final_12-noH.pdb,21.8331
mol52,rec_5_mol52.sdf,rec_final_5-noH.pdb,30.7122
mol52,rec_20_mol52.sdf,rec_final_20-noH.pdb,27.4971
mol52,rec_15_mol52.sdf,rec_final_15-noH.pdb,26.9287
mol52,rec_16_mol52.sdf,rec_final_16-noH.pdb,26.7064
mol52,rec_2_mol52.sdf,rec_final_2-noH.pdb,26.0199
mol52,rec_14_mol52.sdf,rec_final_14-noH.pdb,25.9641
mol52,rec_9_mol52.sdf,rec_final_9-noH.pdb,25.5626
mol52,rec_6_mol52.sdf,rec_final_6-noH.pdb,25.4029
mol52,rec_18_mol52.sdf,rec_final_18-noH.pdb,24.9645
mol52,rec_4_mol52.sdf,rec_final_4-noH.pdb,24.9229
mol52,rec_1_mol52.sdf,rec_final_1-noH.pdb,24.8981
mol52,rec_19_mol52.sdf,rec_final_19-noH.pdb,24.8707
mol52,rec_11_mol52.sdf,rec_final_11-noH.pdb,23.7163
mol52,rec_12_mol52.sdf,rec_final_12-noH.pdb,22.5067
mol52,rec_7_mol52.sdf,rec_final_7-noH.pdb,20.4638
mol53,rec_5_mol53.sdf,rec_final_5-noH.pdb,29.3058
mol53,rec_19_mol53.sdf,rec_final_19-noH.pdb,27.2890
mol53,rec_20_mol53.sdf,rec_final_20-noH.pdb,27.2202
mol53,rec_2_mol53.sdf,rec_final_2-noH.pdb,26.9055
mol53,rec_16_mol53.sdf,rec_final_16-noH.pdb,26.4647
mol53,rec_11_mol53.sdf,rec_final_11-noH.pdb,26.4150
mol53,rec_15_mol53.sdf,rec_final_15-noH.pdb,24.8397
mol53,rec_12_mol53.sdf,rec_final_12-noH.pdb,24.0666
mol53,rec_14_mol53.sdf,rec_final_14-noH.pdb,23.7906
mol53,rec_6_mol53.sdf,rec_final_6-noH.pdb,23.5034
mol53,rec_18_mol53.sdf,rec_final_18-noH.pdb,22.9815
mol53,rec_4_mol53.sdf,rec_final_4-noH.pdb,22.0022
mol53,rec_7_mol53.sdf,rec_final_7-noH.pdb,21.5697
mol53,rec_1_mol53.sdf,rec_final_1-noH.pdb,17.6472
mol54,rec_2_mol54.sdf,rec_final_2-noH.pdb,28.5337
mol54,rec_4_mol54.sdf,rec_final_4-noH.pdb,28.4327
mol54,rec_20_mol54.sdf,rec_final_20-noH.pdb,27.4373
mol54,rec_19_mol54.sdf,rec_final_19-noH.pdb,27.2149
mol54,rec_18_mol54.sdf,rec_final_18-noH.pdb,26.8148
mol54,rec_9_mol54.sdf,rec_final_9-noH.pdb,26.6082
mol54,rec_16_mol54.sdf,rec_final_16-noH.pdb,26.2883
mol54,rec_15_mol54.sdf,rec_final_15-noH.pdb,26.1449
mol54,rec_5_mol54.sdf,rec_final_5-noH.pdb,25.4919
mol54,rec_1_mol54.sdf,rec_final_1-noH.pdb,25.1410
mol54,rec_6_mol54.sdf,rec_final_6-noH.pdb,24.6818
mol54,rec_11_mol54.sdf,rec_final_11-noH.pdb,24.5656
mol54,rec_14_mol54.sdf,rec_final_14-noH.pdb,23.8312
mol54,rec_7_mol54.sdf,rec_final_7-noH.pdb,21.1255
mol54,rec_12_mol54.sdf,rec_final_12-noH.pdb,19.9803
mol55,rec_14_mol55.sdf,rec_final_14-noH.pdb,27.6348
mol55,rec_5_mol55.sdf,rec_final_5-noH.pdb,25.6327
mol55,rec_6_mol55.sdf,rec_final_6-noH.pdb,25.4211
mol55,rec_12_mol55.sdf,rec_final_12-noH.pdb,25.1394
mol55,rec_16_mol55.sdf,rec_final_16-noH.pdb,24.4533
mol55,rec_7_mol55.sdf,rec_final_7-noH.pdb,22.9178
mol55,rec_11_mol55.sdf,rec_final_11-noH.pdb,22.9073
mol55,rec_4_mol55.sdf,rec_final_4-noH.pdb,21.5403
mol55,rec_1_mol55.sdf,rec_final_1-noH.pdb,20.5717
mol55,rec_19_mol55.sdf,rec_final_19-noH.pdb,20.0090
mol55,rec_2_mol55.sdf,rec_final_2-noH.pdb,19.6334
mol55,rec_15_mol55.sdf,rec_final_15-noH.pdb,19.3496
mol55,rec_18_mol55.sdf,rec_final_18-noH.pdb,17.6930
mol56,rec_14_mol56.sdf,rec_final_14-noH.pdb,16.4744
mol56,rec_2_mol56.sdf,rec_final_2-noH.pdb,15.8144
mol56,rec_12_mol56.sdf,rec_final_12-noH.pdb,15.4133
mol56,rec_5_mol56.sdf,rec_final_5-noH.pdb,15.2351
mol56,rec_16_mol56.sdf,rec_final_16-noH.pdb,15.2104
mol56,rec_18_mol56.sdf,rec_final_18-noH.pdb,15.0365
mol56,rec_11_mol56.sdf,rec_final_11-noH.pdb,14.8185
mol56,rec_4_mol56.sdf,rec_final_4-noH.pdb,14.0407
mol56,rec_15_mol56.sdf,rec_final_15-noH.pdb,13.7852
mol56,rec_19_mol56.sdf,rec_final_19-noH.pdb,13.7305
mol56,rec_20_mol56.sdf,rec_final_20-noH.pdb,13.6749
mol56,rec_7_mol56.sdf,rec_final_7-noH.pdb,13.0914
mol56,rec_1_mol56.sdf,rec_final_1-noH.pdb,13.0147
mol56,rec_9_mol56.sdf,rec_final_9-noH.pdb,12.4015
mol56,rec_13_mol56.sdf,rec_final_13-noH.pdb,12.2842
mol56,rec_6_mol56.sdf,rec_final_6-noH.pdb,11.0995
mol57,rec_14_mol57.sdf,rec_final_14-noH.pdb,31.9660
mol57,rec_15_mol57.sdf,rec_final_15-noH.pdb,28.0524
mol57,rec_20_mol57.sdf,rec_final_20-noH.pdb,27.9724
mol57,rec_2_mol57.sdf,rec_final_2-noH.pdb,26.8979
mol57,rec_19_mol57.sdf,rec_final_19-noH.pdb,26.7694
mol57,rec_18_mol57.sdf,rec_final_18-noH.pdb,26.3971
mol57,rec_16_mol57.sdf,rec_final_16-noH.pdb,26.3463
mol57,rec_9_mol57.sdf,rec_final_9-noH.pdb,26.2317
mol57,rec_5_mol57.sdf,rec_final_5-noH.pdb,26.1036
mol57,rec_4_mol57.sdf,rec_final_4-noH.pdb,23.8038
mol57,rec_12_mol57.sdf,rec_final_12-noH.pdb,23.3449
mol57,rec_11_mol57.sdf,rec_final_11-noH.pdb,22.8409
mol57,rec_6_mol57.sdf,rec_final_6-noH.pdb,20.8163
mol57,rec_7_mol57.sdf,rec_final_7-noH.pdb,20.4675
mol58,rec_18_mol58.sdf,rec_final_18-noH.pdb,25.9270
mol58,rec_5_mol58.sdf,rec_final_5-noH.pdb,22.7852
mol58,rec_4_mol58.sdf,rec_final_4-noH.pdb,22.5211
mol58,rec_12_mol58.sdf,rec_final_12-noH.pdb,22.4750
mol58,rec_15_mol58.sdf,rec_final_15-noH.pdb,21.7483
mol58,rec_2_mol58.sdf,rec_final_2-noH.pdb,21.7323
mol58,rec_19_mol58.sdf,rec_final_19-noH.pdb,21.2180
mol58,rec_16_mol58.sdf,rec_final_16-noH.pdb,20.7168
mol58,rec_1_mol58.sdf,rec_final_1-noH.pdb,20.3794
mol58,rec_6_mol58.sdf,rec_final_6-noH.pdb,20.1608
mol58,rec_11_mol58.sdf,rec_final_11-noH.pdb,19.5430
mol58,rec_7_mol58.sdf,rec_final_7-noH.pdb,19.2583
mol58,rec_14_mol58.sdf,rec_final_14-noH.pdb,18.2135
mol59,rec_5_mol59.sdf,rec_final_5-noH.pdb,23.1184
mol59,rec_2_mol59.sdf,rec_final_2-noH.pdb,22.7973
mol59,rec_12_mol59.sdf,rec_final_12-noH.pdb,22.6732
mol59,rec_4_mol59.sdf,rec_final_4-noH.pdb,22.5841
mol59,rec_11_mol59.sdf,rec_final_11-noH.pdb,20.9939
mol59,rec_19_mol59.sdf,rec_final_19-noH.pdb,20.8372
mol59,rec_6_mol59.sdf,rec_final_6-noH.pdb,20.4801
mol59,rec_16_mol59.sdf,rec_final_16-noH.pdb,20.2655
mol59,rec_18_mol59.sdf,rec_final_18-noH.pdb,20.2124
mol59,rec_15_mol59.sdf,rec_final_15-noH.pdb,20.0181
mol59,rec_14_mol59.sdf,rec_final_14-noH.pdb,19.7308
mol59,rec_1_mol59.sdf,rec_final_1-noH.pdb,19.1932
mol59,rec_7_mol59.sdf,rec_final_7-noH.pdb,18.9644
mol59,rec_9_mol59.sdf,rec_final_9-noH.pdb,17.1245
mol60,rec_13_mol60.sdf,rec_final_13-noH.pdb,18.0174
mol60,rec_9_mol60.sdf,rec_final_9-noH.pdb,17.1696
mol60,rec_5_mol60.sdf,rec_final_5-noH.pdb,17.1062
mol60,rec_18_mol60.sdf,rec_final_18-noH.pdb,17.0519
mol60,rec_6_mol60.sdf,rec_final_6-noH.pdb,16.6071
mol60,rec_12_mol60.sdf,rec_final_12-noH.pdb,16.4310
mol60,rec_2_mol60.sdf,rec_final_2-noH.pdb,15.8926
mol60,rec_19_mol60.sdf,rec_final_19-noH.pdb,15.4737
mol60,rec_16_mol60.sdf,rec_final_16-noH.pdb,15.4263
mol60,rec_7_mol60.sdf,rec_final_7-noH.pdb,14.5402
mol60,rec_14_mol60.sdf,rec_final_14-noH.pdb,14.2675
mol60,rec_20_mol60.sdf,rec_final_20-noH.pdb,14.2167
mol60,rec_1_mol60.sdf,rec_final_1-noH.pdb,13.4540
mol60,rec_4_mol60.sdf,rec_final_4-noH.pdb,12.8254
mol60,rec_11_mol60.sdf,rec_final_11-noH.pdb,12.2289
mol60,rec_15_mol60.sdf,rec_final_15-noH.pdb,11.8441
mol61,rec_5_mol61.sdf,rec_final_5-noH.pdb,27.3010
mol61,rec_7_mol61.sdf,rec_final_7-noH.pdb,26.9451
mol61,rec_2_mol61.sdf,rec_final_2-noH.pdb,26.3932
mol61,rec_20_mol61.sdf,rec_final_20-noH.pdb,25.7128
mol61,rec_12_mol61.sdf,rec_final_12-noH.pdb,25.4224
mol61,rec_11_mol61.sdf,rec_final_11-noH.pdb,25.1649
mol61,rec_15_mol61.sdf,rec_final_15-noH.pdb,24.1478
mol61,rec_19_mol61.sdf,rec_final_19-noH.pdb,23.8656
mol61,rec_4_mol61.sdf,rec_final_4-noH.pdb,23.6367
mol61,rec_16_mol61.sdf,rec_final_16-noH.pdb,23.2988
mol61,rec_14_mol61.sdf,rec_final_14-noH.pdb,22.3681
mol61,rec_6_mol61.sdf,rec_final_6-noH.pdb,20.5588
mol61,rec_18_mol61.sdf,rec_final_18-noH.pdb,20.3276
mol61,rec_1_mol61.sdf,rec_final_1-noH.pdb,20.1660
mol62,rec_6_mol62.sdf,rec_final_6-noH.pdb,26.5574
mol62,rec_14_mol62.sdf,rec_final_14-noH.pdb,25.4022
mol62,rec_20_mol62.sdf,rec_final_20-noH.pdb,23.7213
mol62,rec_12_mol62.sdf,rec_final_12-noH.pdb,22.0544
mol62,rec_5_mol62.sdf,rec_final_5-noH.pdb,21.9975
mol62,rec_8_mol62.sdf,rec_final_8-noH.pdb,21.7046
mol62,rec_2_mol62.sdf,rec_final_2-noH.pdb,20.9652
mol62,rec_19_mol62.sdf,rec_final_19-noH.pdb,20.7734
mol62,rec_4_mol62.sdf,rec_final_4-noH.pdb,20.5773
mol62,rec_15_mol62.sdf,rec_final_15-noH.pdb,20.5256
mol62,rec_9_mol62.sdf,rec_final_9-noH.pdb,20.4031
mol62,rec_18_mol62.sdf,rec_final_18-noH.pdb,20.0190
mol62,rec_11_mol62.sdf,rec_final_11-noH.pdb,19.0363
mol62,rec_7_mol62.sdf,rec_final_7-noH.pdb,18.7356
mol62,rec_16_mol62.sdf,rec_final_16-noH.pdb,18.5886
mol62,rec_13_mol62.sdf,rec_final_13-noH.pdb,18.5699
mol62,rec_1_mol62.sdf,rec_final_1-noH.pdb,18.5601
mol63,rec_14_mol63.sdf,rec_final_14-noH.pdb,27.6376
mol63,rec_5_mol63.sdf,rec_final_5-noH.pdb,25.6426
mol63,rec_6_mol63.sdf,rec_final_6-noH.pdb,25.4205
mol63,rec_12_mol63.sdf,rec_final_12-noH.pdb,25.1398
mol63,rec_16_mol63.sdf,rec_final_16-noH.pdb,24.4533
mol63,rec_7_mol63.sdf,rec_final_7-noH.pdb,22.9173
mol63,rec_11_mol63.sdf,rec_final_11-noH.pdb,22.9087
mol63,rec_4_mol63.sdf,rec_final_4-noH.pdb,21.5355
mol63,rec_1_mol63.sdf,rec_final_1-noH.pdb,20.5696
mol63,rec_19_mol63.sdf,rec_final_19-noH.pdb,20.0036
mol63,rec_2_mol63.sdf,rec_final_2-noH.pdb,19.6327
mol63,rec_15_mol63.sdf,rec_final_15-noH.pdb,19.3482
mol63,rec_18_mol63.sdf,rec_final_18-noH.pdb,17.7001
mol64,rec_14_mol64.sdf,rec_final_14-noH.pdb,21.8563
mol64,rec_16_mol64.sdf,rec_final_16-noH.pdb,21.3093
mol64,rec_20_mol64.sdf,rec_final_20-noH.pdb,20.6628
mol64,rec_11_mol64.sdf,rec_final_11-noH.pdb,20.6358
mol64,rec_4_mol64.sdf,rec_final_4-noH.pdb,20.5759
mol64,rec_5_mol64.sdf,rec_final_5-noH.pdb,20.2717
mol64,rec_12_mol64.sdf,rec_final_12-noH.pdb,20.2103
mol64,rec_1_mol64.sdf,rec_final_1-noH.pdb,19.9857
mol64,rec_6_mol64.sdf,rec_final_6-noH.pdb,19.4095
mol64,rec_2_mol64.sdf,rec_final_2-noH.pdb,19.3522
mol64,rec_19_mol64.sdf,rec_final_19-noH.pdb,19.2325
mol64,rec_15_mol64.sdf,rec_final_15-noH.pdb,19.2099
mol64,rec_18_mol64.sdf,rec_final_18-noH.pdb,19.0963
mol64,rec_13_mol64.sdf,rec_final_13-noH.pdb,18.4834
mol64,rec_9_mol64.sdf,rec_final_9-noH.pdb,18.0685
mol64,rec_7_mol64.sdf,rec_final_7-noH.pdb,16.1324
mol65,rec_20_mol65.sdf,rec_final_20-noH.pdb,25.1340
mol65,rec_12_mol65.sdf,rec_final_12-noH.pdb,21.2043
mol65,rec_13_mol65.sdf,rec_final_13-noH.pdb,21.1160
mol65,rec_6_mol65.sdf,rec_final_6-noH.pdb,21.0649
mol65,rec_19_mol65.sdf,rec_final_19-noH.pdb,20.2520
mol65,rec_14_mol65.sdf,rec_final_14-noH.pdb,20.1270
mol65,rec_9_mol65.sdf,rec_final_9-noH.pdb,19.6816
mol65,rec_2_mol65.sdf,rec_final_2-noH.pdb,19.0970
mol65,rec_16_mol65.sdf,rec_final_16-noH.pdb,18.5165
mol65,rec_5_mol65.sdf,rec_final_5-noH.pdb,18.0359
mol65,rec_18_mol65.sdf,rec_final_18-noH.pdb,17.7080
mol65,rec_7_mol65.sdf,rec_final_7-noH.pdb,17.0205
mol65,rec_1_mol65.sdf,rec_final_1-noH.pdb,17.0089
mol65,rec_4_mol65.sdf,rec_final_4-noH.pdb,15.4231
mol66,rec_14_mol66.sdf,rec_final_14-noH.pdb,22.7576
mol66,rec_15_mol66.sdf,rec_final_15-noH.pdb,19.8461
mol66,rec_7_mol66.sdf,rec_final_7-noH.pdb,19.1086
mol66,rec_1_mol66.sdf,rec_final_1-noH.pdb,16.8282
mol66,rec_20_mol66.sdf,rec_final_20-noH.pdb,14.6460
mol66,rec_12_mol66.sdf,rec_final_12-noH.pdb,14.0060
mol66,rec_19_mol66.sdf,rec_final_19-noH.pdb,13.9579
mol66,rec_18_mol66.sdf,rec_final_18-noH.pdb,13.9088
mol66,rec_16_mol66.sdf,rec_final_16-noH.pdb,13.1436
mol66,rec_13_mol66.sdf,rec_final_13-noH.pdb,13.0856
mol66,rec_5_mol66.sdf,rec_final_5-noH.pdb,12.9875
mol66,rec_11_mol66.sdf,rec_final_11-noH.pdb,12.8307
mol66,rec_4_mol66.sdf,rec_final_4-noH.pdb,12.2958
mol66,rec_2_mol66.sdf,rec_final_2-noH.pdb,11.8901
mol66,rec_6_mol66.sdf,rec_final_6-noH.pdb,11.2493
mol66,rec_9_mol66.sdf,rec_final_9-noH.pdb,10.9015
mol67,rec_16_mol67.sdf,rec_final_16-noH.pdb,26.1136
mol67,rec_14_mol67.sdf,rec_final_14-noH.pdb,24.5299
mol67,rec_6_mol67.sdf,rec_final_6-noH.pdb,24.3452
mol67,rec_15_mol67.sdf,rec_final_15-noH.pdb,23.7828
mol67,rec_9_mol67.sdf,rec_final_9-noH.pdb,23.3857
mol67,rec_4_mol67.sdf,rec_final_4-noH.pdb,23.1086
mol67,rec_2_mol67.sdf,rec_final_2-noH.pdb,23.0044
mol67,rec_12_mol67.sdf,rec_final_12-noH.pdb,22.6623
mol67,rec_20_mol67.sdf,rec_final_20-noH.pdb,22.6251
mol67,rec_5_mol67.sdf,rec_final_5-noH.pdb,22.0273
mol67,rec_11_mol67.sdf,rec_final_11-noH.pdb,21.9100
mol67,rec_7_mol67.sdf,rec_final_7-noH.pdb,20.7361
mol67,rec_19_mol67.sdf,rec_final_19-noH.pdb,20.3384
mol67,rec_18_mol67.sdf,rec_final_18-noH.pdb,20.2622
mol67,rec_1_mol67.sdf,rec_final_1-noH.pdb,18.6717
mol68,rec_14_mol68.sdf,rec_final_14-noH.pdb,27.6190
mol68,rec_19_mol68.sdf,rec_final_19-noH.pdb,24.1081
mol68,rec_16_mol68.sdf,rec_final_16-noH.pdb,22.4386
mol68,rec_6_mol68.sdf,rec_final_6-noH.pdb,22.3248
mol68,rec_20_mol68.sdf,rec_final_20-noH.pdb,21.8596
mol68,rec_4_mol68.sdf,rec_final_4-noH.pdb,21.8127
mol68,rec_12_mol68.sdf,rec_final_12-noH.pdb,21.5410
mol68,rec_5_mol68.sdf,rec_final_5-noH.pdb,21.1755
mol68,rec_2_mol68.sdf,rec_final_2-noH.pdb,20.4954
mol68,rec_13_mol68.sdf,rec_final_13-noH.pdb,20.4058
mol68,rec_15_mol68.sdf,rec_final_15-noH.pdb,20.2050
mol68,rec_11_mol68.sdf,rec_final_11-noH.pdb,19.9893
mol68,rec_18_mol68.sdf,rec_final_18-noH.pdb,19.4309
mol68,rec_1_mol68.sdf,rec_final_1-noH.pdb,19.0746
mol68,rec_7_mol68.sdf,rec_final_7-noH.pdb,18.2198
mol69,rec_18_mol69.sdf,rec_final_18-noH.pdb,21.8239
mol69,rec_12_mol69.sdf,rec_final_12-noH.pdb,21.4237
mol69,rec_1_mol69.sdf,rec_final_1-noH.pdb,20.5210
mol69,rec_13_mol69.sdf,rec_final_13-noH.pdb,20.2901
mol69,rec_2_mol69.sdf,rec_final_2-noH.pdb,19.3719
mol69,rec_7_mol69.sdf,rec_final_7-noH.pdb,18.4942
mol69,rec_14_mol69.sdf,rec_final_14-noH.pdb,18.1184
mol69,rec_16_mol69.sdf,rec_final_16-noH.pdb,17.9478
mol69,rec_20_mol69.sdf,rec_final_20-noH.pdb,17.5578
mol69,rec_11_mol69.sdf,rec_final_11-noH.pdb,17.4385
mol69,rec_6_mol69.sdf,rec_final_6-noH.pdb,17.1016
mol69,rec_19_mol69.sdf,rec_final_19-noH.pdb,16.8340
mol69,rec_4_mol69.sdf,rec_final_4-noH.pdb,16.8069
mol69,rec_9_mol69.sdf,rec_final_9-noH.pdb,16.1199
mol69,rec_5_mol69.sdf,rec_final_5-noH.pdb,16.0994
mol69,rec_15_mol69.sdf,rec_final_15-noH.pdb,15.9997
mol70,rec_14_mol70.sdf,rec_final_14-noH.pdb,29.0964
mol70,rec_12_mol70.sdf,rec_final_12-noH.pdb,21.6480
mol70,rec_2_mol70.sdf,rec_final_2-noH.pdb,21.6267
mol70,rec_7_mol70.sdf,rec_final_7-noH.pdb,21.5751
mol70,rec_16_mol70.sdf,rec_final_16-noH.pdb,21.4697
mol70,rec_4_mol70.sdf,rec_final_4-noH.pdb,21.4294
mol70,rec_19_mol70.sdf,rec_final_19-noH.pdb,21.3397
mol70,rec_15_mol70.sdf,rec_final_15-noH.pdb,21.3363
mol70,rec_20_mol70.sdf,rec_final_20-noH.pdb,21.3215
mol70,rec_5_mol70.sdf,rec_final_5-noH.pdb,21.2404
mol70,rec_6_mol70.sdf,rec_final_6-noH.pdb,21.0741
mol70,rec_18_mol70.sdf,rec_final_18-noH.pdb,20.8141
mol70,rec_1_mol70.sdf,rec_final_1-noH.pdb,19.9324
mol70,rec_11_mol70.sdf,rec_final_11-noH.pdb,19.6491
mol71,rec_20_mol71.sdf,rec_final_20-noH.pdb,23.2480
mol71,rec_1_mol71.sdf,rec_final_1-noH.pdb,22.2484
mol71,rec_6_mol71.sdf,rec_final_6-noH.pdb,22.1635
mol71,rec_4_mol71.sdf,rec_final_4-noH.pdb,22.0988
mol71,rec_12_mol71.sdf,rec_final_12-noH.pdb,21.8504
mol71,rec_13_mol71.sdf,rec_final_13-noH.pdb,21.3221
mol71,rec_19_mol71.sdf,rec_final_19-noH.pdb,21.0010
mol71,rec_5_mol71.sdf,rec_final_5-noH.pdb,20.9341
mol71,rec_16_mol71.sdf,rec_final_16-noH.pdb,20.1911
mol71,rec_11_mol71.sdf,rec_final_11-noH.pdb,20.0644
mol71,rec_18_mol71.sdf,rec_final_18-noH.pdb,19.3319
mol71,rec_7_mol71.sdf,rec_final_7-noH.pdb,19.0755
mol71,rec_15_mol71.sdf,rec_final_15-noH.pdb,18.6215
mol71,rec_14_mol71.sdf,rec_final_14-noH.pdb,18.3699
mol71,rec_2_mol71.sdf,rec_final_2-noH.pdb,17.2370
mol72,rec_20_mol72.sdf,rec_final_20-noH.pdb,23.4487
mol72,rec_2_mol72.sdf,rec_final_2-noH.pdb,23.0123
mol72,rec_9_mol72.sdf,rec_final_9-noH.pdb,21.9905
mol72,rec_6_mol72.sdf,rec_final_6-noH.pdb,21.5295
mol72,rec_4_mol72.sdf,rec_final_4-noH.pdb,21.2236
mol72,rec_5_mol72.sdf,rec_final_5-noH.pdb,21.1638
mol72,rec_13_mol72.sdf,rec_final_13-noH.pdb,21.1122
mol72,rec_11_mol72.sdf,rec_final_11-noH.pdb,21.0273
mol72,rec_14_mol72.sdf,rec_final_14-noH.pdb,20.5225
mol72,rec_19_mol72.sdf,rec_final_19-noH.pdb,20.3824
mol72,rec_18_mol72.sdf,rec_final_18-noH.pdb,20.3705
mol72,rec_16_mol72.sdf,rec_final_16-noH.pdb,20.2516
mol72,rec_1_mol72.sdf,rec_final_1-noH.pdb,20.1931
mol72,rec_12_mol72.sdf,rec_final_12-noH.pdb,19.9635
mol72,rec_15_mol72.sdf,rec_final_15-noH.pdb,18.6513
mol72,rec_7_mol72.sdf,rec_final_7-noH.pdb,16.5913
mol73,rec_20_mol73.sdf,rec_final_20-noH.pdb,21.4978
mol73,rec_7_mol73.sdf,rec_final_7-noH.pdb,20.9375
mol73,rec_14_mol73.sdf,rec_final_14-noH.pdb,20.9215
mol73,rec_4_mol73.sdf,rec_final_4-noH.pdb,20.4931
mol73,rec_15_mol73.sdf,rec_final_15-noH.pdb,19.5842
mol73,rec_9_mol73.sdf,rec_final_9-noH.pdb,19.3067
mol73,rec_19_mol73.sdf,rec_final_19-noH.pdb,18.8486
mol73,rec_5_mol73.sdf,rec_final_5-noH.pdb,18.2516
mol73,rec_6_mol73.sdf,rec_final_6-noH.pdb,18.1882
mol73,rec_12_mol73.sdf,rec_final_12-noH.pdb,18.1664
mol73,rec_18_mol73.sdf,rec_final_18-noH.pdb,18.0326
mol73,rec_2_mol73.sdf,rec_final_2-noH.pdb,17.3393
mol73,rec_13_mol73.sdf,rec_final_13-noH.pdb,17.1962
mol73,rec_16_mol73.sdf,rec_final_16-noH.pdb,17.1124
mol73,rec_1_mol73.sdf,rec_final_1-noH.pdb,16.8734
mol73,rec_11_mol73.sdf,rec_final_11-noH.pdb,15.3020
mol74,rec_20_mol74.sdf,rec_final_20-noH.pdb,23.1947
mol74,rec_5_mol74.sdf,rec_final_5-noH.pdb,22.1100
mol74,rec_14_mol74.sdf,rec_final_14-noH.pdb,21.2836
mol74,rec_12_mol74.sdf,rec_final_12-noH.pdb,21.2707
mol74,rec_4_mol74.sdf,rec_final_4-noH.pdb,21.1389
mol74,rec_16_mol74.sdf,rec_final_16-noH.pdb,20.7298
mol74,rec_2_mol74.sdf,rec_final_2-noH.pdb,20.6433
mol74,rec_15_mol74.sdf,rec_final_15-noH.pdb,20.5869
mol74,rec_6_mol74.sdf,rec_final_6-noH.pdb,20.5538
mol74,rec_19_mol74.sdf,rec_final_19-noH.pdb,20.0957
mol74,rec_11_mol74.sdf,rec_final_11-noH.pdb,19.8903
mol74,rec_18_mol74.sdf,rec_final_18-noH.pdb,19.6044
mol74,rec_13_mol74.sdf,rec_final_13-noH.pdb,19.3785
mol74,rec_1_mol74.sdf,rec_final_1-noH.pdb,18.7110
mol74,rec_7_mol74.sdf,rec_final_7-noH.pdb,17.7610
mol75,rec_15_mol75.sdf,rec_final_15-noH.pdb,24.0334
mol75,rec_18_mol75.sdf,rec_final_18-noH.pdb,23.7391
mol75,rec_16_mol75.sdf,rec_final_16-noH.pdb,23.5447
mol75,rec_19_mol75.sdf,rec_final_19-noH.pdb,23.5257
mol75,rec_6_mol75.sdf,rec_final_6-noH.pdb,23.3911
mol75,rec_5_mol75.sdf,rec_final_5-noH.pdb,23.2228
mol75,rec_20_mol75.sdf,rec_final_20-noH.pdb,22.9756
mol75,rec_11_mol75.sdf,rec_final_11-noH.pdb,20.8458
mol75,rec_4_mol75.sdf,rec_final_4-noH.pdb,19.8837
mol75,rec_7_mol75.sdf,rec_final_7-noH.pdb,19.4033
mol75,rec_12_mol75.sdf,rec_final_12-noH.pdb,18.6394
mol75,rec_14_mol75.sdf,rec_final_14-noH.pdb,18.2279
mol75,rec_2_mol75.sdf,rec_final_2-noH.pdb,17.7622
mol76,rec_20_mol76.sdf,rec_final_20-noH.pdb,23.1928
mol76,rec_4_mol76.sdf,rec_final_4-noH.pdb,20.8076
mol76,rec_12_mol76.sdf,rec_final_12-noH.pdb,20.3798
mol76,rec_16_mol76.sdf,rec_final_16-noH.pdb,20.2375
mol76,rec_5_mol76.sdf,rec_final_5-noH.pdb,20.0235
mol76,rec_14_mol76.sdf,rec_final_14-noH.pdb,19.6818
mol76,rec_11_mol76.sdf,rec_final_11-noH.pdb,19.3769
mol76,rec_2_mol76.sdf,rec_final_2-noH.pdb,19.1369
mol76,rec_15_mol76.sdf,rec_final_15-noH.pdb,18.9633
mol76,rec_19_mol76.sdf,rec_final_19-noH.pdb,18.7197
mol76,rec_6_mol76.sdf,rec_final_6-noH.pdb,18.5071
mol76,rec_13_mol76.sdf,rec_final_13-noH.pdb,18.0776
mol76,rec_7_mol76.sdf,rec_final_7-noH.pdb,17.9136
mol76,rec_18_mol76.sdf,rec_final_18-noH.pdb,17.5753
mol76,rec_9_mol76.sdf,rec_final_9-noH.pdb,17.4846
mol76,rec_1_mol76.sdf,rec_final_1-noH.pdb,16.2384
mol77,rec_15_mol77.sdf,rec_final_15-noH.pdb,21.1377
mol77,rec_12_mol77.sdf,rec_final_12-noH.pdb,20.7255
mol77,rec_16_mol77.sdf,rec_final_16-noH.pdb,20.6209
mol77,rec_14_mol77.sdf,rec_final_14-noH.pdb,20.3667
mol77,rec_4_mol77.sdf,rec_final_4-noH.pdb,20.2339
mol77,rec_11_mol77.sdf,rec_final_11-noH.pdb,20.1630
mol77,rec_20_mol77.sdf,rec_final_20-noH.pdb,19.4341
mol77,rec_6_mol77.sdf,rec_final_6-noH.pdb,18.9986
mol77,rec_5_mol77.sdf,rec_final_5-noH.pdb,18.9329
mol77,rec_18_mol77.sdf,rec_final_18-noH.pdb,18.7041
mol77,rec_9_mol77.sdf,rec_final_9-noH.pdb,18.5515
mol77,rec_19_mol77.sdf,rec_final_19-noH.pdb,18.3753
mol77,rec_2_mol77.sdf,rec_final_2-noH.pdb,16.9866
mol77,rec_7_mol77.sdf,rec_final_7-noH.pdb,16.3974
mol77,rec_13_mol77.sdf,rec_final_13-noH.pdb,14.8933
mol79,rec_14_mol79.sdf,rec_final_14-noH.pdb,16.8121
mol79,rec_2_mol79.sdf,rec_final_2-noH.pdb,16.0594
mol79,rec_5_mol79.sdf,rec_final_5-noH.pdb,15.1556
mol79,rec_15_mol79.sdf,rec_final_15-noH.pdb,15.1060
mol79,rec_18_mol79.sdf,rec_final_18-noH.pdb,14.6250
mol79,rec_13_mol79.sdf,rec_final_13-noH.pdb,13.9634
mol79,rec_9_mol79.sdf,rec_final_9-noH.pdb,13.1370
mol79,rec_6_mol79.sdf,rec_final_6-noH.pdb,12.9801
mol79,rec_16_mol79.sdf,rec_final_16-noH.pdb,12.6117
mol79,rec_20_mol79.sdf,rec_final_20-noH.pdb,12.4251
mol79,rec_12_mol79.sdf,rec_final_12-noH.pdb,12.2174
mol79,rec_11_mol79.sdf,rec_final_11-noH.pdb,12.0703
mol79,rec_7_mol79.sdf,rec_final_7-noH.pdb,11.7191
mol79,rec_1_mol79.sdf,rec_final_1-noH.pdb,11.3012
mol79,rec_19_mol79.sdf,rec_final_19-noH.pdb,10.8136
mol79,rec_4_mol79.sdf,rec_final_4-noH.pdb,10.6330
mol80,rec_20_mol80.sdf,rec_final_20-noH.pdb,25.4889
mol80,rec_7_mol80.sdf,rec_final_7-noH.pdb,24.0015
mol80,rec_6_mol80.sdf,rec_final_6-noH.pdb,22.3386
mol80,rec_1_mol80.sdf,rec_final_1-noH.pdb,22.1534
mol80,rec_12_mol80.sdf,rec_final_12-noH.pdb,21.7732
mol80,rec_13_mol80.sdf,rec_final_13-noH.pdb,21.5045
mol80,rec_2_mol80.sdf,rec_final_2-noH.pdb,21.2454
mol80,rec_11_mol80.sdf,rec_final_11-noH.pdb,21.0981
mol80,rec_19_mol80.sdf,rec_final_19-noH.pdb,21.0607
mol80,rec_16_mol80.sdf,rec_final_16-noH.pdb,20.5962
mol80,rec_9_mol80.sdf,rec_final_9-noH.pdb,20.2782
mol80,rec_4_mol80.sdf,rec_final_4-noH.pdb,20.0281
mol80,rec_5_mol80.sdf,rec_final_5-noH.pdb,19.8104
mol80,rec_18_mol80.sdf,rec_final_18-noH.pdb,19.6352
mol80,rec_15_mol80.sdf,rec_final_15-noH.pdb,19.0743
mol80,rec_14_mol80.sdf,rec_final_14-noH.pdb,18.5961
mol81,rec_16_mol81.sdf,rec_final_16-noH.pdb,22.8035
mol81,rec_6_mol81.sdf,rec_final_6-noH.pdb,22.3213
mol81,rec_12_mol81.sdf,rec_final_12-noH.pdb,21.5608
mol81,rec_4_mol81.sdf,rec_final_4-noH.pdb,21.4570
mol81,rec_13_mol81.sdf,rec_final_13-noH.pdb,21.3981
mol81,rec_5_mol81.sdf,rec_final_5-noH.pdb,21.3060
mol81,rec_19_mol81.sdf,rec_final_19-noH.pdb,20.9125
mol81,rec_15_mol81.sdf,rec_final_15-noH.pdb,20.4684
mol81,rec_2_mol81.sdf,rec_final_2-noH.pdb,20.3298
mol81,rec_1_mol81.sdf,rec_final_1-noH.pdb,19.7241
mol81,rec_18_mol81.sdf,rec_final_18-noH.pdb,19.6782
mol81,rec_11_mol81.sdf,rec_final_11-noH.pdb,19.0130
mol81,rec_7_mol81.sdf,rec_final_7-noH.pdb,18.9803
mol81,rec_14_mol81.sdf,rec_final_14-noH.pdb,18.9054
mol82,rec_14_mol82.sdf,rec_final_14-noH.pdb,24.3969
mol82,rec_20_mol82.sdf,rec_final_20-noH.pdb,22.5399
mol82,rec_4_mol82.sdf,rec_final_4-noH.pdb,22.5127
mol82,rec_16_mol82.sdf,rec_final_16-noH.pdb,21.9030
mol82,rec_12_mol82.sdf,rec_final_12-noH.pdb,21.3997
mol82,rec_5_mol82.sdf,rec_final_5-noH.pdb,21.0751
mol82,rec_2_mol82.sdf,rec_final_2-noH.pdb,20.7915
mol82,rec_15_mol82.sdf,rec_final_15-noH.pdb,20.6862
mol82,rec_11_mol82.sdf,rec_final_11-noH.pdb,20.6695
mol82,rec_6_mol82.sdf,rec_final_6-noH.pdb,20.5725
mol82,rec_1_mol82.sdf,rec_final_1-noH.pdb,20.2147
mol82,rec_19_mol82.sdf,rec_final_19-noH.pdb,20.1963
mol82,rec_18_mol82.sdf,rec_final_18-noH.pdb,19.5732
mol82,rec_7_mol82.sdf,rec_final_7-noH.pdb,18.5639
mol83,rec_14_mol83.sdf,rec_final_14-noH.pdb,22.6339
mol83,rec_4_mol83.sdf,rec_final_4-noH.pdb,21.9438
mol83,rec_16_mol83.sdf,rec_final_16-noH.pdb,21.7206
mol83,rec_13_mol83.sdf,rec_final_13-noH.pdb,21.5956
mol83,rec_20_mol83.sdf,rec_final_20-noH.pdb,21.5210
mol83,rec_5_mol83.sdf,rec_final_5-noH.pdb,21.3538
mol83,rec_2_mol83.sdf,rec_final_2-noH.pdb,21.0445
mol83,rec_11_mol83.sdf,rec_final_11-noH.pdb,21.0036
mol83,rec_9_mol83.sdf,rec_final_9-noH.pdb,20.8378
mol83,rec_12_mol83.sdf,rec_final_12-noH.pdb,20.7373
mol83,rec_15_mol83.sdf,rec_final_15-noH.pdb,20.2437
mol83,rec_18_mol83.sdf,rec_final_18-noH.pdb,20.1344
mol83,rec_19_mol83.sdf,rec_final_19-noH.pdb,19.8866
mol83,rec_6_mol83.sdf,rec_final_6-noH.pdb,19.8420
mol83,rec_7_mol83.sdf,rec_final_7-noH.pdb,18.3045
mol83,rec_1_mol83.sdf,rec_final_1-noH.pdb,18.1407
mol84,rec_20_mol84.sdf,rec_final_20-noH.pdb,23.2504
mol84,rec_2_mol84.sdf,rec_final_2-noH.pdb,22.4216
mol84,rec_18_mol84.sdf,rec_final_18-noH.pdb,21.9361
mol84,rec_6_mol84.sdf,rec_final_6-noH.pdb,21.6662
mol84,rec_5_mol84.sdf,rec_final_5-noH.pdb,21.4877
mol84,rec_19_mol84.sdf,rec_final_19-noH.pdb,20.7185
mol84,rec_4_mol84.sdf,rec_final_4-noH.pdb,20.6692
mol84,rec_12_mol84.sdf,rec_final_12-noH.pdb,20.5464
mol84,rec_14_mol84.sdf,rec_final_14-noH.pdb,20.0656
mol84,rec_15_mol84.sdf,rec_final_15-noH.pdb,20.0249
mol84,rec_16_mol84.sdf,rec_final_16-noH.pdb,19.3899
mol84,rec_13_mol84.sdf,rec_final_13-noH.pdb,19.2843
mol84,rec_9_mol84.sdf,rec_final_9-noH.pdb,19.0724
mol84,rec_11_mol84.sdf,rec_final_11-noH.pdb,18.6213
mol84,rec_1_mol84.sdf,rec_final_1-noH.pdb,18.2294
mol84,rec_7_mol84.sdf,rec_final_7-noH.pdb,17.9387
mol85,rec_16_mol85.sdf,rec_final_16-noH.pdb,23.3538
mol85,rec_20_mol85.sdf,rec_final_20-noH.pdb,23.1321
mol85,rec_5_mol85.sdf,rec_final_5-noH.pdb,22.5058
mol85,rec_14_mol85.sdf,rec_final_14-noH.pdb,22.0541
mol85,rec_6_mol85.sdf,rec_final_6-noH.pdb,21.8576
mol85,rec_12_mol85.sdf,rec_final_12-noH.pdb,21.7896
mol85,rec_19_mol85.sdf,rec_final_19-noH.pdb,21.4248
mol85,rec_13_mol85.sdf,rec_final_13-noH.pdb,21.0742
mol85,rec_4_mol85.sdf,rec_final_4-noH.pdb,21.0635
mol85,rec_15_mol85.sdf,rec_final_15-noH.pdb,20.8425
mol85,rec_2_mol85.sdf,rec_final_2-noH.pdb,20.5885
mol85,rec_11_mol85.sdf,rec_final_11-noH.pdb,20.4048
mol85,rec_18_mol85.sdf,rec_final_18-noH.pdb,20.2312
mol85,rec_7_mol85.sdf,rec_final_7-noH.pdb,18.5134
mol86,rec_18_mol86.sdf,rec_final_18-noH.pdb,25.1159
mol86,rec_1_mol86.sdf,rec_final_1-noH.pdb,24.6695
mol86,rec_6_mol86.sdf,rec_final_6-noH.pdb,24.3671
mol86,rec_20_mol86.sdf,rec_final_20-noH.pdb,24.1311
mol86,rec_14_mol86.sdf,rec_final_14-noH.pdb,24.0793
mol86,rec_19_mol86.sdf,rec_final_19-noH.pdb,24.0747
mol86,rec_16_mol86.sdf,rec_final_16-noH.pdb,23.8441
mol86,rec_5_mol86.sdf,rec_final_5-noH.pdb,23.7935
mol86,rec_2_mol86.sdf,rec_final_2-noH.pdb,23.6868
mol86,rec_9_mol86.sdf,rec_final_9-noH.pdb,22.5248
mol86,rec_12_mol86.sdf,rec_final_12-noH.pdb,22.3002
mol86,rec_4_mol86.sdf,rec_final_4-noH.pdb,22.1453
mol86,rec_11_mol86.sdf,rec_final_11-noH.pdb,21.8711
mol86,rec_15_mol86.sdf,rec_final_15-noH.pdb,21.8435
mol86,rec_7_mol86.sdf,rec_final_7-noH.pdb,19.9081
mol87,rec_20_mol87.sdf,rec_final_20-noH.pdb,25.4923
mol87,rec_5_mol87.sdf,rec_final_5-noH.pdb,25.2756
mol87,rec_2_mol87.sdf,rec_final_2-noH.pdb,24.5853
mol87,rec_11_mol87.sdf,rec_final_11-noH.pdb,24.3993
mol87,rec_12_mol87.sdf,rec_final_12-noH.pdb,24.2785
mol87,rec_1_mol87.sdf,rec_final_1-noH.pdb,23.2550
mol87,rec_19_mol87.sdf,rec_final_19-noH.pdb,23.0916
mol87,rec_16_mol87.sdf,rec_final_16-noH.pdb,22.7614
mol87,rec_4_mol87.sdf,rec_final_4-noH.pdb,22.0516
mol87,rec_6_mol87.sdf,rec_final_6-noH.pdb,21.8369
mol87,rec_15_mol87.sdf,rec_final_15-noH.pdb,21.6946
mol87,rec_18_mol87.sdf,rec_final_18-noH.pdb,21.0540
mol87,rec_14_mol87.sdf,rec_final_14-noH.pdb,20.3822
mol87,rec_8_mol87.sdf,rec_final_8-noH.pdb,16.8074
mol87,rec_7_mol87.sdf,rec_final_7-noH.pdb,16.8045
mol88,rec_1_mol88.sdf,rec_final_1-noH.pdb,23.5290
mol88,rec_12_mol88.sdf,rec_final_12-noH.pdb,23.4544
mol88,rec_6_mol88.sdf,rec_final_6-noH.pdb,20.7218
mol88,rec_11_mol88.sdf,rec_final_11-noH.pdb,20.7037
mol88,rec_4_mol88.sdf,rec_final_4-noH.pdb,20.5757
mol88,rec_14_mol88.sdf,rec_final_14-noH.pdb,20.0796
mol88,rec_16_mol88.sdf,rec_final_16-noH.pdb,19.7969
mol88,rec_2_mol88.sdf,rec_final_2-noH.pdb,19.3590
mol88,rec_13_mol88.sdf,rec_final_13-noH.pdb,18.9803
mol88,rec_9_mol88.sdf,rec_final_9-noH.pdb,18.9603
mol88,rec_15_mol88.sdf,rec_final_15-noH.pdb,18.7635
mol88,rec_18_mol88.sdf,rec_final_18-noH.pdb,18.5339
mol88,rec_20_mol88.sdf,rec_final_20-noH.pdb,18.0303
mol88,rec_7_mol88.sdf,rec_final_7-noH.pdb,17.9550
mol88,rec_19_mol88.sdf,rec_final_19-noH.pdb,17.4281
mol88,rec_8_mol88.sdf,rec_final_8-noH.pdb,17.1927
mol88,rec_5_mol88.sdf,rec_final_5-noH.pdb,17.1848
mol89,rec_6_mol89.sdf,rec_final_6-noH.pdb,16.8893
mol89,rec_14_mol89.sdf,rec_final_14-noH.pdb,16.3616
mol89,rec_2_mol89.sdf,rec_final_2-noH.pdb,15.8808
mol89,rec_12_mol89.sdf,rec_final_12-noH.pdb,15.6606
mol89,rec_5_mol89.sdf,rec_final_5-noH.pdb,15.5916
mol89,rec_16_mol89.sdf,rec_final_16-noH.pdb,15.5647
mol89,rec_4_mol89.sdf,rec_final_4-noH.pdb,15.1489
mol89,rec_18_mol89.sdf,rec_final_18-noH.pdb,14.8866
mol89,rec_11_mol89.sdf,rec_final_11-noH.pdb,14.7576
mol89,rec_19_mol89.sdf,rec_final_19-noH.pdb,14.4810
mol89,rec_7_mol89.sdf,rec_final_7-noH.pdb,13.5909
mol89,rec_9_mol89.sdf,rec_final_9-noH.pdb,12.6526
mol89,rec_20_mol89.sdf,rec_final_20-noH.pdb,12.2811
mol89,rec_13_mol89.sdf,rec_final_13-noH.pdb,12.1378
mol89,rec_15_mol89.sdf,rec_final_15-noH.pdb,11.7379
mol89,rec_1_mol89.sdf,rec_final_1-noH.pdb,9.0748
mol90,rec_4_mol90.sdf,rec_final_4-noH.pdb,21.7523
mol90,rec_20_mol90.sdf,rec_final_20-noH.pdb,21.5382
mol90,rec_9_mol90.sdf,rec_final_9-noH.pdb,20.4556
mol90,rec_6_mol90.sdf,rec_final_6-noH.pdb,20.3575
mol90,rec_19_mol90.sdf,rec_final_19-noH.pdb,20.0967
mol90,rec_5_mol90.sdf,rec_final_5-noH.pdb,20.0643
mol90,rec_18_mol90.sdf,rec_final_18-noH.pdb,19.7996
mol90,rec_14_mol90.sdf,rec_final_14-noH.pdb,19.6650
mol90,rec_12_mol90.sdf,rec_final_12-noH.pdb,19.5202
mol90,rec_16_mol90.sdf,rec_final_16-noH.pdb,19.2991
mol90,rec_11_mol90.sdf,rec_final_11-noH.pdb,18.9010
mol90,rec_15_mol90.sdf,rec_final_15-noH.pdb,18.6703
mol90,rec_1_mol90.sdf,rec_final_1-noH.pdb,18.4485
mol90,rec_13_mol90.sdf,rec_final_13-noH.pdb,17.6284
mol90,rec_2_mol90.sdf,rec_final_2-noH.pdb,17.4648
mol90,rec_7_mol90.sdf,rec_final_7-noH.pdb,15.4593
mol91,rec_14_mol91.sdf,rec_final_14-noH.pdb,23.6885
mol91,rec_11_mol91.sdf,rec_final_11-noH.pdb,23.1287
mol91,rec_2_mol91.sdf,rec_final_2-noH.pdb,22.9577
mol91,rec_16_mol91.sdf,rec_final_16-noH.pdb,22.5229
mol91,rec_19_mol91.sdf,rec_final_19-noH.pdb,21.8972
mol91,rec_4_mol91.sdf,rec_final_4-noH.pdb,21.5954
mol91,rec_5_mol91.sdf,rec_final_5-noH.pdb,21.5093
mol91,rec_12_mol91.sdf,rec_final_12-noH.pdb,21.1752
mol91,rec_6_mol91.sdf,rec_final_6-noH.pdb,20.5376
mol91,rec_15_mol91.sdf,rec_final_15-noH.pdb,19.7608
mol91,rec_18_mol91.sdf,rec_final_18-noH.pdb,19.0047
mol91,rec_7_mol91.sdf,rec_final_7-noH.pdb,18.6767
mol92,rec_15_mol92.sdf,rec_final_15-noH.pdb,19.4136
mol92,rec_19_mol92.sdf,rec_final_19-noH.pdb,17.9502
mol92,rec_14_mol92.sdf,rec_final_14-noH.pdb,17.7549
mol92,rec_6_mol92.sdf,rec_final_6-noH.pdb,16.9339
mol92,rec_18_mol92.sdf,rec_final_18-noH.pdb,16.8359
mol92,rec_7_mol92.sdf,rec_final_7-noH.pdb,16.3108
mol92,rec_16_mol92.sdf,rec_final_16-noH.pdb,15.9906
mol92,rec_12_mol92.sdf,rec_final_12-noH.pdb,15.9551
mol92,rec_2_mol92.sdf,rec_final_2-noH.pdb,15.8691
mol92,rec_20_mol92.sdf,rec_final_20-noH.pdb,15.5540
mol92,rec_5_mol92.sdf,rec_final_5-noH.pdb,15.3189
mol92,rec_9_mol92.sdf,rec_final_9-noH.pdb,15.2995
mol92,rec_13_mol92.sdf,rec_final_13-noH.pdb,15.2653
mol92,rec_4_mol92.sdf,rec_final_4-noH.pdb,15.1550
mol92,rec_11_mol92.sdf,rec_final_11-noH.pdb,14.5982
mol93,rec_16_mol93.sdf,rec_final_16-noH.pdb,22.0385
mol93,rec_5_mol93.sdf,rec_final_5-noH.pdb,21.7161
mol93,rec_20_mol93.sdf,rec_final_20-noH.pdb,21.3931
mol93,rec_4_mol93.sdf,rec_final_4-noH.pdb,21.0168
mol93,rec_12_mol93.sdf,rec_final_12-noH.pdb,20.7643
mol93,rec_19_mol93.sdf,rec_final_19-noH.pdb,20.1304
mol93,rec_2_mol93.sdf,rec_final_2-noH.pdb,20.0144
mol93,rec_15_mol93.sdf,rec_final_15-noH.pdb,19.6582
mol93,rec_11_mol93.sdf,rec_final_11-noH.pdb,19.5966
mol93,rec_14_mol93.sdf,rec_final_14-noH.pdb,19.4469
mol93,rec_6_mol93.sdf,rec_final_6-noH.pdb,19.0245
mol93,rec_7_mol93.sdf,rec_final_7-noH.pdb,17.5689
mol93,rec_13_mol93.sdf,rec_final_13-noH.pdb,17.3793
mol93,rec_18_mol93.sdf,rec_final_18-noH.pdb,17.2556
mol93,rec_1_mol93.sdf,rec_final_1-noH.pdb,16.8350
mol93,rec_9_mol93.sdf,rec_final_9-noH.pdb,16.7891
mol94,rec_5_mol94.sdf,rec_final_5-noH.pdb,26.7937
mol94,rec_13_mol94.sdf,rec_final_13-noH.pdb,25.4131
mol94,rec_20_mol94.sdf,rec_final_20-noH.pdb,25.1651
mol94,rec_9_mol94.sdf,rec_final_9-noH.pdb,24.7626
mol94,rec_12_mol94.sdf,rec_final_12-noH.pdb,24.5553
mol94,rec_15_mol94.sdf,rec_final_15-noH.pdb,23.2064
mol94,rec_14_mol94.sdf,rec_final_14-noH.pdb,22.1514
mol94,rec_2_mol94.sdf,rec_final_2-noH.pdb,21.9923
mol94,rec_18_mol94.sdf,rec_final_18-noH.pdb,21.9795
mol94,rec_11_mol94.sdf,rec_final_11-noH.pdb,21.4339
mol94,rec_6_mol94.sdf,rec_final_6-noH.pdb,21.1846
mol94,rec_4_mol94.sdf,rec_final_4-noH.pdb,21.1042
mol94,rec_7_mol94.sdf,rec_final_7-noH.pdb,19.4180
mol94,rec_19_mol94.sdf,rec_final_19-noH.pdb,18.6967
mol94,rec_16_mol94.sdf,rec_final_16-noH.pdb,17.5985
mol95,rec_5_mol95.sdf,rec_final_5-noH.pdb,25.2651
mol95,rec_14_mol95.sdf,rec_final_14-noH.pdb,24.0761
mol95,rec_16_mol95.sdf,rec_final_16-noH.pdb,24.0682
mol95,rec_2_mol95.sdf,rec_final_2-noH.pdb,23.3592
mol95,rec_9_mol95.sdf,rec_final_9-noH.pdb,23.1892
mol95,rec_11_mol95.sdf,rec_final_11-noH.pdb,22.6549
mol95,rec_20_mol95.sdf,rec_final_20-noH.pdb,22.4921
mol95,rec_4_mol95.sdf,rec_final_4-noH.pdb,22.2381
mol95,rec_6_mol95.sdf,rec_final_6-noH.pdb,22.0526
mol95,rec_18_mol95.sdf,rec_final_18-noH.pdb,21.6668
mol95,rec_1_mol95.sdf,rec_final_1-noH.pdb,21.3001
mol95,rec_19_mol95.sdf,rec_final_19-noH.pdb,21.0494
mol95,rec_12_mol95.sdf,rec_final_12-noH.pdb,20.9768
mol95,rec_15_mol95.sdf,rec_final_15-noH.pdb,20.9151
mol95,rec_7_mol95.sdf,rec_final_7-noH.pdb,17.6304
mol96,rec_5_mol96.sdf,rec_final_5-noH.pdb,17.4639
mol96,rec_16_mol96.sdf,rec_final_16-noH.pdb,16.1326
mol96,rec_12_mol96.sdf,rec_final_12-noH.pdb,16.0216
mol96,rec_6_mol96.sdf,rec_final_6-noH.pdb,15.7214
mol96,rec_9_mol96.sdf,rec_final_9-noH.pdb,15.7185
mol96,rec_2_mol96.sdf,rec_final_2-noH.pdb,15.6967
mol96,rec_15_mol96.sdf,rec_final_15-noH.pdb,14.7544
mol96,rec_7_mol96.sdf,rec_final_7-noH.pdb,14.6351
mol96,rec_13_mol96.sdf,rec_final_13-noH.pdb,14.0688
mol96,rec_20_mol96.sdf,rec_final_20-noH.pdb,13.5125
mol96,rec_11_mol96.sdf,rec_final_11-noH.pdb,12.9221
mol96,rec_14_mol96.sdf,rec_final_14-noH.pdb,10.8710
mol96,rec_4_mol96.sdf,rec_final_4-noH.pdb,10.2171
