mol_id,receptor_id,mean_dg,error,stats_path,ligand_sdf_path,mol_dir,rec_dir,rmsd,mean_dg_normalized,equil_rmsd_heavy,equil_ref_rmsd,equil_reason
mol11,rec_final_9,-15.965,1.909,output/abfe/mol11/rec_final_9/output/overall_stats.dat,input/poses/rec_9_mol11.sdf,output/abfe/mol11,output/abfe/mol11/rec_final_9,3.436621754561967,-5.0236,1.9603710174560547,4.377478069112443,
mol11,rec_final_20,-15.013,3.051,output/abfe/mol11/rec_final_20/output/overall_stats.dat,input/poses/rec_20_mol11.sdf,output/abfe/mol11,output/abfe/mol11/rec_final_20,4.121977980247208,-4.0716,1.6914246082305908,3.8986854760738527,
mol11,rec_final_19,-14.35,0.983,output/abfe/mol11/rec_final_19/output/overall_stats.dat,input/poses/rec_19_mol11.sdf,output/abfe/mol11,output/abfe/mol11/rec_final_19,3.436382837426171,-3.4086,2.010125160217285,3.5411618302776686,
mol11,rec_final_16,-13.948,0.992,output/abfe/mol11/rec_final_16/output/overall_stats.dat,input/poses/rec_16_mol11.sdf,output/abfe/mol11,output/abfe/mol11/rec_final_16,3.4366129658117908,-3.0066000000000006,1.5648962259292603,3.6397638924932125,
mol11,rec_final_13,-13.37,2.424,output/abfe/mol11/rec_final_13/output/overall_stats.dat,input/poses/rec_13_mol11.sdf,output/abfe/mol11,output/abfe/mol11/rec_final_13,3.4348433326198236,-2.4285999999999994,1.0177301168441772,3.7280624325169742,
mol11,rec_final_15,-12.386,2.205,output/abfe/mol11/rec_final_15/output/overall_stats.dat,input/poses/rec_15_mol11.sdf,output/abfe/mol11,output/abfe/mol11/rec_final_15,3.436551188276243,-1.4445999999999994,2.123114824295044,3.8383507517056388,
mol11,rec_final_4,-11.632,4.16,output/abfe/mol11/rec_final_4/output/overall_stats.dat,input/poses/rec_4_mol11.sdf,output/abfe/mol11,output/abfe/mol11/rec_final_4,3.4356090058490985,-0.6905999999999999,1.384005069732666,3.3078580165359,
mol11,rec_final_5,-11.478,2.072,output/abfe/mol11/rec_final_5/output/overall_stats.dat,input/poses/rec_5_mol11.sdf,output/abfe/mol11,output/abfe/mol11/rec_final_5,3.43663665184228,-0.5366,1.7156482934951782,3.1423545617130983,
mol11,rec_final_14,-11.039,1.494,output/abfe/mol11/rec_final_14/output/overall_stats.dat,input/poses/rec_14_mol11.sdf,output/abfe/mol11,output/abfe/mol11/rec_final_14,3.436442628805467,-0.09759999999999991,1.8278568983078003,2.7956043418877115,
mol11,rec_final_11,-8.799,4.43,output/abfe/mol11/rec_final_11/output/overall_stats.dat,input/poses/rec_11_mol11.sdf,output/abfe/mol11,output/abfe/mol11/rec_final_11,3.4365291831709674,2.1424000000000003,2.3153750896453857,5.052073591677424,
mol11,rec_final_2,-8.72,2.626,output/abfe/mol11/rec_final_2/output/overall_stats.dat,input/poses/rec_2_mol11.sdf,output/abfe/mol11,output/abfe/mol11/rec_final_2,3.436395043968939,2.221399999999999,2.0596323013305664,3.218235037024854,
mol11,rec_final_6,-8.668,3.172,output/abfe/mol11/rec_final_6/output/overall_stats.dat,input/poses/rec_6_mol11.sdf,output/abfe/mol11,output/abfe/mol11/rec_final_6,3.378080898284874,2.2734000000000005,2.190936803817749,3.372009111932469,
mol11,rec_final_18,-7.836,2.889,output/abfe/mol11/rec_final_18/output/overall_stats.dat,input/poses/rec_18_mol11.sdf,output/abfe/mol11,output/abfe/mol11/rec_final_18,4.157809959023758,3.1053999999999995,2.6729345321655273,4.193543196434928,
mol11,rec_final_7,-6.557,2.994,output/abfe/mol11/rec_final_7/output/overall_stats.dat,input/poses/rec_7_mol11.sdf,output/abfe/mol11,output/abfe/mol11/rec_final_7,4.231063031530695,4.384399999999999,1.9423680305480957,4.526617970675177,
mol11,rec_final_12,-4.36,1.898,output/abfe/mol11/rec_final_12/output/overall_stats.dat,input/poses/rec_12_mol11.sdf,output/abfe/mol11,output/abfe/mol11/rec_final_12,3.4365502685417373,6.5813999999999995,2.082350254058838,3.6247676134151194,
mol12,rec_final_19,-16.983,1.512,output/abfe/mol12/rec_final_19/output/overall_stats.dat,input/poses/rec_19_mol12.sdf,output/abfe/mol12,output/abfe/mol12/rec_final_19,3.2690448373722254,-5.978733333333333,2.2621848583221436,2.453357938407326,
mol12,rec_final_6,-15.907,2.748,output/abfe/mol12/rec_final_6/output/overall_stats.dat,input/poses/rec_6_mol12.sdf,output/abfe/mol12,output/abfe/mol12/rec_final_6,3.671852784868969,-4.902733333333332,2.202807903289795,4.321295517054146,
mol12,rec_final_9,-14.23,1.58,output/abfe/mol12/rec_final_9/output/overall_stats.dat,input/poses/rec_9_mol12.sdf,output/abfe/mol12,output/abfe/mol12/rec_final_9,4.392160448695304,-3.2257333333333325,0.7946612238883972,4.457746848961008,
mol12,rec_final_13,-13.477,2.896,output/abfe/mol12/rec_final_13/output/overall_stats.dat,input/poses/rec_13_mol12.sdf,output/abfe/mol12,output/abfe/mol12/rec_final_13,3.7228566169564825,-2.4727333333333323,1.0687662363052368,3.8500633814174363,
mol12,rec_final_4,-13.238,1.871,output/abfe/mol12/rec_final_4/output/overall_stats.dat,input/poses/rec_4_mol12.sdf,output/abfe/mol12,output/abfe/mol12/rec_final_4,3.7072572822887992,-2.2337333333333316,1.4236974716186523,4.114801626733951,
mol12,rec_final_14,-12.091,3.345,output/abfe/mol12/rec_final_14/output/overall_stats.dat,input/poses/rec_14_mol12.sdf,output/abfe/mol12,output/abfe/mol12/rec_final_14,4.392158166218896,-1.0867333333333313,1.5714850425720215,3.9184805145522197,
mol12,rec_final_18,-11.551,1.94,output/abfe/mol12/rec_final_18/output/overall_stats.dat,input/poses/rec_18_mol12.sdf,output/abfe/mol12,output/abfe/mol12/rec_final_18,3.570985865100841,-0.5467333333333322,2.704277753829956,2.643715198476687,
mol12,rec_final_20,-11.312,0.947,output/abfe/mol12/rec_final_20/output/overall_stats.dat,input/poses/rec_20_mol12.sdf,output/abfe/mol12,output/abfe/mol12/rec_final_20,3.189744222830936,-0.3077333333333314,1.1188145875930786,3.1325090828504485,
mol12,rec_final_5,-9.862,3.782,output/abfe/mol12/rec_final_5/output/overall_stats.dat,input/poses/rec_5_mol12.sdf,output/abfe/mol12,output/abfe/mol12/rec_final_5,3.6986103582404204,1.1422666666666679,1.3050402402877808,4.588816267381429,
mol12,rec_final_15,-9.194,1.329,output/abfe/mol12/rec_final_15/output/overall_stats.dat,input/poses/rec_15_mol12.sdf,output/abfe/mol12,output/abfe/mol12/rec_final_15,3.0470047271186393,1.8102666666666671,2.0818493366241455,1.9073833671414016,
mol12,rec_final_16,-8.691,2.461,output/abfe/mol12/rec_final_16/output/overall_stats.dat,input/poses/rec_16_mol12.sdf,output/abfe/mol12,output/abfe/mol12/rec_final_16,3.0545007705160807,2.3132666666666672,2.3081483840942383,2.118035620120892,
mol12,rec_final_11,-8.592,3.046,output/abfe/mol12/rec_final_11/output/overall_stats.dat,input/poses/rec_11_mol12.sdf,output/abfe/mol12,output/abfe/mol12/rec_final_11,3.700162785664526,2.4122666666666674,4.601663589477539,5.766902759598842,
mol12,rec_final_7,-8.504,3.672,output/abfe/mol12/rec_final_7/output/overall_stats.dat,input/poses/rec_7_mol12.sdf,output/abfe/mol12,output/abfe/mol12/rec_final_7,3.2820550508916413,2.5002666666666684,1.3405245542526245,3.3268480780879974,
mol12,rec_final_2,-6.691,2.699,output/abfe/mol12/rec_final_2/output/overall_stats.dat,input/poses/rec_2_mol12.sdf,output/abfe/mol12,output/abfe/mol12/rec_final_2,4.377247937583994,4.313266666666668,1.7970380783081055,4.013609454150284,
mol12,rec_final_12,-4.741,2.275,output/abfe/mol12/rec_final_12/output/overall_stats.dat,input/poses/rec_12_mol12.sdf,output/abfe/mol12,output/abfe/mol12/rec_final_12,4.377859752826336,6.263266666666668,3.7706246376037598,6.270242357447604,
mol13,rec_final_19,-25.721,4.363,output/abfe/mol13/rec_final_19/output/overall_stats.dat,input/poses/rec_19_mol13.sdf,output/abfe/mol13,output/abfe/mol13/rec_final_19,2.789004821758018,-8.6296,1.2188127040863037,2.2229468745381786,
mol13,rec_final_20,-24.41,4.776,output/abfe/mol13/rec_final_20/output/overall_stats.dat,input/poses/rec_20_mol13.sdf,output/abfe/mol13,output/abfe/mol13/rec_final_20,1.812244693017039,-7.3186,1.4831271171569824,1.3988011785272139,
mol13,rec_final_1,-23.288,3.494,output/abfe/mol13/rec_final_1/output/overall_stats.dat,input/poses/rec_1_mol13.sdf,output/abfe/mol13,output/abfe/mol13/rec_final_1,2.155961724833576,-6.1966,1.772736668586731,2.078787703896354,
mol13,rec_final_14,-22.781,2.464,output/abfe/mol13/rec_final_14/output/overall_stats.dat,input/poses/rec_14_mol13.sdf,output/abfe/mol13,output/abfe/mol13/rec_final_14,1.777346964616526,-5.689599999999999,1.582224726676941,2.4548974430611428,
mol13,rec_final_2,-22.082,2.042,output/abfe/mol13/rec_final_2/output/overall_stats.dat,input/poses/rec_2_mol13.sdf,output/abfe/mol13,output/abfe/mol13/rec_final_2,1.6060213215468708,-4.990600000000001,1.2370661497116089,2.3739529049023,
mol13,rec_final_15,-20.154,1.659,output/abfe/mol13/rec_final_15/output/overall_stats.dat,input/poses/rec_15_mol13.sdf,output/abfe/mol13,output/abfe/mol13/rec_final_15,1.61471737334726,-3.0625999999999998,0.953019917011261,1.5280214963615746,
mol13,rec_final_16,-19.371,4.214,output/abfe/mol13/rec_final_16/output/overall_stats.dat,input/poses/rec_16_mol13.sdf,output/abfe/mol13,output/abfe/mol13/rec_final_16,1.2596284293393827,-2.2795999999999985,1.3331371545791626,1.0792269527440788,
mol13,rec_final_4,-17.38,5.907,output/abfe/mol13/rec_final_4/output/overall_stats.dat,input/poses/rec_4_mol13.sdf,output/abfe/mol13,output/abfe/mol13/rec_final_4,1.8259751399126294,-0.28859999999999886,1.314235806465149,1.640391799270794,
mol13,rec_final_5,-16.128,1.558,output/abfe/mol13/rec_final_5/output/overall_stats.dat,input/poses/rec_5_mol13.sdf,output/abfe/mol13,output/abfe/mol13/rec_final_5,6.432601395359341,0.9634,1.475176215171814,6.517705690579144,
mol13,rec_final_6,-15.411,2.082,output/abfe/mol13/rec_final_6/output/overall_stats.dat,input/poses/rec_6_mol13.sdf,output/abfe/mol13,output/abfe/mol13/rec_final_6,6.431843089454874,1.6804000000000006,0.9979340434074402,6.481998855480956,
mol13,rec_final_9,-14.711,2.357,output/abfe/mol13/rec_final_9/output/overall_stats.dat,input/poses/rec_9_mol13.sdf,output/abfe/mol13,output/abfe/mol13/rec_final_9,6.42685910485707,2.3804,1.5558545589447021,6.306098593994076,
mol13,rec_final_7,-11.644,5.677,output/abfe/mol13/rec_final_7/output/overall_stats.dat,input/poses/rec_7_mol13.sdf,output/abfe/mol13,output/abfe/mol13/rec_final_7,6.310977306583389,5.4474,2.378178119659424,6.289562131737516,
mol13,rec_final_12,-10.696,3.149,output/abfe/mol13/rec_final_12/output/overall_stats.dat,input/poses/rec_12_mol13.sdf,output/abfe/mol13,output/abfe/mol13/rec_final_12,6.425208123272617,6.3954,2.2155637741088867,7.14870660247063,
mol13,rec_final_18,-9.135,3.729,output/abfe/mol13/rec_final_18/output/overall_stats.dat,input/poses/rec_18_mol13.sdf,output/abfe/mol13,output/abfe/mol13/rec_final_18,2.7104435849816952,7.9564,2.7044782638549805,2.541521002742898,
mol13,rec_final_11,-3.459,3.155,output/abfe/mol13/rec_final_11/output/overall_stats.dat,input/poses/rec_11_mol13.sdf,output/abfe/mol13,output/abfe/mol13/rec_final_11,6.42469627797381,13.6324,2.385103225708008,6.516924345388617,
mol16,rec_final_6,-16.883,2.751,output/abfe/mol16/rec_final_6/output/overall_stats.dat,input/poses/rec_6_mol16.sdf,output/abfe/mol16,output/abfe/mol16/rec_final_6,3.3032101792044664,-7.381666666666666,2.5397160053253174,3.915487105286601,
mol16,rec_final_13,-15.991,4.619,output/abfe/mol16/rec_final_13/output/overall_stats.dat,input/poses/rec_13_mol16.sdf,output/abfe/mol16,output/abfe/mol16/rec_final_13,3.3037313752785655,-6.4896666666666665,1.0915489196777344,3.1518324479315383,
mol16,rec_final_4,-14.393,1.788,output/abfe/mol16/rec_final_4/output/overall_stats.dat,input/poses/rec_4_mol16.sdf,output/abfe/mol16,output/abfe/mol16/rec_final_4,3.491915641592735,-4.8916666666666675,2.044618844985962,3.8440646531116647,
mol16,rec_final_15,-13.402,1.955,output/abfe/mol16/rec_final_15/output/overall_stats.dat,input/poses/rec_15_mol16.sdf,output/abfe/mol16,output/abfe/mol16/rec_final_15,2.894973166024169,-3.900666666666666,1.250394344329834,3.6511129338407193,
mol16,rec_final_14,-12.919,2.512,output/abfe/mol16/rec_final_14/output/overall_stats.dat,input/poses/rec_14_mol16.sdf,output/abfe/mol16,output/abfe/mol16/rec_final_14,3.298206341634798,-3.4176666666666673,0.9248626828193665,3.6165696335495725,
mol16,rec_final_19,-12.783,3.969,output/abfe/mol16/rec_final_19/output/overall_stats.dat,input/poses/rec_19_mol16.sdf,output/abfe/mol16,output/abfe/mol16/rec_final_19,3.3001269030144886,-3.2816666666666663,1.476892113685608,4.15718489360809,
mol16,rec_final_9,-12.126,4.055,output/abfe/mol16/rec_final_9/output/overall_stats.dat,input/poses/rec_9_mol16.sdf,output/abfe/mol16,output/abfe/mol16/rec_final_9,3.3032232052950947,-2.6246666666666663,1.5627532005310059,2.8986013330604057,
mol16,rec_final_5,-12.03,1.991,output/abfe/mol16/rec_final_5/output/overall_stats.dat,input/poses/rec_5_mol16.sdf,output/abfe/mol16,output/abfe/mol16/rec_final_5,3.491811945680924,-2.528666666666666,1.1160410642623901,4.049224388420573,
mol16,rec_final_20,-11.629,3.456,output/abfe/mol16/rec_final_20/output/overall_stats.dat,input/poses/rec_20_mol16.sdf,output/abfe/mol16,output/abfe/mol16/rec_final_20,3.3035154814227834,-2.1276666666666664,1.2953035831451416,3.5269890208625703,
mol16,rec_final_16,-5.039,1.98,output/abfe/mol16/rec_final_16/output/overall_stats.dat,input/poses/rec_16_mol16.sdf,output/abfe/mol16,output/abfe/mol16/rec_final_16,3.4918623180188533,4.4623333333333335,2.0876121520996094,3.9024826033301667,
mol16,rec_final_7,-4.71,1.773,output/abfe/mol16/rec_final_7/output/overall_stats.dat,input/poses/rec_7_mol16.sdf,output/abfe/mol16,output/abfe/mol16/rec_final_7,4.264468538985837,4.791333333333333,1.5611919164657593,4.2496673442479524,
mol16,rec_final_11,-4.185,2.736,output/abfe/mol16/rec_final_11/output/overall_stats.dat,input/poses/rec_11_mol16.sdf,output/abfe/mol16,output/abfe/mol16/rec_final_11,3.3034513079505197,5.316333333333334,2.90356707572937,4.5141192390814195,
mol16,rec_final_12,-3.526,1.799,output/abfe/mol16/rec_final_12/output/overall_stats.dat,input/poses/rec_12_mol16.sdf,output/abfe/mol16,output/abfe/mol16/rec_final_12,3.4920917616809555,5.975333333333333,2.9063456058502197,5.265709931423083,
mol16,rec_final_2,-3.39,3.568,output/abfe/mol16/rec_final_2/output/overall_stats.dat,input/poses/rec_2_mol16.sdf,output/abfe/mol16,output/abfe/mol16/rec_final_2,3.4904389477542797,6.111333333333333,3.7629566192626953,5.602038275980263,
mol16,rec_final_18,0.486,1.742,output/abfe/mol16/rec_final_18/output/overall_stats.dat,input/poses/rec_18_mol16.sdf,output/abfe/mol16,output/abfe/mol16/rec_final_18,3.3006976365610954,9.987333333333334,3.123579502105713,4.959360930102499,
mol17,rec_final_20,-23.388,2.626,output/abfe/mol17/rec_final_20/output/overall_stats.dat,input/poses/rec_20_mol17.sdf,output/abfe/mol17,output/abfe/mol17/rec_final_20,1.7207249470582366,-8.806500000000002,1.858675479888916,2.4272552731671477,
mol17,rec_final_1,-19.768,3.11,output/abfe/mol17/rec_final_1/output/overall_stats.dat,input/poses/rec_1_mol17.sdf,output/abfe/mol17,output/abfe/mol17/rec_final_1,3.879235272281676,-5.1865000000000006,2.335042953491211,3.346507715326933,
mol17,rec_final_19,-18.917,1.314,output/abfe/mol17/rec_final_19/output/overall_stats.dat,input/poses/rec_19_mol17.sdf,output/abfe/mol17,output/abfe/mol17/rec_final_19,1.592829193784264,-4.3355000000000015,1.5685105323791504,2.360437358816774,
mol17,rec_final_16,-18.75,1.791,output/abfe/mol17/rec_final_16/output/overall_stats.dat,input/poses/rec_16_mol17.sdf,output/abfe/mol17,output/abfe/mol17/rec_final_16,2.1062105485580362,-4.1685,1.837703824043274,2.0705310899534712,
mol17,rec_final_6,-16.268,3.702,output/abfe/mol17/rec_final_6/output/overall_stats.dat,input/poses/rec_6_mol17.sdf,output/abfe/mol17,output/abfe/mol17/rec_final_6,6.14384489113175,-1.6865000000000006,1.6629199981689453,6.824529660805925,
mol17,rec_final_4,-16.223,4.647,output/abfe/mol17/rec_final_4/output/overall_stats.dat,input/poses/rec_4_mol17.sdf,output/abfe/mol17,output/abfe/mol17/rec_final_4,1.260757047174435,-1.6414999999999988,1.9414191246032715,1.981221437934737,
mol17,rec_final_9,-15.461,1.136,output/abfe/mol17/rec_final_9/output/overall_stats.dat,input/poses/rec_9_mol17.sdf,output/abfe/mol17,output/abfe/mol17/rec_final_9,6.312860680094699,-0.8795000000000002,1.6727358102798462,6.453423350051829,
mol17,rec_final_15,-14.364,1.071,output/abfe/mol17/rec_final_15/output/overall_stats.dat,input/poses/rec_15_mol17.sdf,output/abfe/mol17,output/abfe/mol17/rec_final_15,2.10098269673979,0.21749999999999936,1.5454918146133423,2.2247734275954243,
mol17,rec_final_13,-14.214,4.564,output/abfe/mol17/rec_final_13/output/overall_stats.dat,input/poses/rec_13_mol17.sdf,output/abfe/mol17,output/abfe/mol17/rec_final_13,6.046569263923847,0.3674999999999997,2.3577866554260254,6.845843254114798,
mol17,rec_final_5,-13.517,1.188,output/abfe/mol17/rec_final_5/output/overall_stats.dat,input/poses/rec_5_mol17.sdf,output/abfe/mol17,output/abfe/mol17/rec_final_5,2.0881320033533735,1.0645000000000007,1.6542876958847046,2.2479257181323256,
mol17,rec_final_7,-12.853,2.016,output/abfe/mol17/rec_final_7/output/overall_stats.dat,input/poses/rec_7_mol17.sdf,output/abfe/mol17,output/abfe/mol17/rec_final_7,3.825629098667489,1.7285000000000004,2.402528762817383,4.4275810971796075,
mol17,rec_final_12,-11.767,2.814,output/abfe/mol17/rec_final_12/output/overall_stats.dat,input/poses/rec_12_mol17.sdf,output/abfe/mol17,output/abfe/mol17/rec_final_12,1.2418680861623634,2.8145000000000007,1.1049580574035645,1.3036855140499344,
mol17,rec_final_14,-11.659,2.35,output/abfe/mol17/rec_final_14/output/overall_stats.dat,input/poses/rec_14_mol17.sdf,output/abfe/mol17,output/abfe/mol17/rec_final_14,2.6444669245156276,2.9224999999999994,2.3886866569519043,2.7451297049776997,
mol17,rec_final_2,-11.578,3.333,output/abfe/mol17/rec_final_2/output/overall_stats.dat,input/poses/rec_2_mol17.sdf,output/abfe/mol17,output/abfe/mol17/rec_final_2,1.5621321091014406,3.0035000000000007,1.848144769668579,2.2335408410944746,
mol17,rec_final_18,-8.101,2.295,output/abfe/mol17/rec_final_18/output/overall_stats.dat,input/poses/rec_18_mol17.sdf,output/abfe/mol17,output/abfe/mol17/rec_final_18,6.043998153587693,6.480499999999999,2.1829276084899902,7.075067185000983,
mol17,rec_final_11,-6.476,1.302,output/abfe/mol17/rec_final_11/output/overall_stats.dat,input/poses/rec_11_mol17.sdf,output/abfe/mol17,output/abfe/mol17/rec_final_11,6.06538007199172,8.1055,1.5940839052200317,6.278022524950301,
mol18,rec_final_5,-15.292,1.674,output/abfe/mol18/rec_final_5/output/overall_stats.dat,input/poses/rec_5_mol18.sdf,output/abfe/mol18,output/abfe/mol18/rec_final_5,4.744541087221538,-5.794933333333333,1.5982723236083984,4.639684369919113,
mol18,rec_final_4,-14.74,3.359,output/abfe/mol18/rec_final_4/output/overall_stats.dat,input/poses/rec_4_mol18.sdf,output/abfe/mol18,output/abfe/mol18/rec_final_4,4.749106972544066,-5.242933333333333,2.9591128826141357,5.328517202658419,
mol18,rec_final_6,-13.725,2.327,output/abfe/mol18/rec_final_6/output/overall_stats.dat,input/poses/rec_6_mol18.sdf,output/abfe/mol18,output/abfe/mol18/rec_final_6,4.749042703886051,-4.227933333333333,2.5505707263946533,5.174909195792512,
mol18,rec_final_9,-12.902,1.6,output/abfe/mol18/rec_final_9/output/overall_stats.dat,input/poses/rec_9_mol18.sdf,output/abfe/mol18,output/abfe/mol18/rec_final_9,3.8728052294170436,-3.4049333333333323,0.7091144323348999,4.080821585398517,
mol18,rec_final_19,-12.373,1.303,output/abfe/mol18/rec_final_19/output/overall_stats.dat,input/poses/rec_19_mol18.sdf,output/abfe/mol18,output/abfe/mol18/rec_final_19,3.466311798824028,-2.8759333333333323,1.3753236532211304,3.1947650449651483,
mol18,rec_final_14,-11.36,3.612,output/abfe/mol18/rec_final_14/output/overall_stats.dat,input/poses/rec_14_mol18.sdf,output/abfe/mol18,output/abfe/mol18/rec_final_14,3.8731788714181534,-1.8629333333333324,2.0514519214630127,4.153975706200123,
mol18,rec_final_20,-9.802,0.967,output/abfe/mol18/rec_final_20/output/overall_stats.dat,input/poses/rec_20_mol18.sdf,output/abfe/mol18,output/abfe/mol18/rec_final_20,3.874732281504534,-0.3049333333333326,2.210519790649414,4.9875418056084815,
mol18,rec_final_13,-9.046,2.259,output/abfe/mol18/rec_final_13/output/overall_stats.dat,input/poses/rec_13_mol18.sdf,output/abfe/mol18,output/abfe/mol18/rec_final_13,4.7491172937715485,0.4510666666666676,1.7182397842407227,5.304769193716895,
mol18,rec_final_15,-8.897,1.764,output/abfe/mol18/rec_final_15/output/overall_stats.dat,input/poses/rec_15_mol18.sdf,output/abfe/mol18,output/abfe/mol18/rec_final_15,4.749056626847063,0.6000666666666667,1.8009194135665894,5.178107720643795,
mol18,rec_final_18,-7.875,2.417,output/abfe/mol18/rec_final_18/output/overall_stats.dat,input/poses/rec_18_mol18.sdf,output/abfe/mol18,output/abfe/mol18/rec_final_18,4.740806245074073,1.622066666666667,2.8509037494659424,3.147437849547358,
mol18,rec_final_12,-7.156,2.388,output/abfe/mol18/rec_final_12/output/overall_stats.dat,input/poses/rec_12_mol18.sdf,output/abfe/mol18,output/abfe/mol18/rec_final_12,4.749019371056162,2.3410666666666673,2.528433322906494,6.528932632561746,
mol18,rec_final_7,-6.223,2.102,output/abfe/mol18/rec_final_7/output/overall_stats.dat,input/poses/rec_7_mol18.sdf,output/abfe/mol18,output/abfe/mol18/rec_final_7,3.480571238317067,3.274066666666667,1.3605420589447021,2.9574474018230967,
mol18,rec_final_16,-4.978,1.992,output/abfe/mol18/rec_final_16/output/overall_stats.dat,input/poses/rec_16_mol18.sdf,output/abfe/mol18,output/abfe/mol18/rec_final_16,3.6679243919415785,4.519066666666667,2.851846694946289,3.2012657222356884,
mol18,rec_final_2,-4.146,3.296,output/abfe/mol18/rec_final_2/output/overall_stats.dat,input/poses/rec_2_mol18.sdf,output/abfe/mol18,output/abfe/mol18/rec_final_2,4.748941965848815,5.351066666666667,2.9587175846099854,6.891030910442296,
mol18,rec_final_11,-3.941,1.89,output/abfe/mol18/rec_final_11/output/overall_stats.dat,input/poses/rec_11_mol18.sdf,output/abfe/mol18,output/abfe/mol18/rec_final_11,4.748461716177145,5.556066666666667,2.4377493858337402,5.48558120035086,
mol20,rec_final_4,-17.82,1.891,output/abfe/mol20/rec_final_4/output/overall_stats.dat,input/poses/rec_4_mol20.sdf,output/abfe/mol20,output/abfe/mol20/rec_final_4,3.946046559087523,-5.627466666666669,2.0340776443481445,3.558900709438896,
mol20,rec_final_6,-17.447,3.389,output/abfe/mol20/rec_final_6/output/overall_stats.dat,input/poses/rec_6_mol20.sdf,output/abfe/mol20,output/abfe/mol20/rec_final_6,4.122931106791786,-5.2544666666666675,2.0482733249664307,4.775494379765857,
mol20,rec_final_5,-15.703,0.833,output/abfe/mol20/rec_final_5/output/overall_stats.dat,input/poses/rec_5_mol20.sdf,output/abfe/mol20,output/abfe/mol20/rec_final_5,3.7289968382206307,-3.5104666666666677,1.431910514831543,4.342031913181216,
mol20,rec_final_14,-15.442,3.965,output/abfe/mol20/rec_final_14/output/overall_stats.dat,input/poses/rec_14_mol20.sdf,output/abfe/mol20,output/abfe/mol20/rec_final_14,5.828678191726037,-3.2494666666666685,1.356973648071289,6.438004294814745,
mol20,rec_final_12,-14.484,6.31,output/abfe/mol20/rec_final_12/output/overall_stats.dat,input/poses/rec_12_mol20.sdf,output/abfe/mol20,output/abfe/mol20/rec_final_12,5.628150380537637,-2.2914666666666683,3.608154058456421,5.411233411237533,
mol20,rec_final_19,-13.188,2.507,output/abfe/mol20/rec_final_19/output/overall_stats.dat,input/poses/rec_19_mol20.sdf,output/abfe/mol20,output/abfe/mol20/rec_final_19,5.581193458343785,-0.9954666666666689,1.4374301433563232,5.309765869085218,
mol20,rec_final_2,-12.741,2.825,output/abfe/mol20/rec_final_2/output/overall_stats.dat,input/poses/rec_2_mol20.sdf,output/abfe/mol20,output/abfe/mol20/rec_final_2,5.823935594479789,-0.548466666666668,3.086864709854126,5.898749911582069,
mol20,rec_final_20,-11.827,3.718,output/abfe/mol20/rec_final_20/output/overall_stats.dat,input/poses/rec_20_mol20.sdf,output/abfe/mol20,output/abfe/mol20/rec_final_20,5.823535380004328,0.3655333333333317,1.9217787981033325,5.756755776385392,
mol20,rec_final_13,-10.69,1.92,output/abfe/mol20/rec_final_13/output/overall_stats.dat,input/poses/rec_13_mol20.sdf,output/abfe/mol20,output/abfe/mol20/rec_final_13,5.626249563358275,1.5025333333333322,1.208776593208313,5.746944328809959,
mol20,rec_final_15,-10.38,3.968,output/abfe/mol20/rec_final_15/output/overall_stats.dat,input/poses/rec_15_mol20.sdf,output/abfe/mol20,output/abfe/mol20/rec_final_15,5.8313318721577865,1.8125333333333309,1.478227138519287,6.332184988805414,
mol20,rec_final_16,-10.215,2.381,output/abfe/mol20/rec_final_16/output/overall_stats.dat,input/poses/rec_16_mol20.sdf,output/abfe/mol20,output/abfe/mol20/rec_final_16,5.999134879792749,1.9775333333333318,2.685166597366333,5.167910389366046,
mol20,rec_final_18,-9.511,1.055,output/abfe/mol20/rec_final_18/output/overall_stats.dat,input/poses/rec_18_mol20.sdf,output/abfe/mol20,output/abfe/mol20/rec_final_18,4.361005245260453,2.6815333333333324,2.7465555667877197,5.9147384721047755,
mol20,rec_final_11,-9.332,2.562,output/abfe/mol20/rec_final_11/output/overall_stats.dat,input/poses/rec_11_mol20.sdf,output/abfe/mol20,output/abfe/mol20/rec_final_11,5.829322027984554,2.860533333333331,2.42325496673584,6.7583190110042,
mol20,rec_final_9,-7.085,1.179,output/abfe/mol20/rec_final_9/output/overall_stats.dat,input/poses/rec_9_mol20.sdf,output/abfe/mol20,output/abfe/mol20/rec_final_9,4.727146843956122,5.107533333333332,3.0835201740264893,4.541079321042119,
mol20,rec_final_7,-7.023,2.36,output/abfe/mol20/rec_final_7/output/overall_stats.dat,input/poses/rec_7_mol20.sdf,output/abfe/mol20,output/abfe/mol20/rec_final_7,6.073329728166176,5.169533333333332,1.9322932958602905,6.843028044552555,
mol21,rec_final_19,-19.188,2.95,output/abfe/mol21/rec_final_19/output/overall_stats.dat,input/poses/rec_19_mol21.sdf,output/abfe/mol21,output/abfe/mol21/rec_final_19,0.65424356146185,-6.7265384615384605,1.3786112070083618,1.1238128510319245,
mol21,rec_final_4,-19.036,3.629,output/abfe/mol21/rec_final_4/output/overall_stats.dat,input/poses/rec_4_mol21.sdf,output/abfe/mol21,output/abfe/mol21/rec_final_4,1.0529534126175086,-6.574538461538463,1.5874958038330078,0.9059724463018036,
mol21,rec_final_5,-16.124,3.238,output/abfe/mol21/rec_final_5/output/overall_stats.dat,input/poses/rec_5_mol21.sdf,output/abfe/mol21,output/abfe/mol21/rec_final_5,1.0474544125095442,-3.6625384615384604,1.2920517921447754,1.0169954480411632,
mol21,rec_final_15,-15.551,3.011,output/abfe/mol21/rec_final_15/output/overall_stats.dat,input/poses/rec_15_mol21.sdf,output/abfe/mol21,output/abfe/mol21/rec_final_15,1.0505606601103188,-3.089538461538462,2.175635814666748,1.6770974924623823,
mol21,rec_final_6,-15.376,1.78,output/abfe/mol21/rec_final_6/output/overall_stats.dat,input/poses/rec_6_mol21.sdf,output/abfe/mol21,output/abfe/mol21/rec_final_6,6.303901900342585,-2.914538461538461,1.5140124559402466,6.48524700002927,
mol21,rec_final_14,-14.223,4.428,output/abfe/mol21/rec_final_14/output/overall_stats.dat,input/poses/rec_14_mol21.sdf,output/abfe/mol21,output/abfe/mol21/rec_final_14,2.7667255071654653,-1.7615384615384624,2.0042169094085693,4.019904737547439,
mol21,rec_final_16,-13.433,1.171,output/abfe/mol21/rec_final_16/output/overall_stats.dat,input/poses/rec_16_mol21.sdf,output/abfe/mol21,output/abfe/mol21/rec_final_16,1.0489775718697298,-0.9715384615384615,1.1816543340682983,0.8499533027084655,
mol21,rec_final_1,-12.895,4.346,output/abfe/mol21/rec_final_1/output/overall_stats.dat,input/poses/rec_1_mol21.sdf,output/abfe/mol21,output/abfe/mol21/rec_final_1,4.029081058362706,-0.4335384615384612,1.788980484008789,3.4219112799072384,
mol21,rec_final_2,-9.64,2.122,output/abfe/mol21/rec_final_2/output/overall_stats.dat,input/poses/rec_2_mol21.sdf,output/abfe/mol21,output/abfe/mol21/rec_final_2,1.0461705777330415,2.821461538461538,1.2040956020355225,0.8702646826497732,
mol21,rec_final_12,-8.143,3.872,output/abfe/mol21/rec_final_12/output/overall_stats.dat,input/poses/rec_12_mol21.sdf,output/abfe/mol21,output/abfe/mol21/rec_final_12,0.6453295131724788,4.318461538461538,1.1771048307418823,1.1276854853669263,
mol21,rec_final_11,-7.364,3.2,output/abfe/mol21/rec_final_11/output/overall_stats.dat,input/poses/rec_11_mol21.sdf,output/abfe/mol21,output/abfe/mol21/rec_final_11,6.499438972095977,5.0974615384615385,2.5498180389404297,7.356402594197207,
mol21,rec_final_18,-6.807,4.011,output/abfe/mol21/rec_final_18/output/overall_stats.dat,input/poses/rec_18_mol21.sdf,output/abfe/mol21,output/abfe/mol21/rec_final_18,6.387254688876233,5.654461538461538,3.3545403480529785,6.264082662973371,
mol21,rec_final_7,-4.219,1.139,output/abfe/mol21/rec_final_7/output/overall_stats.dat,input/poses/rec_7_mol21.sdf,output/abfe/mol21,output/abfe/mol21/rec_final_7,2.967578958006004,8.242461538461537,1.8834562301635742,3.7662369132890183,
mol22,rec_final_19,-17.793,2.615,output/abfe/mol22/rec_final_19/output/overall_stats.dat,input/poses/rec_19_mol22.sdf,output/abfe/mol22,output/abfe/mol22/rec_final_19,2.308420895691829,-4.795999999999999,1.5184162855148315,2.1609187428571137,
mol22,rec_final_1,-17.065,1.99,output/abfe/mol22/rec_final_1/output/overall_stats.dat,input/poses/rec_1_mol22.sdf,output/abfe/mol22,output/abfe/mol22/rec_final_1,1.1674014797831975,-4.068000000000001,0.744452714920044,1.2708761897269918,
mol22,rec_final_6,-17.011,2.428,output/abfe/mol22/rec_final_6/output/overall_stats.dat,input/poses/rec_6_mol22.sdf,output/abfe/mol22,output/abfe/mol22/rec_final_6,4.669165532869159,-4.013999999999999,0.9038562774658203,5.055832672728771,
mol22,rec_final_14,-16.707,2.092,output/abfe/mol22/rec_final_14/output/overall_stats.dat,input/poses/rec_14_mol22.sdf,output/abfe/mol22,output/abfe/mol22/rec_final_14,1.180602832595845,-3.710000000000001,1.0011231899261475,0.7507862969586758,
mol22,rec_final_5,-15.764,1.214,output/abfe/mol22/rec_final_5/output/overall_stats.dat,input/poses/rec_5_mol22.sdf,output/abfe/mol22,output/abfe/mol22/rec_final_5,4.716751296178335,-2.7669999999999995,0.9902816414833069,5.314970637861197,
mol22,rec_final_13,-14.724,1.67,output/abfe/mol22/rec_final_13/output/overall_stats.dat,input/poses/rec_13_mol22.sdf,output/abfe/mol22,output/abfe/mol22/rec_final_13,5.392296781675381,-1.7270000000000003,2.8382441997528076,4.823735183070067,
mol22,rec_final_9,-14.311,2.613,output/abfe/mol22/rec_final_9/output/overall_stats.dat,input/poses/rec_9_mol22.sdf,output/abfe/mol22,output/abfe/mol22/rec_final_9,4.718270369708232,-1.314,1.8908040523529053,4.000481824385461,
mol22,rec_final_15,-13.554,3.316,output/abfe/mol22/rec_final_15/output/overall_stats.dat,input/poses/rec_15_mol22.sdf,output/abfe/mol22,output/abfe/mol22/rec_final_15,1.117198862483011,-0.5570000000000004,1.4710990190505981,1.0468301309395263,
mol22,rec_final_4,-13.528,1.726,output/abfe/mol22/rec_final_4/output/overall_stats.dat,input/poses/rec_4_mol22.sdf,output/abfe/mol22,output/abfe/mol22/rec_final_4,1.1946726846016584,-0.5310000000000006,1.3798307180404663,1.43944794678269,
mol22,rec_final_2,-13.434,1.528,output/abfe/mol22/rec_final_2/output/overall_stats.dat,input/poses/rec_2_mol22.sdf,output/abfe/mol22,output/abfe/mol22/rec_final_2,1.1867468411586357,-0.4369999999999994,1.10194730758667,2.0422648743109084,
mol22,rec_final_18,-12.597,0.843,output/abfe/mol22/rec_final_18/output/overall_stats.dat,input/poses/rec_18_mol22.sdf,output/abfe/mol22,output/abfe/mol22/rec_final_18,2.8044141066658947,0.40000000000000036,1.7026878595352173,2.77802769895948,
mol22,rec_final_16,-10.288,2.452,output/abfe/mol22/rec_final_16/output/overall_stats.dat,input/poses/rec_16_mol22.sdf,output/abfe/mol22,output/abfe/mol22/rec_final_16,1.1246751004919893,2.7089999999999996,1.078757882118225,0.6372223811539102,
mol22,rec_final_20,-9.928,2.164,output/abfe/mol22/rec_final_20/output/overall_stats.dat,input/poses/rec_20_mol22.sdf,output/abfe/mol22,output/abfe/mol22/rec_final_20,3.7489721922592776,3.068999999999999,0.8213123083114624,4.178633172097586,
mol22,rec_final_7,-8.23,1.636,output/abfe/mol22/rec_final_7/output/overall_stats.dat,input/poses/rec_7_mol22.sdf,output/abfe/mol22,output/abfe/mol22/rec_final_7,1.1594158759191342,4.7669999999999995,0.9867532253265381,1.7472592045564768,
mol22,rec_final_12,-6.846,2.326,output/abfe/mol22/rec_final_12/output/overall_stats.dat,input/poses/rec_12_mol22.sdf,output/abfe/mol22,output/abfe/mol22/rec_final_12,0.8085237205343245,6.151,1.9275391101837158,1.94138868269703,
mol22,rec_final_11,-6.172,2.097,output/abfe/mol22/rec_final_11/output/overall_stats.dat,input/poses/rec_11_mol22.sdf,output/abfe/mol22,output/abfe/mol22/rec_final_11,3.7997905367708538,6.825,1.3226351737976074,3.2780395822732595,
mol25,rec_final_20,-23.987,0.891,output/abfe/mol25/rec_final_20/output/overall_stats.dat,input/poses/rec_20_mol25.sdf,output/abfe/mol25,output/abfe/mol25/rec_final_20,2.4391764644547553,-8.234933333333332,0.9717419147491455,2.4072045283806185,
mol25,rec_final_4,-20.521,3.516,output/abfe/mol25/rec_final_4/output/overall_stats.dat,input/poses/rec_4_mol25.sdf,output/abfe/mol25,output/abfe/mol25/rec_final_4,2.1781633455161256,-4.768933333333335,0.8673086762428284,2.5735200622142793,
mol25,rec_final_1,-19.767,2.926,output/abfe/mol25/rec_final_1/output/overall_stats.dat,input/poses/rec_1_mol25.sdf,output/abfe/mol25,output/abfe/mol25/rec_final_1,2.63358011170156,-4.0149333333333335,1.2469099760055542,2.1436138364923654,
mol25,rec_final_14,-18.86,2.848,output/abfe/mol25/rec_final_14/output/overall_stats.dat,input/poses/rec_14_mol25.sdf,output/abfe/mol25,output/abfe/mol25/rec_final_14,2.431799266952353,-3.1079333333333334,1.638331413269043,3.2822817642146496,
mol25,rec_final_15,-18.046,3.52,output/abfe/mol25/rec_final_15/output/overall_stats.dat,input/poses/rec_15_mol25.sdf,output/abfe/mol25,output/abfe/mol25/rec_final_15,2.5100800624183286,-2.2939333333333334,1.1858160495758057,2.5597772765077784,
mol25,rec_final_5,-17.966,5.177,output/abfe/mol25/rec_final_5/output/overall_stats.dat,input/poses/rec_5_mol25.sdf,output/abfe/mol25,output/abfe/mol25/rec_final_5,2.441070663612588,-2.213933333333335,1.574043869972229,2.6302929912624213,
mol25,rec_final_19,-17.776,1.952,output/abfe/mol25/rec_final_19/output/overall_stats.dat,input/poses/rec_19_mol25.sdf,output/abfe/mol25,output/abfe/mol25/rec_final_19,2.5086719254916536,-2.023933333333334,1.3443783521652222,2.702747833083588,
mol25,rec_final_11,-16.477,3.514,output/abfe/mol25/rec_final_11/output/overall_stats.dat,input/poses/rec_11_mol25.sdf,output/abfe/mol25,output/abfe/mol25/rec_final_11,1.5890632176694546,-0.7249333333333343,1.2102872133255005,2.076319670450331,
mol25,rec_final_6,-14.04,1.744,output/abfe/mol25/rec_final_6/output/overall_stats.dat,input/poses/rec_6_mol25.sdf,output/abfe/mol25,output/abfe/mol25/rec_final_6,6.076417669544285,1.7120666666666668,1.1031334400177002,5.963811075769581,
mol25,rec_final_12,-13.46,2.516,output/abfe/mol25/rec_final_12/output/overall_stats.dat,input/poses/rec_12_mol25.sdf,output/abfe/mol25,output/abfe/mol25/rec_final_12,2.4520113630956115,2.292066666666665,1.2251150608062744,2.6312622323983477,
mol25,rec_final_16,-13.401,1.685,output/abfe/mol25/rec_final_16/output/overall_stats.dat,input/poses/rec_16_mol25.sdf,output/abfe/mol25,output/abfe/mol25/rec_final_16,2.4864386619721794,2.351066666666666,1.6947389841079712,3.168863686184627,
mol25,rec_final_7,-13.057,5.923,output/abfe/mol25/rec_final_7/output/overall_stats.dat,input/poses/rec_7_mol25.sdf,output/abfe/mol25,output/abfe/mol25/rec_final_7,6.125402263912958,2.6950666666666656,1.3454641103744507,5.81813876469865,
mol25,rec_final_2,-11.04,5.213,output/abfe/mol25/rec_final_2/output/overall_stats.dat,input/poses/rec_2_mol25.sdf,output/abfe/mol25,output/abfe/mol25/rec_final_2,2.421444094904939,4.712066666666667,1.4706311225891113,2.712967474781448,
mol25,rec_final_9,-10.156,4.646,output/abfe/mol25/rec_final_9/output/overall_stats.dat,input/poses/rec_9_mol25.sdf,output/abfe/mol25,output/abfe/mol25/rec_final_9,6.081028522359519,5.596066666666665,1.0769582986831665,5.897690266664085,
mol25,rec_final_18,-7.727,3.283,output/abfe/mol25/rec_final_18/output/overall_stats.dat,input/poses/rec_18_mol25.sdf,output/abfe/mol25,output/abfe/mol25/rec_final_18,6.096334743905554,8.025066666666666,1.638297438621521,6.068418655164573,
mol26,rec_final_19,-19.198,2.931,output/abfe/mol26/rec_final_19/output/overall_stats.dat,input/poses/rec_19_mol26.sdf,output/abfe/mol26,output/abfe/mol26/rec_final_19,4.152536605007345,-5.773199999999999,2.3528730869293213,2.3152445307858844,
mol26,rec_final_15,-19.001,1.926,output/abfe/mol26/rec_final_15/output/overall_stats.dat,input/poses/rec_15_mol26.sdf,output/abfe/mol26,output/abfe/mol26/rec_final_15,2.994860238561813,-5.5762,1.9971262216567993,2.6361548584944874,
mol26,rec_final_9,-18.694,1.422,output/abfe/mol26/rec_final_9/output/overall_stats.dat,input/poses/rec_9_mol26.sdf,output/abfe/mol26,output/abfe/mol26/rec_final_9,4.176407604406944,-5.269199999999998,2.0930216312408447,2.985499787585878,
mol26,rec_final_14,-17.013,3.685,output/abfe/mol26/rec_final_14/output/overall_stats.dat,input/poses/rec_14_mol26.sdf,output/abfe/mol26,output/abfe/mol26/rec_final_14,3.9609654365140905,-3.5882000000000005,1.6916534900665283,3.2804740537740047,
mol26,rec_final_6,-15.881,0.802,output/abfe/mol26/rec_final_6/output/overall_stats.dat,input/poses/rec_6_mol26.sdf,output/abfe/mol26,output/abfe/mol26/rec_final_6,4.035161919326805,-2.456199999999999,2.198798418045044,2.6314260801621225,
mol26,rec_final_20,-15.162,1.588,output/abfe/mol26/rec_final_20/output/overall_stats.dat,input/poses/rec_20_mol26.sdf,output/abfe/mol26,output/abfe/mol26/rec_final_20,3.7346309595559872,-1.7371999999999996,0.9575483202934265,4.048105491166765,
mol26,rec_final_7,-13.546,3.919,output/abfe/mol26/rec_final_7/output/overall_stats.dat,input/poses/rec_7_mol26.sdf,output/abfe/mol26,output/abfe/mol26/rec_final_7,4.008615250469456,-0.1211999999999982,2.4979782104492188,3.191492113174734,
mol26,rec_final_4,-12.491,1.369,output/abfe/mol26/rec_final_4/output/overall_stats.dat,input/poses/rec_4_mol26.sdf,output/abfe/mol26,output/abfe/mol26/rec_final_4,4.081247152843429,0.9338000000000015,1.8785113096237183,4.816302505383894,
mol26,rec_final_16,-12.172,3.054,output/abfe/mol26/rec_final_16/output/overall_stats.dat,input/poses/rec_16_mol26.sdf,output/abfe/mol26,output/abfe/mol26/rec_final_16,4.001052172311123,1.2528000000000006,1.962267279624939,2.4205589117739263,
mol26,rec_final_13,-11.776,2.244,output/abfe/mol26/rec_final_13/output/overall_stats.dat,input/poses/rec_13_mol26.sdf,output/abfe/mol26,output/abfe/mol26/rec_final_13,3.9997851243674467,1.6488000000000014,1.4692034721374512,4.230072942168825,
mol26,rec_final_2,-11.288,2.019,output/abfe/mol26/rec_final_2/output/overall_stats.dat,input/poses/rec_2_mol26.sdf,output/abfe/mol26,output/abfe/mol26/rec_final_2,3.998470832289097,2.136800000000001,1.4844017028808594,4.045044104529636,
mol26,rec_final_5,-11.04,2.452,output/abfe/mol26/rec_final_5/output/overall_stats.dat,input/poses/rec_5_mol26.sdf,output/abfe/mol26,output/abfe/mol26/rec_final_5,4.006918212246118,2.384800000000002,2.257676839828491,4.569683093004046,
mol26,rec_final_18,-10.665,4.745,output/abfe/mol26/rec_final_18/output/overall_stats.dat,input/poses/rec_18_mol26.sdf,output/abfe/mol26,output/abfe/mol26/rec_final_18,4.083948175524559,2.759800000000002,1.8763972520828247,5.17890908257573,
mol26,rec_final_11,-7.347,3.157,output/abfe/mol26/rec_final_11/output/overall_stats.dat,input/poses/rec_11_mol26.sdf,output/abfe/mol26,output/abfe/mol26/rec_final_11,4.087491258615638,6.077800000000001,1.59126615524292,3.8300782953329557,
mol26,rec_final_12,-6.098,2.097,output/abfe/mol26/rec_final_12/output/overall_stats.dat,input/poses/rec_12_mol26.sdf,output/abfe/mol26,output/abfe/mol26/rec_final_12,4.087937845209525,7.326800000000001,4.5218706130981445,2.605824114714664,
mol27,rec_final_9,-19.541,1.426,output/abfe/mol27/rec_final_9/output/overall_stats.dat,input/poses/rec_9_mol27.sdf,output/abfe/mol27,output/abfe/mol27/rec_final_9,4.376638273378324,-8.944,2.9155080318450928,4.37276368675949,
mol27,rec_final_6,-16.369,3.547,output/abfe/mol27/rec_final_6/output/overall_stats.dat,input/poses/rec_6_mol27.sdf,output/abfe/mol27,output/abfe/mol27/rec_final_6,4.098727706984205,-5.772,2.3611292839050293,5.4329945885860305,
mol27,rec_final_19,-13.12,3.131,output/abfe/mol27/rec_final_19/output/overall_stats.dat,input/poses/rec_19_mol27.sdf,output/abfe/mol27,output/abfe/mol27/rec_final_19,4.030495607242365,-2.5229999999999997,2.1096067428588867,2.9720574865856606,
mol27,rec_final_12,-11.183,1.246,output/abfe/mol27/rec_final_12/output/overall_stats.dat,input/poses/rec_12_mol27.sdf,output/abfe/mol27,output/abfe/mol27/rec_final_12,4.099239895395242,-0.5860000000000003,2.1591904163360596,4.644494465626774,
mol27,rec_final_7,-10.844,11.554,output/abfe/mol27/rec_final_7/output/overall_stats.dat,input/poses/rec_7_mol27.sdf,output/abfe/mol27,output/abfe/mol27/rec_final_7,3.8186768776632567,-0.2469999999999999,0.9279544353485107,4.456352609546023,
mol27,rec_final_4,-10.822,3.648,output/abfe/mol27/rec_final_4/output/overall_stats.dat,input/poses/rec_4_mol27.sdf,output/abfe/mol27,output/abfe/mol27/rec_final_4,4.027343436063034,-0.22499999999999964,2.563971519470215,3.103028278707861,
mol27,rec_final_14,-10.51,2.806,output/abfe/mol27/rec_final_14/output/overall_stats.dat,input/poses/rec_14_mol27.sdf,output/abfe/mol27,output/abfe/mol27/rec_final_14,4.455482069540848,0.08699999999999974,2.4531161785125732,4.42710133864354,
mol27,rec_final_15,-10.494,2.88,output/abfe/mol27/rec_final_15/output/overall_stats.dat,input/poses/rec_15_mol27.sdf,output/abfe/mol27,output/abfe/mol27/rec_final_15,4.03262638289242,0.10299999999999976,2.4386305809020996,2.8303594280963984,
mol27,rec_final_5,-10.349,2.528,output/abfe/mol27/rec_final_5/output/overall_stats.dat,input/poses/rec_5_mol27.sdf,output/abfe/mol27,output/abfe/mol27/rec_final_5,4.097671519289949,0.24799999999999933,2.1992905139923096,3.0551793959087896,
mol27,rec_final_13,-9.811,3.704,output/abfe/mol27/rec_final_13/output/overall_stats.dat,input/poses/rec_13_mol27.sdf,output/abfe/mol27,output/abfe/mol27/rec_final_13,4.0988982217176355,0.7859999999999996,1.2509738206863403,4.5274565843372265,
mol27,rec_final_2,-8.282,2.731,output/abfe/mol27/rec_final_2/output/overall_stats.dat,input/poses/rec_2_mol27.sdf,output/abfe/mol27,output/abfe/mol27/rec_final_2,4.098603386520828,2.3149999999999995,2.6220016479492188,5.885292843025052,
mol27,rec_final_20,-7.87,2.015,output/abfe/mol27/rec_final_20/output/overall_stats.dat,input/poses/rec_20_mol27.sdf,output/abfe/mol27,output/abfe/mol27/rec_final_20,4.019253290848936,2.7269999999999994,1.4362014532089233,4.059777551510788,
mol27,rec_final_18,-7.689,2.06,output/abfe/mol27/rec_final_18/output/overall_stats.dat,input/poses/rec_18_mol27.sdf,output/abfe/mol27,output/abfe/mol27/rec_final_18,4.3560027116612305,2.9079999999999995,2.719454288482666,4.588257363108468,
mol27,rec_final_11,-7.214,2.377,output/abfe/mol27/rec_final_11/output/overall_stats.dat,input/poses/rec_11_mol27.sdf,output/abfe/mol27,output/abfe/mol27/rec_final_11,4.104185230712669,3.382999999999999,1.3461095094680786,4.77195409728994,
mol27,rec_final_16,-4.857,3.036,output/abfe/mol27/rec_final_16/output/overall_stats.dat,input/poses/rec_16_mol27.sdf,output/abfe/mol27,output/abfe/mol27/rec_final_16,4.031693011130684,5.739999999999999,2.908773422241211,2.5014170675361176,
mol3,rec_final_20,-23.409,2.567,output/abfe/mol3/rec_final_20/output/overall_stats.dat,input/poses/rec_20_mol3.sdf,output/abfe/mol3,output/abfe/mol3/rec_final_20,2.743648701915719,-5.220933333333331,2.280066967010498,2.155934511365961,
mol3,rec_final_13,-23.264,3.822,output/abfe/mol3/rec_final_13/output/overall_stats.dat,input/poses/rec_13_mol3.sdf,output/abfe/mol3,output/abfe/mol3/rec_final_13,2.5437424181705195,-5.075933333333332,1.2359428405761719,2.7415429888910974,
mol3,rec_final_4,-21.555,2.668,output/abfe/mol3/rec_final_4/output/overall_stats.dat,input/poses/rec_4_mol3.sdf,output/abfe/mol3,output/abfe/mol3/rec_final_4,2.4901637418909974,-3.366933333333332,1.7909162044525146,2.478553752786318,
mol3,rec_final_5,-21.188,2.604,output/abfe/mol3/rec_final_5/output/overall_stats.dat,input/poses/rec_5_mol3.sdf,output/abfe/mol3,output/abfe/mol3/rec_final_5,1.4738164499337214,-2.999933333333331,1.4233794212341309,1.844969366003451,
mol3,rec_final_16,-20.673,2.958,output/abfe/mol3/rec_final_16/output/overall_stats.dat,input/poses/rec_16_mol3.sdf,output/abfe/mol3,output/abfe/mol3/rec_final_16,2.5478173374946045,-2.4849333333333306,2.8938612937927246,1.1497369954624472,
mol3,rec_final_12,-20.518,3.394,output/abfe/mol3/rec_final_12/output/overall_stats.dat,input/poses/rec_12_mol3.sdf,output/abfe/mol3,output/abfe/mol3/rec_final_12,1.8096287108001965,-2.329933333333333,3.797957420349121,4.532621766866188,
mol3,rec_final_15,-19.266,4.131,output/abfe/mol3/rec_final_15/output/overall_stats.dat,input/poses/rec_15_mol3.sdf,output/abfe/mol3,output/abfe/mol3/rec_final_15,2.215913930445598,-1.0779333333333305,2.5565030574798584,1.4727349246518138,
mol3,rec_final_19,-17.47,3.861,output/abfe/mol3/rec_final_19/output/overall_stats.dat,input/poses/rec_19_mol3.sdf,output/abfe/mol3,output/abfe/mol3/rec_final_19,2.152286728442234,0.7180666666666689,2.9865474700927734,2.9481926307988937,
mol3,rec_final_11,-16.361,4.136,output/abfe/mol3/rec_final_11/output/overall_stats.dat,input/poses/rec_11_mol3.sdf,output/abfe/mol3,output/abfe/mol3/rec_final_11,2.5400568196681856,1.827066666666667,1.3999314308166504,2.6233609617848557,
mol3,rec_final_14,-16.126,2.549,output/abfe/mol3/rec_final_14/output/overall_stats.dat,input/poses/rec_14_mol3.sdf,output/abfe/mol3,output/abfe/mol3/rec_final_14,2.91101621505029,2.0620666666666665,1.7442855834960938,2.8420420295198303,
mol3,rec_final_18,-15.77,4.102,output/abfe/mol3/rec_final_18/output/overall_stats.dat,input/poses/rec_18_mol3.sdf,output/abfe/mol3,output/abfe/mol3/rec_final_18,2.6378040099222506,2.418066666666668,2.3171067237854004,3.104675493685162,
mol3,rec_final_6,-15.136,2.744,output/abfe/mol3/rec_final_6/output/overall_stats.dat,input/poses/rec_6_mol3.sdf,output/abfe/mol3,output/abfe/mol3/rec_final_6,2.9469388475081026,3.0520666666666685,1.0739033222198486,3.024522048900732,
mol3,rec_final_1,-15.023,3.908,output/abfe/mol3/rec_final_1/output/overall_stats.dat,input/poses/rec_1_mol3.sdf,output/abfe/mol3,output/abfe/mol3/rec_final_1,1.8154291135129665,3.165066666666668,1.7541223764419556,2.6802349238600462,
mol3,rec_final_2,-14.705,2.872,output/abfe/mol3/rec_final_2/output/overall_stats.dat,input/poses/rec_2_mol3.sdf,output/abfe/mol3,output/abfe/mol3/rec_final_2,2.010370984361321,3.4830666666666676,2.3581137657165527,2.819639761083859,
mol3,rec_final_7,-12.357,4.018,output/abfe/mol3/rec_final_7/output/overall_stats.dat,input/poses/rec_7_mol3.sdf,output/abfe/mol3,output/abfe/mol3/rec_final_7,2.9508005071263534,5.831066666666668,3.2678239345550537,5.066879804616855,
mol30,rec_final_20,-27.422,4.475,output/abfe/mol30/rec_final_20/output/overall_stats.dat,input/poses/rec_20_mol30.sdf,output/abfe/mol30,output/abfe/mol30/rec_final_20,1.2637813155723356,-8.818785714285717,1.0620282888412476,1.2692829018095004,
mol30,rec_final_19,-25.252,3.009,output/abfe/mol30/rec_final_19/output/overall_stats.dat,input/poses/rec_19_mol30.sdf,output/abfe/mol30,output/abfe/mol30/rec_final_19,2.703172227312352,-6.648785714285715,1.233587384223938,2.6577172543265863,
mol30,rec_final_1,-22.252,2.787,output/abfe/mol30/rec_final_1/output/overall_stats.dat,input/poses/rec_1_mol30.sdf,output/abfe/mol30,output/abfe/mol30/rec_final_1,1.303822932468504,-3.648785714285715,1.1526484489440918,1.0890057985658672,
mol30,rec_final_14,-21.52,4.435,output/abfe/mol30/rec_final_14/output/overall_stats.dat,input/poses/rec_14_mol30.sdf,output/abfe/mol30,output/abfe/mol30/rec_final_14,1.0161518300898107,-2.916785714285716,1.069314956665039,1.0954901803820263,
mol30,rec_final_16,-20.641,1.532,output/abfe/mol30/rec_final_16/output/overall_stats.dat,input/poses/rec_16_mol30.sdf,output/abfe/mol30,output/abfe/mol30/rec_final_16,1.1316148743482273,-2.0377857142857145,0.7975050210952759,0.9513945280991918,
mol30,rec_final_4,-19.8,3.136,output/abfe/mol30/rec_final_4/output/overall_stats.dat,input/poses/rec_4_mol30.sdf,output/abfe/mol30,output/abfe/mol30/rec_final_4,0.9377236995334323,-1.196785714285717,1.9904121160507202,1.8755819745530808,
mol30,rec_final_15,-19.574,2.897,output/abfe/mol30/rec_final_15/output/overall_stats.dat,input/poses/rec_15_mol30.sdf,output/abfe/mol30,output/abfe/mol30/rec_final_15,0.9717787884028666,-0.9707857142857179,1.710744023323059,1.6698827409167776,
mol30,rec_final_11,-19.06,0.834,output/abfe/mol30/rec_final_11/output/overall_stats.dat,input/poses/rec_11_mol30.sdf,output/abfe/mol30,output/abfe/mol30/rec_final_11,0.9039916911633137,-0.456785714285715,0.727751612663269,1.0769319590688393,
mol30,rec_final_2,-18.781,2.632,output/abfe/mol30/rec_final_2/output/overall_stats.dat,input/poses/rec_2_mol30.sdf,output/abfe/mol30,output/abfe/mol30/rec_final_2,0.9367880712908445,-0.1777857142857151,1.1283499002456665,0.9262225065779195,
mol30,rec_final_12,-15.837,5.737,output/abfe/mol30/rec_final_12/output/overall_stats.dat,input/poses/rec_12_mol30.sdf,output/abfe/mol30,output/abfe/mol30/rec_final_12,0.9392688172326606,2.766214285714284,1.041803002357483,1.0139033435155944,
mol30,rec_final_5,-14.837,3.362,output/abfe/mol30/rec_final_5/output/overall_stats.dat,input/poses/rec_5_mol30.sdf,output/abfe/mol30,output/abfe/mol30/rec_final_5,6.427059536474251,3.766214285714284,1.7157403230667114,6.263963913510077,
mol30,rec_final_18,-14.776,1.649,output/abfe/mol30/rec_final_18/output/overall_stats.dat,input/poses/rec_18_mol30.sdf,output/abfe/mol30,output/abfe/mol30/rec_final_18,2.7377404005437094,3.827214285714284,2.027620792388916,2.5099045193750587,
mol30,rec_final_6,-12.801,4.88,output/abfe/mol30/rec_final_6/output/overall_stats.dat,input/poses/rec_6_mol30.sdf,output/abfe/mol30,output/abfe/mol30/rec_final_6,6.524646858171417,5.8022142857142835,1.3162647485733032,6.717902691814337,
mol30,rec_final_7,-7.892,2.0,output/abfe/mol30/rec_final_7/output/overall_stats.dat,input/poses/rec_7_mol30.sdf,output/abfe/mol30,output/abfe/mol30/rec_final_7,6.56490947724026,10.711214285714284,1.3112386465072632,6.600468091152007,
mol33,rec_final_6,-17.16,1.405,output/abfe/mol33/rec_final_6/output/overall_stats.dat,input/poses/rec_6_mol33.sdf,output/abfe/mol33,output/abfe/mol33/rec_final_6,3.3635170719352687,-6.7194,1.9356695413589478,2.7889396566246027,
mol33,rec_final_14,-16.813,1.724,output/abfe/mol33/rec_final_14/output/overall_stats.dat,input/poses/rec_14_mol33.sdf,output/abfe/mol33,output/abfe/mol33/rec_final_14,3.3632013566243697,-6.372399999999999,2.0628163814544678,3.5097693951324356,
mol33,rec_final_19,-14.242,4.586,output/abfe/mol33/rec_final_19/output/overall_stats.dat,input/poses/rec_19_mol33.sdf,output/abfe/mol33,output/abfe/mol33/rec_final_19,4.318930450609271,-3.801400000000001,2.228928565979004,2.989830351971121,
mol33,rec_final_13,-12.65,0.805,output/abfe/mol33/rec_final_13/output/overall_stats.dat,input/poses/rec_13_mol33.sdf,output/abfe/mol33,output/abfe/mol33/rec_final_13,3.3634032807856986,-2.2094000000000005,1.525834321975708,3.8529758939612324,
mol33,rec_final_4,-12.317,2.183,output/abfe/mol33/rec_final_4/output/overall_stats.dat,input/poses/rec_4_mol33.sdf,output/abfe/mol33,output/abfe/mol33/rec_final_4,4.318949988735689,-1.8764000000000003,2.1189026832580566,3.162720120563612,
mol33,rec_final_2,-11.5,2.153,output/abfe/mol33/rec_final_2/output/overall_stats.dat,input/poses/rec_2_mol33.sdf,output/abfe/mol33,output/abfe/mol33/rec_final_2,3.363314555197001,-1.0594000000000001,2.190185308456421,3.368385648867071,
mol33,rec_final_5,-10.913,4.525,output/abfe/mol33/rec_final_5/output/overall_stats.dat,input/poses/rec_5_mol33.sdf,output/abfe/mol33,output/abfe/mol33/rec_final_5,4.318951519663076,-0.4724000000000004,2.5416882038116455,3.0332170402595686,
mol33,rec_final_9,-10.887,3.988,output/abfe/mol33/rec_final_9/output/overall_stats.dat,input/poses/rec_9_mol33.sdf,output/abfe/mol33,output/abfe/mol33/rec_final_9,3.363351061842936,-0.4464000000000006,1.836908221244812,2.8735436872061,
mol33,rec_final_15,-8.95,2.727,output/abfe/mol33/rec_final_15/output/overall_stats.dat,input/poses/rec_15_mol33.sdf,output/abfe/mol33,output/abfe/mol33/rec_final_15,4.318835526991043,1.4906000000000006,3.317780017852783,2.8299950070489994,
mol33,rec_final_20,-8.058,1.293,output/abfe/mol33/rec_final_20/output/overall_stats.dat,input/poses/rec_20_mol33.sdf,output/abfe/mol33,output/abfe/mol33/rec_final_20,4.31920971535303,2.3826,1.7661834955215454,3.301698739507047,
mol33,rec_final_11,-7.64,3.582,output/abfe/mol33/rec_final_11/output/overall_stats.dat,input/poses/rec_11_mol33.sdf,output/abfe/mol33,output/abfe/mol33/rec_final_11,3.5136963575699025,2.8006,2.047755479812622,3.576039920508665,
mol33,rec_final_16,-6.981,3.586,output/abfe/mol33/rec_final_16/output/overall_stats.dat,input/poses/rec_16_mol33.sdf,output/abfe/mol33,output/abfe/mol33/rec_final_16,4.318860336385051,3.4596,1.7452820539474487,3.993910722515289,
mol33,rec_final_12,-6.955,1.019,output/abfe/mol33/rec_final_12/output/overall_stats.dat,input/poses/rec_12_mol33.sdf,output/abfe/mol33,output/abfe/mol33/rec_final_12,3.363486342056409,3.4856,2.181868076324463,4.170173683076797,
mol33,rec_final_18,-5.894,1.482,output/abfe/mol33/rec_final_18/output/overall_stats.dat,input/poses/rec_18_mol33.sdf,output/abfe/mol33,output/abfe/mol33/rec_final_18,3.514003625097732,4.5466,4.097048759460449,5.089497372737075,
mol33,rec_final_7,-5.649,4.694,output/abfe/mol33/rec_final_7/output/overall_stats.dat,input/poses/rec_7_mol33.sdf,output/abfe/mol33,output/abfe/mol33/rec_final_7,2.362825303148754,4.7916,2.354034662246704,3.1371366545077723,
mol34,rec_final_1,-18.864,2.437,output/abfe/mol34/rec_final_1/output/overall_stats.dat,input/poses/rec_1_mol34.sdf,output/abfe/mol34,output/abfe/mol34/rec_final_1,4.268528190673154,-4.469714285714286,1.557784080505371,3.862771837677243,
mol34,rec_final_18,-18.455,3.097,output/abfe/mol34/rec_final_18/output/overall_stats.dat,input/poses/rec_18_mol34.sdf,output/abfe/mol34,output/abfe/mol34/rec_final_18,1.341358716376794,-4.060714285714283,1.757156491279602,1.0830872239566742,
mol34,rec_final_16,-18.167,2.821,output/abfe/mol34/rec_final_16/output/overall_stats.dat,input/poses/rec_16_mol34.sdf,output/abfe/mol34,output/abfe/mol34/rec_final_16,0.8489848359742863,-3.7727142857142866,1.6363810300827026,1.584068084918565,
mol34,rec_final_4,-17.526,2.483,output/abfe/mol34/rec_final_4/output/overall_stats.dat,input/poses/rec_4_mol34.sdf,output/abfe/mol34,output/abfe/mol34/rec_final_4,0.8488939561907265,-3.131714285714285,1.4022413492202759,1.1145863979559802,
mol34,rec_final_19,-17.034,6.609,output/abfe/mol34/rec_final_19/output/overall_stats.dat,input/poses/rec_19_mol34.sdf,output/abfe/mol34,output/abfe/mol34/rec_final_19,0.8415508135069953,-2.639714285714284,1.136782169342041,1.2094783709280867,
mol34,rec_final_5,-15.19,1.423,output/abfe/mol34/rec_final_5/output/overall_stats.dat,input/poses/rec_5_mol34.sdf,output/abfe/mol34,output/abfe/mol34/rec_final_5,0.8490878165924386,-0.7957142857142845,0.9312976002693176,0.4411333955465918,
mol34,rec_final_6,-14.871,2.243,output/abfe/mol34/rec_final_6/output/overall_stats.dat,input/poses/rec_6_mol34.sdf,output/abfe/mol34,output/abfe/mol34/rec_final_6,6.473240623653217,-0.4767142857142854,1.8314751386642456,6.8667428631000895,
mol34,rec_final_14,-14.27,2.369,output/abfe/mol34/rec_final_14/output/overall_stats.dat,input/poses/rec_14_mol34.sdf,output/abfe/mol34,output/abfe/mol34/rec_final_14,4.276611112985876,0.12428571428571544,2.736346960067749,3.5118050711009174,
mol34,rec_final_2,-13.677,1.604,output/abfe/mol34/rec_final_2/output/overall_stats.dat,input/poses/rec_2_mol34.sdf,output/abfe/mol34,output/abfe/mol34/rec_final_2,0.8328923169979934,0.7172857142857154,1.2972644567489624,1.1988090385345336,
mol34,rec_final_12,-13.462,3.398,output/abfe/mol34/rec_final_12/output/overall_stats.dat,input/poses/rec_12_mol34.sdf,output/abfe/mol34,output/abfe/mol34/rec_final_12,1.0032237125529737,0.9322857142857153,2.915400981903076,2.918582100908774,
mol34,rec_final_15,-13.392,2.07,output/abfe/mol34/rec_final_15/output/overall_stats.dat,input/poses/rec_15_mol34.sdf,output/abfe/mol34,output/abfe/mol34/rec_final_15,0.8488174195398476,1.0022857142857156,0.8774850964546204,0.995235077899481,
mol34,rec_final_7,-12.53,5.19,output/abfe/mol34/rec_final_7/output/overall_stats.dat,input/poses/rec_7_mol34.sdf,output/abfe/mol34,output/abfe/mol34/rec_final_7,4.099264309639684,1.8642857142857157,3.585008382797241,3.350676418400569,
mol34,rec_final_11,-7.746,2.654,output/abfe/mol34/rec_final_11/output/overall_stats.dat,input/poses/rec_11_mol34.sdf,output/abfe/mol34,output/abfe/mol34/rec_final_11,6.441875972128439,6.648285714285715,2.238201856613159,7.582424406257739,
mol34,rec_final_8,-6.336,3.036,output/abfe/mol34/rec_final_8/output/overall_stats.dat,input/poses/rec_8_mol34.sdf,output/abfe/mol34,output/abfe/mol34/rec_final_8,1.3591196920906459,8.058285714285715,1.8057764768600464,0.9443273239124167,
mol35,rec_final_13,-24.934,2.559,output/abfe/mol35/rec_final_13/output/overall_stats.dat,input/poses/rec_13_mol35.sdf,output/abfe/mol35,output/abfe/mol35/rec_final_13,4.878578794306603,-7.337000000000003,1.6719505786895752,4.847952085938581,
mol35,rec_final_9,-22.89,3.77,output/abfe/mol35/rec_final_9/output/overall_stats.dat,input/poses/rec_9_mol35.sdf,output/abfe/mol35,output/abfe/mol35/rec_final_9,4.86460050881083,-5.293000000000003,1.2609291076660156,4.917950903421824,
mol35,rec_final_5,-22.622,2.3,output/abfe/mol35/rec_final_5/output/overall_stats.dat,input/poses/rec_5_mol35.sdf,output/abfe/mol35,output/abfe/mol35/rec_final_5,4.925231194900987,-5.025000000000002,2.0556912422180176,5.097763399447025,
mol35,rec_final_18,-21.534,4.613,output/abfe/mol35/rec_final_18/output/overall_stats.dat,input/poses/rec_18_mol35.sdf,output/abfe/mol35,output/abfe/mol35/rec_final_18,4.881296559713512,-3.937000000000001,2.4302377700805664,5.243406756328415,
mol35,rec_final_20,-19.194,2.699,output/abfe/mol35/rec_final_20/output/overall_stats.dat,input/poses/rec_20_mol35.sdf,output/abfe/mol35,output/abfe/mol35/rec_final_20,4.9216904380900575,-1.5970000000000013,1.4378628730773926,5.020512403967305,
mol35,rec_final_2,-18.872,2.75,output/abfe/mol35/rec_final_2/output/overall_stats.dat,input/poses/rec_2_mol35.sdf,output/abfe/mol35,output/abfe/mol35/rec_final_2,4.93382759489314,-1.2750000000000021,1.6227085590362549,5.320588120117534,
mol35,rec_final_14,-17.557,2.726,output/abfe/mol35/rec_final_14/output/overall_stats.dat,input/poses/rec_14_mol35.sdf,output/abfe/mol35,output/abfe/mol35/rec_final_14,4.892815649632666,0.03999999999999915,1.4392997026443481,5.383055361263062,
mol35,rec_final_6,-16.885,1.47,output/abfe/mol35/rec_final_6/output/overall_stats.dat,input/poses/rec_6_mol35.sdf,output/abfe/mol35,output/abfe/mol35/rec_final_6,4.937849867783973,0.7119999999999962,1.534114956855774,5.072868875884706,
mol35,rec_final_15,-16.867,3.851,output/abfe/mol35/rec_final_15/output/overall_stats.dat,input/poses/rec_15_mol35.sdf,output/abfe/mol35,output/abfe/mol35/rec_final_15,4.875481346029731,0.7299999999999969,1.7609697580337524,5.531357180673802,
mol35,rec_final_4,-16.809,2.586,output/abfe/mol35/rec_final_4/output/overall_stats.dat,input/poses/rec_4_mol35.sdf,output/abfe/mol35,output/abfe/mol35/rec_final_4,4.926708796791941,0.7879999999999967,1.465423822402954,4.968937591302492,
mol35,rec_final_19,-15.987,2.937,output/abfe/mol35/rec_final_19/output/overall_stats.dat,input/poses/rec_19_mol35.sdf,output/abfe/mol35,output/abfe/mol35/rec_final_19,4.855097033082363,1.6099999999999977,2.1139516830444336,5.646808712110311,
mol35,rec_final_12,-15.716,8.635,output/abfe/mol35/rec_final_12/output/overall_stats.dat,input/poses/rec_12_mol35.sdf,output/abfe/mol35,output/abfe/mol35/rec_final_12,4.925544154710218,1.8809999999999985,2.1185405254364014,5.199012872377309,
mol35,rec_final_11,-14.26,3.037,output/abfe/mol35/rec_final_11/output/overall_stats.dat,input/poses/rec_11_mol35.sdf,output/abfe/mol35,output/abfe/mol35/rec_final_11,4.930412617752223,3.336999999999998,1.3979332447052002,5.071009675900072,
mol35,rec_final_16,-11.399,1.48,output/abfe/mol35/rec_final_16/output/overall_stats.dat,input/poses/rec_16_mol35.sdf,output/abfe/mol35,output/abfe/mol35/rec_final_16,2.550159996372144,6.197999999999999,1.420088529586792,3.137287358329535,
mol35,rec_final_7,-8.429,3.585,output/abfe/mol35/rec_final_7/output/overall_stats.dat,input/poses/rec_7_mol35.sdf,output/abfe/mol35,output/abfe/mol35/rec_final_7,4.918288706516237,9.167999999999997,1.811212420463562,5.163218838756845,
mol36,rec_final_4,-22.529,3.831,output/abfe/mol36/rec_final_4/output/overall_stats.dat,input/poses/rec_4_mol36.sdf,output/abfe/mol36,output/abfe/mol36/rec_final_4,1.1049375421262506,-6.707153846153846,1.6346155405044556,1.1046773916131716,
mol36,rec_final_19,-21.815,3.051,output/abfe/mol36/rec_final_19/output/overall_stats.dat,input/poses/rec_19_mol36.sdf,output/abfe/mol36,output/abfe/mol36/rec_final_19,3.966321721047997,-5.993153846153847,1.1503715515136719,3.492312146947207,
mol36,rec_final_14,-17.676,1.622,output/abfe/mol36/rec_final_14/output/overall_stats.dat,input/poses/rec_14_mol36.sdf,output/abfe/mol36,output/abfe/mol36/rec_final_14,2.813674891464389,-1.854153846153844,1.0948162078857422,3.1123901766310462,
mol36,rec_final_5,-17.532,5.155,output/abfe/mol36/rec_final_5/output/overall_stats.dat,input/poses/rec_5_mol36.sdf,output/abfe/mol36,output/abfe/mol36/rec_final_5,1.1322563568884412,-1.7101538461538457,2.4049344062805176,2.347957237144856,
mol36,rec_final_20,-16.638,0.911,output/abfe/mol36/rec_final_20/output/overall_stats.dat,input/poses/rec_20_mol36.sdf,output/abfe/mol36,output/abfe/mol36/rec_final_20,2.3994513814620206,-0.8161538461538473,1.6411877870559692,2.7343535062064728,
mol36,rec_final_1,-15.84,1.403,output/abfe/mol36/rec_final_1/output/overall_stats.dat,input/poses/rec_1_mol36.sdf,output/abfe/mol36,output/abfe/mol36/rec_final_1,6.835120607191738,-0.01815384615384552,1.922952651977539,6.9549061558645136,
mol36,rec_final_6,-15.684,2.537,output/abfe/mol36/rec_final_6/output/overall_stats.dat,input/poses/rec_6_mol36.sdf,output/abfe/mol36,output/abfe/mol36/rec_final_6,4.006310770414953,0.13784615384615506,1.6823155879974365,3.174189571339525,
mol36,rec_final_12,-14.947,2.768,output/abfe/mol36/rec_final_12/output/overall_stats.dat,input/poses/rec_12_mol36.sdf,output/abfe/mol36,output/abfe/mol36/rec_final_12,1.116485959479243,0.8748461538461552,1.9138703346252441,1.172700653460549,
mol36,rec_final_15,-14.613,2.032,output/abfe/mol36/rec_final_15/output/overall_stats.dat,input/poses/rec_15_mol36.sdf,output/abfe/mol36,output/abfe/mol36/rec_final_15,1.094310408039171,1.2088461538461548,1.8720515966415405,1.3428944590605312,
mol36,rec_final_2,-12.816,2.615,output/abfe/mol36/rec_final_2/output/overall_stats.dat,input/poses/rec_2_mol36.sdf,output/abfe/mol36,output/abfe/mol36/rec_final_2,1.1267373254540867,3.0058461538461536,1.374362587928772,1.51512290350225,
mol36,rec_final_7,-12.608,1.942,output/abfe/mol36/rec_final_7/output/overall_stats.dat,input/poses/rec_7_mol36.sdf,output/abfe/mol36,output/abfe/mol36/rec_final_7,3.9929023043395384,3.213846153846154,2.085223436355591,4.532918440904301,
mol36,rec_final_16,-12.021,2.818,output/abfe/mol36/rec_final_16/output/overall_stats.dat,input/poses/rec_16_mol36.sdf,output/abfe/mol36,output/abfe/mol36/rec_final_16,2.654979720234628,3.8008461538461535,0.7082895040512085,2.8637554817318813,
mol36,rec_final_11,-10.965,0.919,output/abfe/mol36/rec_final_11/output/overall_stats.dat,input/poses/rec_11_mol36.sdf,output/abfe/mol36,output/abfe/mol36/rec_final_11,2.3577927487982726,4.8568461538461545,2.1542937755584717,3.0056302496529264,
mol37,rec_final_6,-21.045,3.098,output/abfe/mol37/rec_final_6/output/overall_stats.dat,input/poses/rec_6_mol37.sdf,output/abfe/mol37,output/abfe/mol37/rec_final_6,5.005474485500851,-5.068666666666667,0.8283047676086426,4.883473661337036,
mol37,rec_final_20,-19.637,2.067,output/abfe/mol37/rec_final_20/output/overall_stats.dat,input/poses/rec_20_mol37.sdf,output/abfe/mol37,output/abfe/mol37/rec_final_20,5.0045719535574005,-3.660666666666666,1.1292153596878052,4.815320626726456,
mol37,rec_final_13,-18.444,2.366,output/abfe/mol37/rec_final_13/output/overall_stats.dat,input/poses/rec_13_mol37.sdf,output/abfe/mol37,output/abfe/mol37/rec_final_13,5.019411797378918,-2.4676666666666645,1.6718840599060059,5.257797552746043,
mol37,rec_final_16,-18.383,1.879,output/abfe/mol37/rec_final_16/output/overall_stats.dat,input/poses/rec_16_mol37.sdf,output/abfe/mol37,output/abfe/mol37/rec_final_16,2.6686381430110253,-2.4066666666666645,1.1479177474975586,3.1332343040961272,
mol37,rec_final_14,-18.006,4.571,output/abfe/mol37/rec_final_14/output/overall_stats.dat,input/poses/rec_14_mol37.sdf,output/abfe/mol37,output/abfe/mol37/rec_final_14,5.015749730432463,-2.0296666666666656,1.715951919555664,5.27361344184813,
mol37,rec_final_9,-17.782,2.722,output/abfe/mol37/rec_final_9/output/overall_stats.dat,input/poses/rec_9_mol37.sdf,output/abfe/mol37,output/abfe/mol37/rec_final_9,5.019034650043107,-1.8056666666666654,1.5613338947296143,5.148184383684308,
mol37,rec_final_12,-17.426,1.975,output/abfe/mol37/rec_final_12/output/overall_stats.dat,input/poses/rec_12_mol37.sdf,output/abfe/mol37,output/abfe/mol37/rec_final_12,5.01822248128425,-1.4496666666666638,1.4874019622802734,4.524172883978467,
mol37,rec_final_4,-16.58,4.537,output/abfe/mol37/rec_final_4/output/overall_stats.dat,input/poses/rec_4_mol37.sdf,output/abfe/mol37,output/abfe/mol37/rec_final_4,5.019377616630704,-0.6036666666666637,2.088348388671875,4.707610780086051,
mol37,rec_final_18,-16.224,2.842,output/abfe/mol37/rec_final_18/output/overall_stats.dat,input/poses/rec_18_mol37.sdf,output/abfe/mol37,output/abfe/mol37/rec_final_18,5.018444614785209,-0.2476666666666656,1.837843894958496,4.740621010586883,
mol37,rec_final_5,-14.989,2.744,output/abfe/mol37/rec_final_5/output/overall_stats.dat,input/poses/rec_5_mol37.sdf,output/abfe/mol37,output/abfe/mol37/rec_final_5,5.008291012411319,0.9873333333333338,2.547241687774658,5.124453858885274,
mol37,rec_final_19,-14.359,2.608,output/abfe/mol37/rec_final_19/output/overall_stats.dat,input/poses/rec_19_mol37.sdf,output/abfe/mol37,output/abfe/mol37/rec_final_19,4.966631994118347,1.6173333333333346,2.645249843597412,6.190875578723442,
mol37,rec_final_15,-14.108,1.196,output/abfe/mol37/rec_final_15/output/overall_stats.dat,input/poses/rec_15_mol37.sdf,output/abfe/mol37,output/abfe/mol37/rec_final_15,3.1900571340233603,1.868333333333334,1.373947262763977,3.585215078033938,
mol37,rec_final_7,-13.319,4.376,output/abfe/mol37/rec_final_7/output/overall_stats.dat,input/poses/rec_7_mol37.sdf,output/abfe/mol37,output/abfe/mol37/rec_final_7,5.030952706164775,2.6573333333333338,1.2310853004455566,5.2599122815548185,
mol37,rec_final_11,-11.306,2.967,output/abfe/mol37/rec_final_11/output/overall_stats.dat,input/poses/rec_11_mol37.sdf,output/abfe/mol37,output/abfe/mol37/rec_final_11,5.022192453334831,4.6703333333333354,1.522867202758789,5.409408281911664,
mol37,rec_final_2,-8.037,1.435,output/abfe/mol37/rec_final_2/output/overall_stats.dat,input/poses/rec_2_mol37.sdf,output/abfe/mol37,output/abfe/mol37/rec_final_2,5.016350419544737,7.939333333333334,2.3147599697113037,4.564975856439603,
mol39,rec_final_20,-25.549,2.802,output/abfe/mol39/rec_final_20/output/overall_stats.dat,input/poses/rec_20_mol39.sdf,output/abfe/mol39,output/abfe/mol39/rec_final_20,1.5556970295382984,-11.165624999999999,1.4623332023620605,2.1954785431413923,
mol39,rec_final_4,-20.952,3.18,output/abfe/mol39/rec_final_4/output/overall_stats.dat,input/poses/rec_4_mol39.sdf,output/abfe/mol39,output/abfe/mol39/rec_final_4,1.7123761925631709,-6.568625000000001,1.2960222959518433,1.5626635392411934,
mol39,rec_final_19,-20.44,3.101,output/abfe/mol39/rec_final_19/output/overall_stats.dat,input/poses/rec_19_mol39.sdf,output/abfe/mol39,output/abfe/mol39/rec_final_19,1.70978878954599,-6.056625,1.0687848329544067,1.9683916318223569,
mol39,rec_final_16,-18.199,1.915,output/abfe/mol39/rec_final_16/output/overall_stats.dat,input/poses/rec_16_mol39.sdf,output/abfe/mol39,output/abfe/mol39/rec_final_16,1.7175300593751313,-3.8156250000000007,1.2150992155075073,1.9231623045628778,
mol39,rec_final_14,-16.943,2.213,output/abfe/mol39/rec_final_14/output/overall_stats.dat,input/poses/rec_14_mol39.sdf,output/abfe/mol39,output/abfe/mol39/rec_final_14,4.524173927028006,-2.5596250000000005,2.185638666152954,4.02361188044018,
mol39,rec_final_11,-16.928,2.409,output/abfe/mol39/rec_final_11/output/overall_stats.dat,input/poses/rec_11_mol39.sdf,output/abfe/mol39,output/abfe/mol39/rec_final_11,5.164036923819525,-2.544625,3.3884835243225098,5.218266330563693,
mol39,rec_final_15,-16.423,3.981,output/abfe/mol39/rec_final_15/output/overall_stats.dat,input/poses/rec_15_mol39.sdf,output/abfe/mol39,output/abfe/mol39/rec_final_15,1.711709091355354,-2.0396249999999974,1.1488454341888428,2.122786290277849,
mol39,rec_final_9,-16.148,4.14,output/abfe/mol39/rec_final_9/output/overall_stats.dat,input/poses/rec_9_mol39.sdf,output/abfe/mol39,output/abfe/mol39/rec_final_9,5.645687367160378,-1.7646249999999988,1.4743351936340332,5.830316037532424,
mol39,rec_final_1,-15.632,3.109,output/abfe/mol39/rec_final_1/output/overall_stats.dat,input/poses/rec_1_mol39.sdf,output/abfe/mol39,output/abfe/mol39/rec_final_1,1.579445454853425,-1.2486249999999988,1.2179300785064697,1.0559296618600216,
mol39,rec_final_6,-13.227,2.29,output/abfe/mol39/rec_final_6/output/overall_stats.dat,input/poses/rec_6_mol39.sdf,output/abfe/mol39,output/abfe/mol39/rec_final_6,5.6514929543819274,1.1563750000000006,1.2504351139068604,5.416903882388389,
mol39,rec_final_13,-11.721,1.634,output/abfe/mol39/rec_final_13/output/overall_stats.dat,input/poses/rec_13_mol39.sdf,output/abfe/mol39,output/abfe/mol39/rec_final_13,5.215270525978768,2.662375000000001,1.4833869934082031,5.0108619491570074,
mol39,rec_final_12,-10.713,1.508,output/abfe/mol39/rec_final_12/output/overall_stats.dat,input/poses/rec_12_mol39.sdf,output/abfe/mol39,output/abfe/mol39/rec_final_12,5.660506220345618,3.6703750000000017,1.8780051469802856,6.013036831574621,
mol39,rec_final_5,-10.701,2.123,output/abfe/mol39/rec_final_5/output/overall_stats.dat,input/poses/rec_5_mol39.sdf,output/abfe/mol39,output/abfe/mol39/rec_final_5,5.653194685359017,3.6823750000000004,1.4148939847946167,5.6111293186539,
mol39,rec_final_7,-6.786,1.705,output/abfe/mol39/rec_final_7/output/overall_stats.dat,input/poses/rec_7_mol39.sdf,output/abfe/mol39,output/abfe/mol39/rec_final_7,1.5555164550720768,7.597375000000001,2.340301513671875,3.233087599717821,
mol39,rec_final_18,-5.058,4.026,output/abfe/mol39/rec_final_18/output/overall_stats.dat,input/poses/rec_18_mol39.sdf,output/abfe/mol39,output/abfe/mol39/rec_final_18,5.635266930602565,9.325375000000001,1.8335157632827759,5.151028600873979,
mol39,rec_final_2,-4.714,1.788,output/abfe/mol39/rec_final_2/output/overall_stats.dat,input/poses/rec_2_mol39.sdf,output/abfe/mol39,output/abfe/mol39/rec_final_2,5.624389700657054,9.669375,1.4248045682907104,5.968523676709263,
mol4,rec_final_14,-15.83,3.941,output/abfe/mol4/rec_final_14/output/overall_stats.dat,input/poses/rec_14_mol4.sdf,output/abfe/mol4,output/abfe/mol4/rec_final_14,3.353647153538187,-3.4880666666666666,2.029371976852417,3.896274839385818,
mol4,rec_final_6,-15.475,3.114,output/abfe/mol4/rec_final_6/output/overall_stats.dat,input/poses/rec_6_mol4.sdf,output/abfe/mol4,output/abfe/mol4/rec_final_6,2.9803915638575154,-3.1330666666666662,1.4962693452835083,3.9773169673927926,
mol4,rec_final_13,-14.97,5.773,output/abfe/mol4/rec_final_13/output/overall_stats.dat,input/poses/rec_13_mol4.sdf,output/abfe/mol4,output/abfe/mol4/rec_final_13,2.9967076390453986,-2.628066666666667,0.8375543355941772,3.2208382719241073,
mol4,rec_final_4,-14.051,1.9,output/abfe/mol4/rec_final_4/output/overall_stats.dat,input/poses/rec_4_mol4.sdf,output/abfe/mol4,output/abfe/mol4/rec_final_4,0.7864553029119083,-1.7090666666666667,1.4383881092071533,1.1158437019012684,
mol4,rec_final_20,-14.02,2.899,output/abfe/mol4/rec_final_20/output/overall_stats.dat,input/poses/rec_20_mol4.sdf,output/abfe/mol4,output/abfe/mol4/rec_final_20,2.9974000262546383,-1.6780666666666662,1.4285802841186523,3.9895740251229523,
mol4,rec_final_19,-13.677,3.608,output/abfe/mol4/rec_final_19/output/overall_stats.dat,input/poses/rec_19_mol4.sdf,output/abfe/mol4,output/abfe/mol4/rec_final_19,2.162928669751914,-1.3350666666666662,1.4713479280471802,2.623680037887518,
mol4,rec_final_7,-12.873,4.182,output/abfe/mol4/rec_final_7/output/overall_stats.dat,input/poses/rec_7_mol4.sdf,output/abfe/mol4,output/abfe/mol4/rec_final_7,0.7960793629870793,-0.5310666666666659,1.6881160736083984,1.6209710636741925,
mol4,rec_final_11,-12.62,2.13,output/abfe/mol4/rec_final_11/output/overall_stats.dat,input/poses/rec_11_mol4.sdf,output/abfe/mol4,output/abfe/mol4/rec_final_11,0.7379061181006938,-0.2780666666666658,0.8515734672546387,0.6333757853165957,
mol4,rec_final_5,-12.531,2.42,output/abfe/mol4/rec_final_5/output/overall_stats.dat,input/poses/rec_5_mol4.sdf,output/abfe/mol4,output/abfe/mol4/rec_final_5,0.7876727056997399,-0.18906666666666716,0.8578516840934753,0.8795596354851833,
mol4,rec_final_16,-12.064,3.105,output/abfe/mol4/rec_final_16/output/overall_stats.dat,input/poses/rec_16_mol4.sdf,output/abfe/mol4,output/abfe/mol4/rec_final_16,0.7226275515511914,0.27793333333333337,1.4030349254608154,1.2374434198419177,
mol4,rec_final_15,-12.018,2.024,output/abfe/mol4/rec_final_15/output/overall_stats.dat,input/poses/rec_15_mol4.sdf,output/abfe/mol4,output/abfe/mol4/rec_final_15,2.994424072519949,0.32393333333333274,1.2817699909210205,2.6270901271718734,
mol4,rec_final_9,-10.215,1.71,output/abfe/mol4/rec_final_9/output/overall_stats.dat,input/poses/rec_9_mol4.sdf,output/abfe/mol4,output/abfe/mol4/rec_final_9,2.996740239863541,2.1269333333333336,2.3312857151031494,4.914051332710014,
mol4,rec_final_12,-9.3,4.137,output/abfe/mol4/rec_final_12/output/overall_stats.dat,input/poses/rec_12_mol4.sdf,output/abfe/mol4,output/abfe/mol4/rec_final_12,0.7738912208696586,3.0419333333333327,1.3343064785003662,1.2004955801125199,
mol4,rec_final_2,-9.033,1.401,output/abfe/mol4/rec_final_2/output/overall_stats.dat,input/poses/rec_2_mol4.sdf,output/abfe/mol4,output/abfe/mol4/rec_final_2,0.7869480536416845,3.308933333333334,1.2944077253341675,1.2733927373655483,
mol4,rec_final_18,-6.452,2.337,output/abfe/mol4/rec_final_18/output/overall_stats.dat,input/poses/rec_18_mol4.sdf,output/abfe/mol4,output/abfe/mol4/rec_final_18,2.164215476895677,5.8899333333333335,1.8841521739959717,3.152101975746713,
mol40,rec_final_20,-24.971,2.386,output/abfe/mol40/rec_final_20/output/overall_stats.dat,input/poses/rec_20_mol40.sdf,output/abfe/mol40,output/abfe/mol40/rec_final_20,2.0818589970779207,-9.58646666666667,1.1401559114456177,1.9687147849957665,
mol40,rec_final_14,-21.531,5.704,output/abfe/mol40/rec_final_14/output/overall_stats.dat,input/poses/rec_14_mol40.sdf,output/abfe/mol40,output/abfe/mol40/rec_final_14,1.0580483857420833,-6.146466666666669,1.4499024152755737,1.387023613681627,
mol40,rec_final_4,-20.955,1.732,output/abfe/mol40/rec_final_4/output/overall_stats.dat,input/poses/rec_4_mol40.sdf,output/abfe/mol40,output/abfe/mol40/rec_final_4,2.112392688939657,-5.570466666666668,1.751450777053833,2.5276956602289986,
mol40,rec_final_1,-18.944,3.104,output/abfe/mol40/rec_final_1/output/overall_stats.dat,input/poses/rec_1_mol40.sdf,output/abfe/mol40,output/abfe/mol40/rec_final_1,1.6542825266561936,-3.559466666666669,1.2719618082046509,1.6774372449571726,
mol40,rec_final_19,-18.439,1.831,output/abfe/mol40/rec_final_19/output/overall_stats.dat,input/poses/rec_19_mol40.sdf,output/abfe/mol40,output/abfe/mol40/rec_final_19,2.131666088365088,-3.05446666666667,0.9489755034446716,2.3876412426564286,
mol40,rec_final_15,-16.989,2.114,output/abfe/mol40/rec_final_15/output/overall_stats.dat,input/poses/rec_15_mol40.sdf,output/abfe/mol40,output/abfe/mol40/rec_final_15,2.13557308153372,-1.6044666666666707,1.0190415382385254,2.253134994063088,
mol40,rec_final_9,-16.173,6.322,output/abfe/mol40/rec_final_9/output/overall_stats.dat,input/poses/rec_9_mol40.sdf,output/abfe/mol40,output/abfe/mol40/rec_final_9,5.411251526561511,-0.7884666666666682,1.2373223304748535,5.518282065413877,
mol40,rec_final_11,-16.056,3.874,output/abfe/mol40/rec_final_11/output/overall_stats.dat,input/poses/rec_11_mol40.sdf,output/abfe/mol40,output/abfe/mol40/rec_final_11,1.5335106793610163,-0.6714666666666709,1.2378907203674316,1.5122835388403764,
mol40,rec_final_16,-15.987,1.563,output/abfe/mol40/rec_final_16/output/overall_stats.dat,input/poses/rec_16_mol40.sdf,output/abfe/mol40,output/abfe/mol40/rec_final_16,2.4941259833571245,-0.60246666666667,1.962408423423767,2.047730130247261,
mol40,rec_final_5,-13.36,2.108,output/abfe/mol40/rec_final_5/output/overall_stats.dat,input/poses/rec_5_mol40.sdf,output/abfe/mol40,output/abfe/mol40/rec_final_5,5.424000750447694,2.0245333333333306,1.7404744625091553,5.85702306892681,
mol40,rec_final_12,-12.604,4.786,output/abfe/mol40/rec_final_12/output/overall_stats.dat,input/poses/rec_12_mol40.sdf,output/abfe/mol40,output/abfe/mol40/rec_final_12,2.132486002834653,2.780533333333331,1.6564931869506836,1.764963162650369,
mol40,rec_final_6,-10.442,2.405,output/abfe/mol40/rec_final_6/output/overall_stats.dat,input/poses/rec_6_mol40.sdf,output/abfe/mol40,output/abfe/mol40/rec_final_6,5.4172894807274234,4.94253333333333,1.4829795360565186,5.070140600604013,
mol40,rec_final_18,-9.957,5.359,output/abfe/mol40/rec_final_18/output/overall_stats.dat,input/poses/rec_18_mol40.sdf,output/abfe/mol40,output/abfe/mol40/rec_final_18,5.418274937204909,5.427533333333329,2.405778646469116,5.650589515542717,
mol40,rec_final_2,-7.957,1.942,output/abfe/mol40/rec_final_2/output/overall_stats.dat,input/poses/rec_2_mol40.sdf,output/abfe/mol40,output/abfe/mol40/rec_final_2,5.402255370623326,7.42753333333333,1.768088459968567,5.631491896187912,
mol40,rec_final_7,-6.403,2.195,output/abfe/mol40/rec_final_7/output/overall_stats.dat,input/poses/rec_7_mol40.sdf,output/abfe/mol40,output/abfe/mol40/rec_final_7,5.439780939733301,8.981533333333331,1.4847363233566284,5.206271673199224,
mol43,rec_final_20,-21.965,3.107,output/abfe/mol43/rec_final_20/output/overall_stats.dat,input/poses/rec_20_mol43.sdf,output/abfe/mol43,output/abfe/mol43/rec_final_20,1.7746095374131676,-7.9081875,1.9518414735794067,3.1786635558916423,
mol43,rec_final_5,-20.856,5.719,output/abfe/mol43/rec_final_5/output/overall_stats.dat,input/poses/rec_5_mol43.sdf,output/abfe/mol43,output/abfe/mol43/rec_final_5,1.4142432956060524,-6.799187500000002,1.3426908254623413,0.7939946734380737,
mol43,rec_final_19,-20.695,1.644,output/abfe/mol43/rec_final_19/output/overall_stats.dat,input/poses/rec_19_mol43.sdf,output/abfe/mol43,output/abfe/mol43/rec_final_19,1.7311806229179747,-6.638187500000001,1.4860585927963257,2.582854827875604,
mol43,rec_final_6,-20.202,4.246,output/abfe/mol43/rec_final_6/output/overall_stats.dat,input/poses/rec_6_mol43.sdf,output/abfe/mol43,output/abfe/mol43/rec_final_6,6.2326153150851,-6.145187500000002,1.7683566808700562,7.275911121117898,
mol43,rec_final_1,-18.13,4.687,output/abfe/mol43/rec_final_1/output/overall_stats.dat,input/poses/rec_1_mol43.sdf,output/abfe/mol43,output/abfe/mol43/rec_final_1,2.6945853235392887,-4.0731874999999995,2.4917685985565186,2.177898080645347,
mol43,rec_final_4,-16.568,2.644,output/abfe/mol43/rec_final_4/output/overall_stats.dat,input/poses/rec_4_mol43.sdf,output/abfe/mol43,output/abfe/mol43/rec_final_4,2.107781534971466,-2.511187500000002,1.268988013267517,2.282162879580956,
mol43,rec_final_14,-16.161,2.111,output/abfe/mol43/rec_final_14/output/overall_stats.dat,input/poses/rec_14_mol43.sdf,output/abfe/mol43,output/abfe/mol43/rec_final_14,3.704549057015352,-2.104187500000002,1.4188690185546875,3.4287925345966226,
mol43,rec_final_16,-15.883,3.449,output/abfe/mol43/rec_final_16/output/overall_stats.dat,input/poses/rec_16_mol43.sdf,output/abfe/mol43,output/abfe/mol43/rec_final_16,1.4155668924301827,-1.8261874999999996,1.3715685606002808,0.9727670434842111,
mol43,rec_final_15,-13.493,2.306,output/abfe/mol43/rec_final_15/output/overall_stats.dat,input/poses/rec_15_mol43.sdf,output/abfe/mol43,output/abfe/mol43/rec_final_15,1.4125986609594547,0.5638124999999992,1.2718621492385864,1.4864149742074255,
mol43,rec_final_11,-10.611,11.06,output/abfe/mol43/rec_final_11/output/overall_stats.dat,input/poses/rec_11_mol43.sdf,output/abfe/mol43,output/abfe/mol43/rec_final_11,6.229441692858376,3.445812499999999,1.4738022089004517,6.752071331663164,
mol43,rec_final_7,-10.291,7.268,output/abfe/mol43/rec_final_7/output/overall_stats.dat,input/poses/rec_7_mol43.sdf,output/abfe/mol43,output/abfe/mol43/rec_final_7,1.8688035118313893,3.765812499999999,2.617854595184326,1.3982456909136902,
mol43,rec_final_2,-8.975,1.703,output/abfe/mol43/rec_final_2/output/overall_stats.dat,input/poses/rec_2_mol43.sdf,output/abfe/mol43,output/abfe/mol43/rec_final_2,1.3608477665084775,5.0818125,1.5632290840148926,1.0302961130165615,
mol43,rec_final_13,-8.514,2.886,output/abfe/mol43/rec_final_13/output/overall_stats.dat,input/poses/rec_13_mol43.sdf,output/abfe/mol43,output/abfe/mol43/rec_final_13,6.184249302708904,5.5428125,2.7687759399414062,7.621502294730543,
mol43,rec_final_12,-8.031,3.887,output/abfe/mol43/rec_final_12/output/overall_stats.dat,input/poses/rec_12_mol43.sdf,output/abfe/mol43,output/abfe/mol43/rec_final_12,1.850031570075975,6.025812499999999,2.258777141571045,1.2254381169134587,
mol43,rec_final_18,-7.704,4.425,output/abfe/mol43/rec_final_18/output/overall_stats.dat,input/poses/rec_18_mol43.sdf,output/abfe/mol43,output/abfe/mol43/rec_final_18,6.190550551198532,6.3528125,2.9950056076049805,6.656694277540796,
mol43,rec_final_8,-6.83,5.456,output/abfe/mol43/rec_final_8/output/overall_stats.dat,input/poses/rec_8_mol43.sdf,output/abfe/mol43,output/abfe/mol43/rec_final_8,5.537098779971933,7.226812499999999,4.310638904571533,6.828809104993754,
mol44,rec_final_19,-24.999,3.124,output/abfe/mol44/rec_final_19/output/overall_stats.dat,input/poses/rec_19_mol44.sdf,output/abfe/mol44,output/abfe/mol44/rec_final_19,2.144387075668504,-10.273928571428572,0.8444141745567322,1.987191950363563,
mol44,rec_final_20,-23.455,2.495,output/abfe/mol44/rec_final_20/output/overall_stats.dat,input/poses/rec_20_mol44.sdf,output/abfe/mol44,output/abfe/mol44/rec_final_20,2.0436217189817976,-8.729928571428571,1.116173505783081,2.480237929238186,
mol44,rec_final_14,-20.505,2.895,output/abfe/mol44/rec_final_14/output/overall_stats.dat,input/poses/rec_14_mol44.sdf,output/abfe/mol44,output/abfe/mol44/rec_final_14,2.1869249283088856,-5.779928571428572,1.1212390661239624,2.29352179959104,
mol44,rec_final_6,-18.496,3.346,output/abfe/mol44/rec_final_6/output/overall_stats.dat,input/poses/rec_6_mol44.sdf,output/abfe/mol44,output/abfe/mol44/rec_final_6,5.539295204770029,-3.7709285714285716,2.0101592540740967,5.123989357550585,
mol44,rec_final_15,-17.741,2.43,output/abfe/mol44/rec_final_15/output/overall_stats.dat,input/poses/rec_15_mol44.sdf,output/abfe/mol44,output/abfe/mol44/rec_final_15,2.1420302713162798,-3.0159285714285726,1.3416478633880615,1.932025557398979,
mol44,rec_final_12,-16.402,3.929,output/abfe/mol44/rec_final_12/output/overall_stats.dat,input/poses/rec_12_mol44.sdf,output/abfe/mol44,output/abfe/mol44/rec_final_12,2.1465107529772727,-1.676928571428574,1.9685335159301758,2.0537574156396206,
mol44,rec_final_4,-16.049,1.384,output/abfe/mol44/rec_final_4/output/overall_stats.dat,input/poses/rec_4_mol44.sdf,output/abfe/mol44,output/abfe/mol44/rec_final_4,5.519382876921914,-1.3239285714285725,1.841965675354004,6.029589948991025,
mol44,rec_final_16,-14.921,1.709,output/abfe/mol44/rec_final_16/output/overall_stats.dat,input/poses/rec_16_mol44.sdf,output/abfe/mol44,output/abfe/mol44/rec_final_16,2.1405987344803377,-0.19592857142857234,1.8325741291046143,1.8818423082557558,
mol44,rec_final_2,-14.093,2.09,output/abfe/mol44/rec_final_2/output/overall_stats.dat,input/poses/rec_2_mol44.sdf,output/abfe/mol44,output/abfe/mol44/rec_final_2,2.473381850291811,0.6320714285714271,1.9369239807128906,2.7966185288470524,
mol44,rec_final_11,-11.813,3.308,output/abfe/mol44/rec_final_11/output/overall_stats.dat,input/poses/rec_11_mol44.sdf,output/abfe/mol44,output/abfe/mol44/rec_final_11,5.511649121286338,2.9120714285714264,1.1588398218154907,5.379874738265813,
mol44,rec_final_5,-9.806,2.309,output/abfe/mol44/rec_final_5/output/overall_stats.dat,input/poses/rec_5_mol44.sdf,output/abfe/mol44,output/abfe/mol44/rec_final_5,5.5337217032588155,4.919071428571428,2.3247313499450684,6.295539306729588,
mol44,rec_final_7,-9.298,2.821,output/abfe/mol44/rec_final_7/output/overall_stats.dat,input/poses/rec_7_mol44.sdf,output/abfe/mol44,output/abfe/mol44/rec_final_7,5.54964419853148,5.427071428571427,1.9325740337371826,6.180887772064167,
mol44,rec_final_9,-6.368,3.131,output/abfe/mol44/rec_final_9/output/overall_stats.dat,input/poses/rec_9_mol44.sdf,output/abfe/mol44,output/abfe/mol44/rec_final_9,5.523456668742011,8.357071428571427,1.832492709159851,5.052127963558425,
mol44,rec_final_18,-2.205,6.344,output/abfe/mol44/rec_final_18/output/overall_stats.dat,input/poses/rec_18_mol44.sdf,output/abfe/mol44,output/abfe/mol44/rec_final_18,5.531495250541639,12.520071428571427,1.2096365690231323,5.032816595044951,
mol45,rec_final_20,-24.621,2.652,output/abfe/mol45/rec_final_20/output/overall_stats.dat,input/poses/rec_20_mol45.sdf,output/abfe/mol45,output/abfe/mol45/rec_final_20,1.9915887135651276,-9.910666666666664,1.6097402572631836,2.264466003875472,
mol45,rec_final_19,-23.897,3.69,output/abfe/mol45/rec_final_19/output/overall_stats.dat,input/poses/rec_19_mol45.sdf,output/abfe/mol45,output/abfe/mol45/rec_final_19,2.169028520789895,-9.186666666666664,1.039078712463379,2.3839776602350575,
mol45,rec_final_14,-22.909,1.953,output/abfe/mol45/rec_final_14/output/overall_stats.dat,input/poses/rec_14_mol45.sdf,output/abfe/mol45,output/abfe/mol45/rec_final_14,2.192766904034392,-8.198666666666664,1.3809901475906372,2.318509914886284,
mol45,rec_final_16,-19.81,3.522,output/abfe/mol45/rec_final_16/output/overall_stats.dat,input/poses/rec_16_mol45.sdf,output/abfe/mol45,output/abfe/mol45/rec_final_16,2.1316890294519304,-5.099666666666664,1.1904797554016113,1.9342169241093163,
mol45,rec_final_1,-19.164,1.483,output/abfe/mol45/rec_final_1/output/overall_stats.dat,input/poses/rec_1_mol45.sdf,output/abfe/mol45,output/abfe/mol45/rec_final_1,1.3139647999199109,-4.453666666666667,1.377743124961853,1.0916978628272467,
mol45,rec_final_15,-17.757,3.629,output/abfe/mol45/rec_final_15/output/overall_stats.dat,input/poses/rec_15_mol45.sdf,output/abfe/mol45,output/abfe/mol45/rec_final_15,1.3025797561542467,-3.046666666666667,1.9738012552261353,2.110752023017569,
mol45,rec_final_5,-16.532,2.585,output/abfe/mol45/rec_final_5/output/overall_stats.dat,input/poses/rec_5_mol45.sdf,output/abfe/mol45,output/abfe/mol45/rec_final_5,5.608466726910051,-1.8216666666666654,1.3554465770721436,5.362291722188303,
mol45,rec_final_6,-16.061,1.903,output/abfe/mol45/rec_final_6/output/overall_stats.dat,input/poses/rec_6_mol45.sdf,output/abfe/mol45,output/abfe/mol45/rec_final_6,5.608505536466148,-1.3506666666666653,1.1796749830245972,5.461172408552454,
mol45,rec_final_4,-11.265,4.438,output/abfe/mol45/rec_final_4/output/overall_stats.dat,input/poses/rec_4_mol45.sdf,output/abfe/mol45,output/abfe/mol45/rec_final_4,5.527217711186808,3.445333333333334,1.3945938348770142,5.129246668150274,
mol45,rec_final_12,-10.439,3.922,output/abfe/mol45/rec_final_12/output/overall_stats.dat,input/poses/rec_12_mol45.sdf,output/abfe/mol45,output/abfe/mol45/rec_final_12,5.619538853322397,4.2713333333333345,2.7434749603271484,5.460505364470181,
mol45,rec_final_9,-9.708,2.262,output/abfe/mol45/rec_final_9/output/overall_stats.dat,input/poses/rec_9_mol45.sdf,output/abfe/mol45,output/abfe/mol45/rec_final_9,5.561579903331684,5.002333333333334,1.3414134979248047,5.317261391420837,
mol45,rec_final_2,-8.127,3.332,output/abfe/mol45/rec_final_2/output/overall_stats.dat,input/poses/rec_2_mol45.sdf,output/abfe/mol45,output/abfe/mol45/rec_final_2,5.583150577381403,6.583333333333334,1.7061429023742676,5.761005261658065,
mol45,rec_final_18,-7.184,1.801,output/abfe/mol45/rec_final_18/output/overall_stats.dat,input/poses/rec_18_mol45.sdf,output/abfe/mol45,output/abfe/mol45/rec_final_18,5.601043313883584,7.526333333333334,1.1978458166122437,5.804702800995328,
mol45,rec_final_7,-7.025,1.541,output/abfe/mol45/rec_final_7/output/overall_stats.dat,input/poses/rec_7_mol45.sdf,output/abfe/mol45,output/abfe/mol45/rec_final_7,5.55804951281087,7.685333333333334,1.5682294368743896,5.931570655107625,
mol45,rec_final_11,-6.156,1.001,output/abfe/mol45/rec_final_11/output/overall_stats.dat,input/poses/rec_11_mol45.sdf,output/abfe/mol45,output/abfe/mol45/rec_final_11,5.517327446560647,8.554333333333336,1.4130405187606812,5.001562914953631,
mol7,rec_final_19,-14.75,2.638,output/abfe/mol7/rec_final_19/output/overall_stats.dat,input/poses/rec_19_mol7.sdf,output/abfe/mol7,output/abfe/mol7/rec_final_19,2.3607375175656666,-6.563733333333333,1.874177098274231,1.3268667861726788,
mol7,rec_final_14,-13.231,1.572,output/abfe/mol7/rec_final_14/output/overall_stats.dat,input/poses/rec_14_mol7.sdf,output/abfe/mol7,output/abfe/mol7/rec_final_14,3.738882893325224,-5.044733333333333,2.1107609272003174,4.482297992847754,
mol7,rec_final_15,-11.523,2.037,output/abfe/mol7/rec_final_15/output/overall_stats.dat,input/poses/rec_15_mol7.sdf,output/abfe/mol7,output/abfe/mol7/rec_final_15,3.8796240926829904,-3.336733333333333,1.3258947134017944,3.954170208229285,
mol7,rec_final_13,-10.566,1.679,output/abfe/mol7/rec_final_13/output/overall_stats.dat,input/poses/rec_13_mol7.sdf,output/abfe/mol7,output/abfe/mol7/rec_final_13,3.0830001426327707,-2.379733333333334,1.2524031400680542,3.24128396783307,
mol7,rec_final_4,-9.549,1.613,output/abfe/mol7/rec_final_4/output/overall_stats.dat,input/poses/rec_4_mol7.sdf,output/abfe/mol7,output/abfe/mol7/rec_final_4,0.9927942732245022,-1.362733333333333,0.7227116823196411,1.2248835656747936,
mol7,rec_final_20,-9.526,1.693,output/abfe/mol7/rec_final_20/output/overall_stats.dat,input/poses/rec_20_mol7.sdf,output/abfe/mol7,output/abfe/mol7/rec_final_20,2.3604878098660698,-1.3397333333333332,0.9956331849098206,1.886724620105215,
mol7,rec_final_5,-9.406,0.817,output/abfe/mol7/rec_final_5/output/overall_stats.dat,input/poses/rec_5_mol7.sdf,output/abfe/mol7,output/abfe/mol7/rec_final_5,1.1180614593313307,-1.219733333333334,1.1453310251235962,1.4363614455825342,
mol7,rec_final_6,-9.332,0.944,output/abfe/mol7/rec_final_6/output/overall_stats.dat,input/poses/rec_6_mol7.sdf,output/abfe/mol7,output/abfe/mol7/rec_final_6,1.0434215555716582,-1.1457333333333342,0.7479844093322754,0.6437477145891369,
mol7,rec_final_9,-8.319,1.824,output/abfe/mol7/rec_final_9/output/overall_stats.dat,input/poses/rec_9_mol7.sdf,output/abfe/mol7,output/abfe/mol7/rec_final_9,2.86489250381599,-0.13273333333333426,2.246013879776001,2.243314741005573,
mol7,rec_final_16,-6.528,1.99,output/abfe/mol7/rec_final_16/output/overall_stats.dat,input/poses/rec_16_mol7.sdf,output/abfe/mol7,output/abfe/mol7/rec_final_16,2.358571526982961,1.658266666666667,2.0753471851348877,1.2602816397382361,
mol7,rec_final_11,-5.91,1.101,output/abfe/mol7/rec_final_11/output/overall_stats.dat,input/poses/rec_11_mol7.sdf,output/abfe/mol7,output/abfe/mol7/rec_final_11,2.864245763768039,2.2762666666666664,1.728885293006897,2.1403670718274044,
mol7,rec_final_18,-5.786,3.407,output/abfe/mol7/rec_final_18/output/overall_stats.dat,input/poses/rec_18_mol7.sdf,output/abfe/mol7,output/abfe/mol7/rec_final_18,1.1178063552756965,2.400266666666667,1.933739423751831,2.2281345816352043,
mol7,rec_final_7,-3.725,2.466,output/abfe/mol7/rec_final_7/output/overall_stats.dat,input/poses/rec_7_mol7.sdf,output/abfe/mol7,output/abfe/mol7/rec_final_7,2.9356029803808705,4.461266666666667,1.290488839149475,2.649899229781356,
mol7,rec_final_2,-2.529,2.798,output/abfe/mol7/rec_final_2/output/overall_stats.dat,input/poses/rec_2_mol7.sdf,output/abfe/mol7,output/abfe/mol7/rec_final_2,3.738828250936381,5.657266666666667,2.609088659286499,3.0000927692726305,
mol7,rec_final_12,-2.114,4.222,output/abfe/mol7/rec_final_12/output/overall_stats.dat,input/poses/rec_12_mol7.sdf,output/abfe/mol7,output/abfe/mol7/rec_final_12,3.9658206405683414,6.072266666666667,3.380011796951294,6.473536690014756,
mol9,rec_final_4,-22.23,3.145,output/abfe/mol9/rec_final_4/output/overall_stats.dat,input/poses/rec_4_mol9.sdf,output/abfe/mol9,output/abfe/mol9/rec_final_4,0.749599458377606,-5.105642857142858,1.3961132764816284,1.014091954380631,
mol9,rec_final_6,-20.979,5.31,output/abfe/mol9/rec_final_6/output/overall_stats.dat,input/poses/rec_6_mol9.sdf,output/abfe/mol9,output/abfe/mol9/rec_final_6,6.332480170810982,-3.8546428571428564,2.2679502964019775,7.514787637014771,
mol9,rec_final_19,-20.088,2.854,output/abfe/mol9/rec_final_19/output/overall_stats.dat,input/poses/rec_19_mol9.sdf,output/abfe/mol9,output/abfe/mol9/rec_final_19,2.3395685742705394,-2.963642857142858,1.7617275714874268,2.107139083978038,
mol9,rec_final_1,-19.673,1.904,output/abfe/mol9/rec_final_1/output/overall_stats.dat,input/poses/rec_1_mol9.sdf,output/abfe/mol9,output/abfe/mol9/rec_final_1,6.736414283960188,-2.5486428571428554,2.2148678302764893,7.391011092142011,
mol9,rec_final_11,-18.642,16.132,output/abfe/mol9/rec_final_11/output/overall_stats.dat,input/poses/rec_11_mol9.sdf,output/abfe/mol9,output/abfe/mol9/rec_final_11,6.644445899245473,-1.5176428571428566,1.7853763103485107,6.967009529842709,
mol9,rec_final_20,-17.824,4.03,output/abfe/mol9/rec_final_20/output/overall_stats.dat,input/poses/rec_20_mol9.sdf,output/abfe/mol9,output/abfe/mol9/rec_final_20,2.3709061292498035,-0.6996428571428588,2.0621702671051025,2.6208296640989035,
mol9,rec_final_2,-16.997,2.095,output/abfe/mol9/rec_final_2/output/overall_stats.dat,input/poses/rec_2_mol9.sdf,output/abfe/mol9,output/abfe/mol9/rec_final_2,0.7111466029287795,0.12735714285714295,1.2997950315475464,1.1206810538558898,
mol9,rec_final_16,-16.698,2.595,output/abfe/mol9/rec_final_16/output/overall_stats.dat,input/poses/rec_16_mol9.sdf,output/abfe/mol9,output/abfe/mol9/rec_final_16,2.668887902051018,0.42635714285714243,1.6997147798538208,2.7934717341103217,
mol9,rec_final_14,-15.534,4.469,output/abfe/mol9/rec_final_14/output/overall_stats.dat,input/poses/rec_14_mol9.sdf,output/abfe/mol9,output/abfe/mol9/rec_final_14,2.875357249754243,1.5903571428571421,1.462910532951355,2.7759916448852104,
mol9,rec_final_7,-15.17,4.732,output/abfe/mol9/rec_final_7/output/overall_stats.dat,input/poses/rec_7_mol9.sdf,output/abfe/mol9,output/abfe/mol9/rec_final_7,2.9932364165135463,1.954357142857143,2.8957042694091797,2.536529451933114,
mol9,rec_final_5,-14.872,3.419,output/abfe/mol9/rec_final_5/output/overall_stats.dat,input/poses/rec_5_mol9.sdf,output/abfe/mol9,output/abfe/mol9/rec_final_5,0.7274497602682165,2.252357142857143,2.6504170894622803,2.75620549252812,
mol9,rec_final_18,-14.15,4.512,output/abfe/mol9/rec_final_18/output/overall_stats.dat,input/poses/rec_18_mol9.sdf,output/abfe/mol9,output/abfe/mol9/rec_final_18,6.656067735275192,2.9743571428571425,2.290835380554199,7.609580550789892,
mol9,rec_final_15,-13.642,3.177,output/abfe/mol9/rec_final_15/output/overall_stats.dat,input/poses/rec_15_mol9.sdf,output/abfe/mol9,output/abfe/mol9/rec_final_15,0.7384642438389091,3.4823571428571434,1.4628652334213257,1.3017321025072854,
mol9,rec_final_12,-13.242,6.449,output/abfe/mol9/rec_final_12/output/overall_stats.dat,input/poses/rec_12_mol9.sdf,output/abfe/mol9,output/abfe/mol9/rec_final_12,0.9280524304770102,3.882357142857142,2.811640501022339,2.800154032563709,
