residue,label,dataset,rmsd
25,M25,ApoDock,1.5147847
25,M25,ApoDock,1.1290514
25,M25,ApoDock,1.1226397
25,M25,ApoDock,1.2128937
25,M25,ApoDock,1.2292794
25,M25,ApoDock,1.2465407
25,M25,ApoDock,0.931427
25,M25,ApoDock,1.0740826
25,M25,ApoDock,0.7920858
25,M25,ApoDock,1.129204
25,M25,ApoDock,1.020409
25,M25,ApoDock,1.0716879
25,M25,ApoDock,1.0360029
25,M25,ApoDock,0.893179
25,M25,ApoDock,0.9482617
25,M25,ApoDock,1.0128644
25,M25,ApoDock,1.2670132
25,M25,ApoDock,1.2182765
25,M25,ApoDock,0.77087146
25,M25,ApoDock,0.9633237
25,M25,Experimental,0.85492885
25,M25,Experimental,0.45343745
25,M25,Experimental,0.77090096
25,M25,Experimental,0.4127979
25,M25,Experimental,0.4845511
25,M25,Experimental,0.93841344
25,M25,Experimental,0.63052726
25,M25,Experimental,0.64636123
25,M25,Experimental,0.4200401
25,M25,Experimental,0.8819222
25,M25,Experimental,0.7870718
25,M25,Experimental,1.5457587
25,M25,Experimental,0.6358914
25,M25,Experimental,0.59171736
25,M25,Experimental,0.77466637
25,M25,Experimental,0.6245412
25,M25,Experimental,0.76004356
25,M25,Experimental,0.85175526
25,M25,Experimental,0.5724919
25,M25,Experimental,0.9737124
25,M25,Experimental,0.75420505
25,M25,Experimental,0.7604312
25,M25,Experimental,0.8028062
25,M25,Experimental,0.87777287
25,M25,Experimental,0.7944863
25,M25,Experimental,1.1439952
25,M25,Experimental,0.0
25,M25,Experimental,0.9940777
25,M25,Experimental,0.6895874
25,M25,Experimental,0.44589946
25,M25,Experimental,0.42375806
25,M25,Experimental,0.45212808
25,M25,Experimental,0.78899944
25,M25,Experimental,0.4492243
25,M25,Experimental,0.5030103
25,M25,Experimental,0.8752594
25,M25,Experimental,0.596697
25,M25,Experimental,0.47291464
25,M25,Experimental,0.42673796
25,M25,Experimental,0.35404727
25,M25,Experimental,0.42746696
25,M25,Experimental,0.47619092
25,M25,Experimental,0.8401027
25,M25,Experimental,0.733406
25,M25,Experimental,0.5580964
25,M25,Experimental,0.65710497
25,M25,Experimental,0.25861207
25,M25,Experimental,0.7090605
25,M25,Experimental,0.3301352
25,M25,Experimental,0.68551636
25,M25,Experimental,0.5932138
25,M25,Experimental,0.78238285
25,M25,Experimental,0.911339
25,M25,Experimental,0.6425934
25,M25,Experimental,0.3241712
25,M25,Experimental,0.6649509
25,M25,Experimental,0.42382678
25,M25,Experimental,0.9919073
25,M25,Experimental,1.180855
25,M25,Experimental,1.9091629
25,M25,Experimental,0.55300546
25,M25,Experimental,0.5832136
25,M25,Experimental,0.66565245
25,M25,Experimental,0.775185
25,M25,Experimental,0.6315618
25,M25,Experimental,0.7097688
25,M25,Experimental,0.63328207
25,M25,Experimental,0.3602927
25,M25,Experimental,0.7984114
25,M25,Experimental,0.7718163
25,M25,Experimental,0.7451455
25,M25,Experimental,0.7748841
25,M25,Experimental,0.30638763
25,M25,Experimental,0.45855278
25,M25,Experimental,0.82866764
25,M25,Experimental,0.79026026
25,M25,Experimental,0.77972746
25,M25,Experimental,0.9568508
25,M25,Experimental,0.92884207
25,M25,Experimental,0.69033957
25,M25,Experimental,0.8308887
25,M25,Experimental,0.7942407
25,M25,Experimental,0.6790189
25,M25,Experimental,0.74204516
25,M25,Experimental,1.2502785
25,M25,Experimental,1.0490998
25,M25,Experimental,0.6220405
25,M25,Experimental,0.5531781
25,M25,Experimental,0.78043467
25,M25,Experimental,0.5678956
25,M25,Experimental,0.8605472
25,M25,Experimental,1.2067369
25,M25,Experimental,1.6287242
25,M25,Experimental,1.1303717
25,M25,Experimental,1.1489067
25,M25,Experimental,0.48878708
25,M25,Experimental,0.680273
49,L49,ApoDock,1.3643705
49,L49,ApoDock,1.4328494
49,L49,ApoDock,1.3737634
49,L49,ApoDock,1.3712956
49,L49,ApoDock,1.4834212
49,L49,ApoDock,1.3922812
49,L49,ApoDock,0.9723514
49,L49,ApoDock,1.3691546
49,L49,ApoDock,1.4340264
49,L49,ApoDock,1.4337941
49,L49,ApoDock,1.0784086
49,L49,ApoDock,1.4045576
49,L49,ApoDock,1.3294506
49,L49,ApoDock,1.4824038
49,L49,ApoDock,1.3905253
49,L49,ApoDock,1.450206
49,L49,ApoDock,1.3571792
49,L49,ApoDock,1.3794312
49,L49,ApoDock,1.4634593
49,L49,ApoDock,1.4492159
49,L49,Experimental,2.1856418
49,L49,Experimental,1.7870543
49,L49,Experimental,2.359992
49,L49,Experimental,2.3697963
49,L49,Experimental,2.3938622
49,L49,Experimental,2.0860345
49,L49,Experimental,1.7110305
49,L49,Experimental,2.1558995
49,L49,Experimental,1.9112556
49,L49,Experimental,2.264561
49,L49,Experimental,2.038202
49,L49,Experimental,1.9691963
49,L49,Experimental,1.7298207
49,L49,Experimental,1.1947175
49,L49,Experimental,2.6626983
49,L49,Experimental,2.4230678
49,L49,Experimental,1.8783394
49,L49,Experimental,2.268114
49,L49,Experimental,1.271281
49,L49,Experimental,2.511991
49,L49,Experimental,1.8439404
49,L49,Experimental,2.4397826
49,L49,Experimental,2.18898
49,L49,Experimental,2.038844
49,L49,Experimental,2.18598
49,L49,Experimental,1.7836635
49,L49,Experimental,0.0
49,L49,Experimental,1.9985131
49,L49,Experimental,0.9368321
49,L49,Experimental,2.4233806
49,L49,Experimental,1.6702495
49,L49,Experimental,1.7952527
49,L49,Experimental,2.0156264
49,L49,Experimental,1.8590624
49,L49,Experimental,2.4637454
49,L49,Experimental,1.7819117
49,L49,Experimental,2.3874447
49,L49,Experimental,1.9620194
49,L49,Experimental,2.4686909
49,L49,Experimental,1.911517
49,L49,Experimental,1.9719628
49,L49,Experimental,2.386281
49,L49,Experimental,2.1714354
49,L49,Experimental,2.2539964
49,L49,Experimental,1.8647614
49,L49,Experimental,1.9443393
49,L49,Experimental,1.5353003
49,L49,Experimental,2.3808079
49,L49,Experimental,1.8267756
49,L49,Experimental,2.3830106
49,L49,Experimental,2.252168
49,L49,Experimental,2.3708684
49,L49,Experimental,2.1811802
49,L49,Experimental,2.4762337
49,L49,Experimental,2.0801728
49,L49,Experimental,2.1913087
49,L49,Experimental,1.8584092
49,L49,Experimental,1.8772571
49,L49,Experimental,2.4056435
49,L49,Experimental,2.1223502
49,L49,Experimental,2.153331
49,L49,Experimental,2.3939836
49,L49,Experimental,2.6733665
49,L49,Experimental,2.4304159
49,L49,Experimental,2.501808
49,L49,Experimental,2.1572735
49,L49,Experimental,1.8454225
49,L49,Experimental,0.9532052
49,L49,Experimental,1.9582585
49,L49,Experimental,1.8765671
49,L49,Experimental,2.3327367
49,L49,Experimental,2.2487042
49,L49,Experimental,1.7058696
49,L49,Experimental,2.2787127
49,L49,Experimental,2.419802
49,L49,Experimental,1.8805432
49,L49,Experimental,2.3799677
49,L49,Experimental,1.629933
49,L49,Experimental,1.8544564
49,L49,Experimental,2.0345583
49,L49,Experimental,2.1816876
49,L49,Experimental,2.3956904
49,L49,Experimental,2.1336312
49,L49,Experimental,2.6345036
49,L49,Experimental,2.301335
49,L49,Experimental,2.4205341
49,L49,Experimental,2.399282
49,L49,Experimental,2.3469858
49,L49,Experimental,1.6710962
49,L49,Experimental,2.091007
49,L49,Experimental,2.554482
49,L49,Experimental,2.190002
49,L49,Experimental,1.8559486
49,L49,Experimental,2.5014286
49,L49,Experimental,1.7528412
49,L49,Experimental,1.7828107
49,L49,Experimental,1.6568961
167,Q167,ApoDock,0.6794132
167,Q167,ApoDock,0.7265845
167,Q167,ApoDock,0.8360218
167,Q167,ApoDock,0.7432018
167,Q167,ApoDock,0.8180913
167,Q167,ApoDock,0.78886074
167,Q167,ApoDock,0.6203376
167,Q167,ApoDock,0.7105795
167,Q167,ApoDock,0.8333177
167,Q167,ApoDock,1.5251606
167,Q167,ApoDock,1.0782577
167,Q167,ApoDock,0.66186136
167,Q167,ApoDock,0.5293366
167,Q167,ApoDock,0.87392193
167,Q167,ApoDock,0.8623289
167,Q167,ApoDock,0.8664539
167,Q167,ApoDock,0.6807514
167,Q167,ApoDock,0.6320549
167,Q167,ApoDock,0.8479519
167,Q167,ApoDock,0.70798415
167,Q167,Experimental,0.20517993
167,Q167,Experimental,0.11421156
167,Q167,Experimental,0.29990605
167,Q167,Experimental,0.24736093
167,Q167,Experimental,0.37447292
167,Q167,Experimental,0.14284122
167,Q167,Experimental,0.23375387
167,Q167,Experimental,0.38522315
167,Q167,Experimental,0.1611113
167,Q167,Experimental,0.16594023
167,Q167,Experimental,0.24537297
167,Q167,Experimental,0.41558212
167,Q167,Experimental,0.22363658
167,Q167,Experimental,0.2206799
167,Q167,Experimental,0.2879005
167,Q167,Experimental,0.21713825
167,Q167,Experimental,0.23534183
167,Q167,Experimental,0.1627553
167,Q167,Experimental,0.2130788
167,Q167,Experimental,0.19743505
167,Q167,Experimental,0.2014787
167,Q167,Experimental,0.20158036
167,Q167,Experimental,0.1923178
167,Q167,Experimental,0.14511892
167,Q167,Experimental,0.11813853
167,Q167,Experimental,0.33074751
167,Q167,Experimental,0.0
167,Q167,Experimental,0.24068277
167,Q167,Experimental,0.2314754
167,Q167,Experimental,0.2547865
167,Q167,Experimental,0.10728627
167,Q167,Experimental,0.18947738
167,Q167,Experimental,0.21440314
167,Q167,Experimental,0.34289595
167,Q167,Experimental,0.121836744
167,Q167,Experimental,0.19945201
167,Q167,Experimental,0.09097143
167,Q167,Experimental,0.22517078
167,Q167,Experimental,0.3212726
167,Q167,Experimental,0.139938
167,Q167,Experimental,0.20803678
167,Q167,Experimental,0.27402198
167,Q167,Experimental,0.20739415
167,Q167,Experimental,0.09351611
167,Q167,Experimental,0.21884699
167,Q167,Experimental,0.14556563
167,Q167,Experimental,0.20830636
167,Q167,Experimental,0.84832996
167,Q167,Experimental,0.20384184
167,Q167,Experimental,0.17715304
167,Q167,Experimental,0.21804792
167,Q167,Experimental,0.41938964
167,Q167,Experimental,0.20215869
167,Q167,Experimental,0.15319236
167,Q167,Experimental,0.04062686
167,Q167,Experimental,0.21509445
167,Q167,Experimental,0.21509032
167,Q167,Experimental,0.21059847
167,Q167,Experimental,0.10707711
167,Q167,Experimental,0.14501972
167,Q167,Experimental,0.18497245
167,Q167,Experimental,0.23874429
167,Q167,Experimental,0.1412164
167,Q167,Experimental,0.20511083
167,Q167,Experimental,0.19660732
167,Q167,Experimental,0.20756273
167,Q167,Experimental,0.13612586
167,Q167,Experimental,0.1069716
167,Q167,Experimental,0.22072265
167,Q167,Experimental,0.2541596
167,Q167,Experimental,0.108420715
167,Q167,Experimental,0.1894386
167,Q167,Experimental,0.16838054
167,Q167,Experimental,0.22547917
167,Q167,Experimental,0.2026735
167,Q167,Experimental,0.1774035
167,Q167,Experimental,0.25277102
167,Q167,Experimental,0.2085481
167,Q167,Experimental,0.38079673
167,Q167,Experimental,0.2909177
167,Q167,Experimental,0.14396358
167,Q167,Experimental,0.23780654
167,Q167,Experimental,0.24759677
167,Q167,Experimental,0.20239452
167,Q167,Experimental,0.18752451
167,Q167,Experimental,0.12406341
167,Q167,Experimental,0.19318543
167,Q167,Experimental,0.23344782
167,Q167,Experimental,0.27492717
167,Q167,Experimental,0.34279817
167,Q167,Experimental,0.477726
167,Q167,Experimental,0.21181376
167,Q167,Experimental,0.35271013
167,Q167,Experimental,0.30615288
167,Q167,Experimental,0.38739792
167,Q167,Experimental,0.15073061
167,Q167,Experimental,0.2630646
168,M168,ApoDock,0.48886946
168,M168,ApoDock,0.5132454
168,M168,ApoDock,0.5471448
168,M168,ApoDock,0.7408417
168,M168,ApoDock,1.1061168
168,M168,ApoDock,0.72902215
168,M168,ApoDock,0.78736204
168,M168,ApoDock,1.51439
168,M168,ApoDock,1.4791971
168,M168,ApoDock,0.6619144
168,M168,ApoDock,0.6198783
168,M168,ApoDock,1.4769524
168,M168,ApoDock,0.6342436
168,M168,ApoDock,0.8252414
168,M168,ApoDock,1.8101941
168,M168,ApoDock,1.7795413
168,M168,ApoDock,0.8480619
168,M168,ApoDock,0.92967325
168,M168,ApoDock,0.6271344
168,M168,ApoDock,1.2069672
168,M168,Experimental,0.34942985
168,M168,Experimental,0.3030561
168,M168,Experimental,0.21021287
168,M168,Experimental,0.35565606
168,M168,Experimental,0.38059336
168,M168,Experimental,0.40452716
168,M168,Experimental,0.36776674
168,M168,Experimental,0.515828
168,M168,Experimental,0.33479077
168,M168,Experimental,0.109020375
168,M168,Experimental,0.29063824
168,M168,Experimental,0.5557294
168,M168,Experimental,0.17922433
168,M168,Experimental,0.37155983
168,M168,Experimental,0.26219934
168,M168,Experimental,0.17603284
168,M168,Experimental,0.50541955
168,M168,Experimental,0.17859454
168,M168,Experimental,0.13858859
168,M168,Experimental,0.83652854
168,M168,Experimental,0.3224563
168,M168,Experimental,0.22124228
168,M168,Experimental,0.15034781
168,M168,Experimental,0.18872774
168,M168,Experimental,0.19221582
168,M168,Experimental,0.32965067
168,M168,Experimental,0.0
168,M168,Experimental,0.3355556
168,M168,Experimental,0.29281688
168,M168,Experimental,0.37318948
168,M168,Experimental,0.17810182
168,M168,Experimental,0.35891
168,M168,Experimental,0.3171471
168,M168,Experimental,0.47170696
168,M168,Experimental,0.34607357
168,M168,Experimental,0.3823112
168,M168,Experimental,0.3569585
168,M168,Experimental,0.43739516
168,M168,Experimental,0.3889451
168,M168,Experimental,0.23226005
168,M168,Experimental,0.27733758
168,M168,Experimental,0.19933029
168,M168,Experimental,0.15514383
168,M168,Experimental,0.096234076
168,M168,Experimental,0.23399644
168,M168,Experimental,0.2035607
168,M168,Experimental,0.30270204
168,M168,Experimental,0.21332373
168,M168,Experimental,0.25281423
168,M168,Experimental,0.42705193
168,M168,Experimental,0.21782999
168,M168,Experimental,0.45867306
168,M168,Experimental,0.2339532
168,M168,Experimental,0.202456
168,M168,Experimental,0.3687016
168,M168,Experimental,0.31899735
168,M168,Experimental,0.34139922
168,M168,Experimental,0.3363871
168,M168,Experimental,0.34460557
168,M168,Experimental,0.21613279
168,M168,Experimental,0.1473416
168,M168,Experimental,0.26856637
168,M168,Experimental,0.17740469
168,M168,Experimental,0.26777315
168,M168,Experimental,0.21126853
168,M168,Experimental,0.16555797
168,M168,Experimental,0.34410626
168,M168,Experimental,0.43462408
168,M168,Experimental,0.17796147
168,M168,Experimental,0.5082489
168,M168,Experimental,0.3547442
168,M168,Experimental,0.26901212
168,M168,Experimental,0.19011538
168,M168,Experimental,0.1779836
168,M168,Experimental,0.29969746
168,M168,Experimental,0.16021867
168,M168,Experimental,0.15206264
168,M168,Experimental,0.28897342
168,M168,Experimental,0.7056614
168,M168,Experimental,0.41127566
168,M168,Experimental,0.14426103
168,M168,Experimental,0.23600985
168,M168,Experimental,0.22545917
168,M168,Experimental,0.21456331
168,M168,Experimental,0.20013866
168,M168,Experimental,0.1664523
168,M168,Experimental,0.20332645
168,M168,Experimental,0.20242094
168,M168,Experimental,0.315313
168,M168,Experimental,0.48644865
168,M168,Experimental,0.524458
168,M168,Experimental,0.1387151
168,M168,Experimental,0.64012206
168,M168,Experimental,0.38471696
168,M168,Experimental,0.5922363
168,M168,Experimental,0.31650516
168,M168,Experimental,0.36872318
192,Q192,ApoDock,1.3674926
192,Q192,ApoDock,1.2943789
192,Q192,ApoDock,1.3781902
192,Q192,ApoDock,1.5024365
192,Q192,ApoDock,1.243783
192,Q192,ApoDock,2.2088835
192,Q192,ApoDock,1.9351937
192,Q192,ApoDock,0.8421141
192,Q192,ApoDock,1.1910651
192,Q192,ApoDock,0.9860535
192,Q192,ApoDock,1.0897197
192,Q192,ApoDock,1.4717326
192,Q192,ApoDock,1.0876994
192,Q192,ApoDock,0.9623597
192,Q192,ApoDock,1.3057661
192,Q192,ApoDock,1.4220294
192,Q192,ApoDock,0.9715079
192,Q192,ApoDock,1.3482512
192,Q192,ApoDock,1.5280783
192,Q192,ApoDock,1.7898265
192,Q192,Experimental,1.2625595
192,Q192,Experimental,1.1567824
192,Q192,Experimental,1.036985
192,Q192,Experimental,0.83897233
192,Q192,Experimental,1.3395289
192,Q192,Experimental,1.0723135
192,Q192,Experimental,1.1334692
192,Q192,Experimental,1.3563565
192,Q192,Experimental,1.1372668
192,Q192,Experimental,0.87969506
192,Q192,Experimental,0.8771638
192,Q192,Experimental,1.193973
192,Q192,Experimental,1.2241855
192,Q192,Experimental,1.1685508
192,Q192,Experimental,1.0854205
192,Q192,Experimental,1.0859685
192,Q192,Experimental,1.5644661
192,Q192,Experimental,1.0373862
192,Q192,Experimental,1.4299325
192,Q192,Experimental,1.0972147
192,Q192,Experimental,1.13528
192,Q192,Experimental,0.9467372
192,Q192,Experimental,1.4597543
192,Q192,Experimental,0.9027083
192,Q192,Experimental,0.919647
192,Q192,Experimental,1.2720726
192,Q192,Experimental,0.0
192,Q192,Experimental,1.1725295
192,Q192,Experimental,1.0600833
192,Q192,Experimental,1.2576221
192,Q192,Experimental,1.0025808
192,Q192,Experimental,1.0704333
192,Q192,Experimental,0.8287531
192,Q192,Experimental,1.2969667
192,Q192,Experimental,1.1143985
192,Q192,Experimental,1.211626
192,Q192,Experimental,1.0941871
192,Q192,Experimental,1.0829825
192,Q192,Experimental,1.2138082
192,Q192,Experimental,1.5326744
192,Q192,Experimental,1.4464254
192,Q192,Experimental,1.0887027
192,Q192,Experimental,0.98196465
192,Q192,Experimental,1.0598841
192,Q192,Experimental,1.567088
192,Q192,Experimental,1.2751479
192,Q192,Experimental,1.598165
192,Q192,Experimental,1.0983511
192,Q192,Experimental,1.1321405
192,Q192,Experimental,1.1073029
192,Q192,Experimental,1.2509184
192,Q192,Experimental,1.2805936
192,Q192,Experimental,1.1799659
192,Q192,Experimental,1.036662
192,Q192,Experimental,1.2390876
192,Q192,Experimental,1.0473535
192,Q192,Experimental,1.3516767
192,Q192,Experimental,1.457739
192,Q192,Experimental,1.1015224
192,Q192,Experimental,1.0450835
192,Q192,Experimental,1.2320675
192,Q192,Experimental,1.0928183
192,Q192,Experimental,1.0305322
192,Q192,Experimental,0.8666879
192,Q192,Experimental,1.1127138
192,Q192,Experimental,0.8228893
192,Q192,Experimental,1.0911136
192,Q192,Experimental,1.0950998
192,Q192,Experimental,1.3182389
192,Q192,Experimental,1.2012419
192,Q192,Experimental,1.1211145
192,Q192,Experimental,1.0964477
192,Q192,Experimental,1.6472017
192,Q192,Experimental,0.82915044
192,Q192,Experimental,1.0854704
192,Q192,Experimental,1.118603
192,Q192,Experimental,0.9586152
192,Q192,Experimental,1.1159755
192,Q192,Experimental,1.0994594
192,Q192,Experimental,1.3173639
192,Q192,Experimental,1.1057916
192,Q192,Experimental,0.9327453
192,Q192,Experimental,0.9593553
192,Q192,Experimental,0.9353098
192,Q192,Experimental,1.1505339
192,Q192,Experimental,0.9947325
192,Q192,Experimental,1.1616211
192,Q192,Experimental,0.9160092
192,Q192,Experimental,1.096469
192,Q192,Experimental,1.2957296
192,Q192,Experimental,1.248927
192,Q192,Experimental,1.1032556
192,Q192,Experimental,1.2792829
192,Q192,Experimental,1.1984556
192,Q192,Experimental,1.2080637
192,Q192,Experimental,1.3315159
192,Q192,Experimental,1.3394318
